f	alphas	sfs	path
1	-0.5129681381030067	nopos	noDemog_0.4_0.2_0.4
2	-0.07611396169908602	nopos	noDemog_0.4_0.2_0.4
3	-0.002052405075272379	nopos	noDemog_0.4_0.2_0.4
4	0.03568989117867272	nopos	noDemog_0.4_0.2_0.4
5	0.05824710123663002	nopos	noDemog_0.4_0.2_0.4
6	0.07452261813016381	nopos	noDemog_0.4_0.2_0.4
7	0.08740163008730151	nopos	noDemog_0.4_0.2_0.4
8	0.10217652869862714	nopos	noDemog_0.4_0.2_0.4
9	0.11055413222628563	nopos	noDemog_0.4_0.2_0.4
10	0.11889905076529539	nopos	noDemog_0.4_0.2_0.4
11	0.12744527439795716	nopos	noDemog_0.4_0.2_0.4
12	0.13211129840329694	nopos	noDemog_0.4_0.2_0.4
13	0.1367092787690921	nopos	noDemog_0.4_0.2_0.4
14	0.14190489793690475	nopos	noDemog_0.4_0.2_0.4
15	0.14532935198681585	nopos	noDemog_0.4_0.2_0.4
16	0.14967959134730002	nopos	noDemog_0.4_0.2_0.4
17	0.15328488542916752	nopos	noDemog_0.4_0.2_0.4
18	0.15771306683673492	nopos	noDemog_0.4_0.2_0.4
19	0.1589899843094118	nopos	noDemog_0.4_0.2_0.4
20	0.159651215022117	nopos	noDemog_0.4_0.2_0.4
21	0.16372487898323262	nopos	noDemog_0.4_0.2_0.4
22	0.1683557031666859	nopos	noDemog_0.4_0.2_0.4
23	0.17274391887918483	nopos	noDemog_0.4_0.2_0.4
24	0.17311214343084358	nopos	noDemog_0.4_0.2_0.4
25	0.17771756461382415	nopos	noDemog_0.4_0.2_0.4
26	0.1782774304941539	nopos	noDemog_0.4_0.2_0.4
27	0.17768029660833795	nopos	noDemog_0.4_0.2_0.4
28	0.17965041838511753	nopos	noDemog_0.4_0.2_0.4
29	0.17995306337169703	nopos	noDemog_0.4_0.2_0.4
30	0.17928433237216224	nopos	noDemog_0.4_0.2_0.4
31	0.18266496321460324	nopos	noDemog_0.4_0.2_0.4
32	0.18563349321672218	nopos	noDemog_0.4_0.2_0.4
33	0.1892913618939971	nopos	noDemog_0.4_0.2_0.4
34	0.19338535478163787	nopos	noDemog_0.4_0.2_0.4
35	0.19597199407129395	nopos	noDemog_0.4_0.2_0.4
36	0.1996353028086768	nopos	noDemog_0.4_0.2_0.4
37	0.20050902627448497	nopos	noDemog_0.4_0.2_0.4
38	0.20127995624463557	nopos	noDemog_0.4_0.2_0.4
39	0.20127277679183941	nopos	noDemog_0.4_0.2_0.4
40	0.20366513034510758	nopos	noDemog_0.4_0.2_0.4
41	0.20725707748496147	nopos	noDemog_0.4_0.2_0.4
42	0.2078180338505583	nopos	noDemog_0.4_0.2_0.4
43	0.20550988198628428	nopos	noDemog_0.4_0.2_0.4
44	0.2067053424636015	nopos	noDemog_0.4_0.2_0.4
45	0.20460438114322954	nopos	noDemog_0.4_0.2_0.4
46	0.20572465172599785	nopos	noDemog_0.4_0.2_0.4
47	0.20559761890121353	nopos	noDemog_0.4_0.2_0.4
48	0.20624362970124277	nopos	noDemog_0.4_0.2_0.4
49	0.2092549191024854	nopos	noDemog_0.4_0.2_0.4
50	0.20851696363801875	nopos	noDemog_0.4_0.2_0.4
51	0.20940726103696816	nopos	noDemog_0.4_0.2_0.4
52	0.20949559368907789	nopos	noDemog_0.4_0.2_0.4
53	0.20760775661856756	nopos	noDemog_0.4_0.2_0.4
54	0.2103044085953809	nopos	noDemog_0.4_0.2_0.4
55	0.20815982156654012	nopos	noDemog_0.4_0.2_0.4
56	0.20905711573783925	nopos	noDemog_0.4_0.2_0.4
57	0.2064546183893109	nopos	noDemog_0.4_0.2_0.4
58	0.20737962045438663	nopos	noDemog_0.4_0.2_0.4
59	0.20781003900800354	nopos	noDemog_0.4_0.2_0.4
60	0.20641794022408755	nopos	noDemog_0.4_0.2_0.4
61	0.20141220712993302	nopos	noDemog_0.4_0.2_0.4
62	0.20063231813757332	nopos	noDemog_0.4_0.2_0.4
63	0.20264809095178093	nopos	noDemog_0.4_0.2_0.4
64	0.20094715865634383	nopos	noDemog_0.4_0.2_0.4
65	0.2054223650025443	nopos	noDemog_0.4_0.2_0.4
66	0.2003221798028021	nopos	noDemog_0.4_0.2_0.4
67	0.20136247687674802	nopos	noDemog_0.4_0.2_0.4
68	0.20462620693436684	nopos	noDemog_0.4_0.2_0.4
69	0.20083298823374074	nopos	noDemog_0.4_0.2_0.4
70	0.2030461137054641	nopos	noDemog_0.4_0.2_0.4
71	0.20314771729145376	nopos	noDemog_0.4_0.2_0.4
72	0.20868918795304203	nopos	noDemog_0.4_0.2_0.4
73	0.21403245794921444	nopos	noDemog_0.4_0.2_0.4
74	0.2169135563452339	nopos	noDemog_0.4_0.2_0.4
75	0.21806526788086	nopos	noDemog_0.4_0.2_0.4
76	0.21838430285181687	nopos	noDemog_0.4_0.2_0.4
77	0.2296098713836573	nopos	noDemog_0.4_0.2_0.4
78	0.2265284178988506	nopos	noDemog_0.4_0.2_0.4
79	0.23201491552101738	nopos	noDemog_0.4_0.2_0.4
80	0.23333528713919016	nopos	noDemog_0.4_0.2_0.4
81	0.23418684427576164	nopos	noDemog_0.4_0.2_0.4
82	0.24680385616622758	nopos	noDemog_0.4_0.2_0.4
83	0.2565690370628242	nopos	noDemog_0.4_0.2_0.4
84	0.2566606734585125	nopos	noDemog_0.4_0.2_0.4
85	0.256230978359165	nopos	noDemog_0.4_0.2_0.4
86	0.24991322621342793	nopos	noDemog_0.4_0.2_0.4
87	0.24338576683007662	nopos	noDemog_0.4_0.2_0.4
88	0.24186913656730868	nopos	noDemog_0.4_0.2_0.4
89	0.2444644946111032	nopos	noDemog_0.4_0.2_0.4
90	0.23650067391965846	nopos	noDemog_0.4_0.2_0.4
91	0.2446460973860104	nopos	noDemog_0.4_0.2_0.4
92	0.23913687581691911	nopos	noDemog_0.4_0.2_0.4
93	0.24315236945686514	nopos	noDemog_0.4_0.2_0.4
94	0.20788765964004774	nopos	noDemog_0.4_0.2_0.4
95	0.2127885153165021	nopos	noDemog_0.4_0.2_0.4
96	0.17716195283969027	nopos	noDemog_0.4_0.2_0.4
97	0.19213935514329594	nopos	noDemog_0.4_0.2_0.4
98	0.2101787326214184	nopos	noDemog_0.4_0.2_0.4
99	0.15948276476571877	nopos	noDemog_0.4_0.2_0.4
100	0.11037208339666593	nopos	noDemog_0.4_0.2_0.4
1	-0.5129681381030067	nopos	noDemog_0.4_0.2_0.4
2	-0.07611396169908602	nopos	noDemog_0.4_0.2_0.4
3	-0.002052405075272379	nopos	noDemog_0.4_0.2_0.4
4	0.03568989117867272	nopos	noDemog_0.4_0.2_0.4
5	0.05824710123663002	nopos	noDemog_0.4_0.2_0.4
6	0.07452261813016381	nopos	noDemog_0.4_0.2_0.4
7	0.08740163008730151	nopos	noDemog_0.4_0.2_0.4
8	0.10217652869862714	nopos	noDemog_0.4_0.2_0.4
9	0.11055413222628563	nopos	noDemog_0.4_0.2_0.4
10	0.11889905076529539	nopos	noDemog_0.4_0.2_0.4
11	0.12744527439795716	nopos	noDemog_0.4_0.2_0.4
12	0.13211129840329694	nopos	noDemog_0.4_0.2_0.4
13	0.1367092787690921	nopos	noDemog_0.4_0.2_0.4
14	0.14190489793690475	nopos	noDemog_0.4_0.2_0.4
15	0.14532935198681585	nopos	noDemog_0.4_0.2_0.4
16	0.14967959134730002	nopos	noDemog_0.4_0.2_0.4
17	0.15328488542916752	nopos	noDemog_0.4_0.2_0.4
18	0.15771306683673492	nopos	noDemog_0.4_0.2_0.4
19	0.1589899843094118	nopos	noDemog_0.4_0.2_0.4
20	0.159651215022117	nopos	noDemog_0.4_0.2_0.4
21	0.16372487898323262	nopos	noDemog_0.4_0.2_0.4
22	0.1683557031666859	nopos	noDemog_0.4_0.2_0.4
23	0.17274391887918483	nopos	noDemog_0.4_0.2_0.4
24	0.17311214343084358	nopos	noDemog_0.4_0.2_0.4
25	0.17771756461382415	nopos	noDemog_0.4_0.2_0.4
26	0.1782774304941539	nopos	noDemog_0.4_0.2_0.4
27	0.17768029660833795	nopos	noDemog_0.4_0.2_0.4
28	0.17965041838511753	nopos	noDemog_0.4_0.2_0.4
29	0.17995306337169703	nopos	noDemog_0.4_0.2_0.4
30	0.17928433237216224	nopos	noDemog_0.4_0.2_0.4
31	0.18266496321460324	nopos	noDemog_0.4_0.2_0.4
32	0.18563349321672218	nopos	noDemog_0.4_0.2_0.4
33	0.1892913618939971	nopos	noDemog_0.4_0.2_0.4
34	0.19338535478163787	nopos	noDemog_0.4_0.2_0.4
35	0.19597199407129395	nopos	noDemog_0.4_0.2_0.4
36	0.1996353028086768	nopos	noDemog_0.4_0.2_0.4
37	0.20050902627448497	nopos	noDemog_0.4_0.2_0.4
38	0.20127995624463557	nopos	noDemog_0.4_0.2_0.4
39	0.20127277679183941	nopos	noDemog_0.4_0.2_0.4
40	0.20366513034510758	nopos	noDemog_0.4_0.2_0.4
41	0.20725707748496147	nopos	noDemog_0.4_0.2_0.4
42	0.2078180338505583	nopos	noDemog_0.4_0.2_0.4
43	0.20550988198628428	nopos	noDemog_0.4_0.2_0.4
44	0.2067053424636015	nopos	noDemog_0.4_0.2_0.4
45	0.20460438114322954	nopos	noDemog_0.4_0.2_0.4
46	0.20572465172599785	nopos	noDemog_0.4_0.2_0.4
47	0.20559761890121353	nopos	noDemog_0.4_0.2_0.4
48	0.20624362970124277	nopos	noDemog_0.4_0.2_0.4
49	0.2092549191024854	nopos	noDemog_0.4_0.2_0.4
50	0.20851696363801875	nopos	noDemog_0.4_0.2_0.4
51	0.20940726103696816	nopos	noDemog_0.4_0.2_0.4
52	0.20949559368907789	nopos	noDemog_0.4_0.2_0.4
53	0.20760775661856756	nopos	noDemog_0.4_0.2_0.4
54	0.2103044085953809	nopos	noDemog_0.4_0.2_0.4
55	0.20815982156654012	nopos	noDemog_0.4_0.2_0.4
56	0.20905711573783925	nopos	noDemog_0.4_0.2_0.4
57	0.2064546183893109	nopos	noDemog_0.4_0.2_0.4
58	0.20737962045438663	nopos	noDemog_0.4_0.2_0.4
59	0.20781003900800354	nopos	noDemog_0.4_0.2_0.4
60	0.20641794022408755	nopos	noDemog_0.4_0.2_0.4
61	0.20141220712993302	nopos	noDemog_0.4_0.2_0.4
62	0.20063231813757332	nopos	noDemog_0.4_0.2_0.4
63	0.20264809095178093	nopos	noDemog_0.4_0.2_0.4
64	0.20094715865634383	nopos	noDemog_0.4_0.2_0.4
65	0.2054223650025443	nopos	noDemog_0.4_0.2_0.4
66	0.2003221798028021	nopos	noDemog_0.4_0.2_0.4
67	0.20136247687674802	nopos	noDemog_0.4_0.2_0.4
68	0.20462620693436684	nopos	noDemog_0.4_0.2_0.4
69	0.20083298823374074	nopos	noDemog_0.4_0.2_0.4
70	0.2030461137054641	nopos	noDemog_0.4_0.2_0.4
71	0.20314771729145376	nopos	noDemog_0.4_0.2_0.4
72	0.20868918795304203	nopos	noDemog_0.4_0.2_0.4
73	0.21403245794921444	nopos	noDemog_0.4_0.2_0.4
74	0.2169135563452339	nopos	noDemog_0.4_0.2_0.4
75	0.21806526788086	nopos	noDemog_0.4_0.2_0.4
76	0.21838430285181687	nopos	noDemog_0.4_0.2_0.4
77	0.2296098713836573	nopos	noDemog_0.4_0.2_0.4
78	0.2265284178988506	nopos	noDemog_0.4_0.2_0.4
79	0.23201491552101738	nopos	noDemog_0.4_0.2_0.4
80	0.23333528713919016	nopos	noDemog_0.4_0.2_0.4
81	0.23418684427576164	nopos	noDemog_0.4_0.2_0.4
82	0.24680385616622758	nopos	noDemog_0.4_0.2_0.4
83	0.2565690370628242	nopos	noDemog_0.4_0.2_0.4
84	0.2566606734585125	nopos	noDemog_0.4_0.2_0.4
85	0.256230978359165	nopos	noDemog_0.4_0.2_0.4
86	0.24991322621342793	nopos	noDemog_0.4_0.2_0.4
87	0.24338576683007662	nopos	noDemog_0.4_0.2_0.4
88	0.24186913656730868	nopos	noDemog_0.4_0.2_0.4
89	0.2444644946111032	nopos	noDemog_0.4_0.2_0.4
90	0.23650067391965846	nopos	noDemog_0.4_0.2_0.4
91	0.2446460973860104	nopos	noDemog_0.4_0.2_0.4
92	0.23913687581691911	nopos	noDemog_0.4_0.2_0.4
93	0.24315236945686514	nopos	noDemog_0.4_0.2_0.4
94	0.20788765964004774	nopos	noDemog_0.4_0.2_0.4
95	0.2127885153165021	nopos	noDemog_0.4_0.2_0.4
96	0.17716195283969027	nopos	noDemog_0.4_0.2_0.4
97	0.19213935514329594	nopos	noDemog_0.4_0.2_0.4
98	0.2101787326214184	nopos	noDemog_0.4_0.2_0.4
99	0.15948276476571877	nopos	noDemog_0.4_0.2_0.4
100	0.11037208339666593	nopos	noDemog_0.4_0.2_0.4
1	-0.5375988892574719	pos	noDemog_0.4_0.2_0.4
2	-0.10460910634840115	pos	noDemog_0.4_0.2_0.4
3	-0.03226406408660609	pos	noDemog_0.4_0.2_0.4
4	0.004267674022942369	pos	noDemog_0.4_0.2_0.4
5	0.025712591425721687	pos	noDemog_0.4_0.2_0.4
6	0.04129144751607783	pos	noDemog_0.4_0.2_0.4
7	0.05333611708247732	pos	noDemog_0.4_0.2_0.4
8	0.06749301387752138	pos	noDemog_0.4_0.2_0.4
9	0.07493643840316755	pos	noDemog_0.4_0.2_0.4
10	0.08242248604692459	pos	noDemog_0.4_0.2_0.4
11	0.09004886592541317	pos	noDemog_0.4_0.2_0.4
12	0.0940041233433766	pos	noDemog_0.4_0.2_0.4
13	0.09801003954149967	pos	noDemog_0.4_0.2_0.4
14	0.10248089272651495	pos	noDemog_0.4_0.2_0.4
15	0.10513378746194202	pos	noDemog_0.4_0.2_0.4
16	0.10888626218016895	pos	noDemog_0.4_0.2_0.4
17	0.11215138382386824	pos	noDemog_0.4_0.2_0.4
18	0.11590736527849321	pos	noDemog_0.4_0.2_0.4
19	0.11665238406572542	pos	noDemog_0.4_0.2_0.4
20	0.11664685544750142	pos	noDemog_0.4_0.2_0.4
21	0.12015781422886485	pos	noDemog_0.4_0.2_0.4
22	0.12418975953064837	pos	noDemog_0.4_0.2_0.4
23	0.1282776005213352	pos	noDemog_0.4_0.2_0.4
24	0.12757274167188037	pos	noDemog_0.4_0.2_0.4
25	0.13198130914821848	pos	noDemog_0.4_0.2_0.4
26	0.13174506218677495	pos	noDemog_0.4_0.2_0.4
27	0.13014623039054696	pos	noDemog_0.4_0.2_0.4
28	0.1312874312104858	pos	noDemog_0.4_0.2_0.4
29	0.1311648688906747	pos	noDemog_0.4_0.2_0.4
30	0.12996864900714233	pos	noDemog_0.4_0.2_0.4
31	0.1327878940923296	pos	noDemog_0.4_0.2_0.4
32	0.13536744210103346	pos	noDemog_0.4_0.2_0.4
33	0.13826286974253432	pos	noDemog_0.4_0.2_0.4
34	0.14191072198241605	pos	noDemog_0.4_0.2_0.4
35	0.1440162104069228	pos	noDemog_0.4_0.2_0.4
36	0.14684810204273702	pos	noDemog_0.4_0.2_0.4
37	0.14716647061862864	pos	noDemog_0.4_0.2_0.4
38	0.14744563898117768	pos	noDemog_0.4_0.2_0.4
39	0.1472889829940841	pos	noDemog_0.4_0.2_0.4
40	0.14858073491459445	pos	noDemog_0.4_0.2_0.4
41	0.15167279290337776	pos	noDemog_0.4_0.2_0.4
42	0.15157281744541817	pos	noDemog_0.4_0.2_0.4
43	0.14914894445779325	pos	noDemog_0.4_0.2_0.4
44	0.15007505348384265	pos	noDemog_0.4_0.2_0.4
45	0.14709128391886617	pos	noDemog_0.4_0.2_0.4
46	0.14730859153863785	pos	noDemog_0.4_0.2_0.4
47	0.1462972798152118	pos	noDemog_0.4_0.2_0.4
48	0.14634246744797885	pos	noDemog_0.4_0.2_0.4
49	0.14872852835671502	pos	noDemog_0.4_0.2_0.4
50	0.14715079545417653	pos	noDemog_0.4_0.2_0.4
51	0.14745674981833434	pos	noDemog_0.4_0.2_0.4
52	0.14660891665064468	pos	noDemog_0.4_0.2_0.4
53	0.14342900848080375	pos	noDemog_0.4_0.2_0.4
54	0.1451824920093544	pos	noDemog_0.4_0.2_0.4
55	0.1419914586385238	pos	noDemog_0.4_0.2_0.4
56	0.14222637985565945	pos	noDemog_0.4_0.2_0.4
57	0.1385125035985474	pos	noDemog_0.4_0.2_0.4
58	0.13911395421665385	pos	noDemog_0.4_0.2_0.4
59	0.13941424785319412	pos	noDemog_0.4_0.2_0.4
60	0.1372345130106677	pos	noDemog_0.4_0.2_0.4
61	0.1312110127189101	pos	noDemog_0.4_0.2_0.4
62	0.13007588499359368	pos	noDemog_0.4_0.2_0.4
63	0.13091595589893357	pos	noDemog_0.4_0.2_0.4
64	0.12853072280754652	pos	noDemog_0.4_0.2_0.4
65	0.13287462394637217	pos	noDemog_0.4_0.2_0.4
66	0.12664505094606238	pos	noDemog_0.4_0.2_0.4
67	0.1266210870564196	pos	noDemog_0.4_0.2_0.4
68	0.1290981370636708	pos	noDemog_0.4_0.2_0.4
69	0.12405333388274253	pos	noDemog_0.4_0.2_0.4
70	0.1257821098138584	pos	noDemog_0.4_0.2_0.4
71	0.12489215789420283	pos	noDemog_0.4_0.2_0.4
72	0.13035701695011725	pos	noDemog_0.4_0.2_0.4
73	0.13490820874947096	pos	noDemog_0.4_0.2_0.4
74	0.13623320614716306	pos	noDemog_0.4_0.2_0.4
75	0.13612931464266065	pos	noDemog_0.4_0.2_0.4
76	0.13451599127487612	pos	noDemog_0.4_0.2_0.4
77	0.145615446239295	pos	noDemog_0.4_0.2_0.4
78	0.14075531355625726	pos	noDemog_0.4_0.2_0.4
79	0.14550746714877238	pos	noDemog_0.4_0.2_0.4
80	0.14379374287325597	pos	noDemog_0.4_0.2_0.4
81	0.14424627854992356	pos	noDemog_0.4_0.2_0.4
82	0.15651926092835333	pos	noDemog_0.4_0.2_0.4
83	0.16596236994465896	pos	noDemog_0.4_0.2_0.4
84	0.1668636186197786	pos	noDemog_0.4_0.2_0.4
85	0.16530113289908288	pos	noDemog_0.4_0.2_0.4
86	0.15790258196227502	pos	noDemog_0.4_0.2_0.4
87	0.1515449013176754	pos	noDemog_0.4_0.2_0.4
88	0.1473356198124951	pos	noDemog_0.4_0.2_0.4
89	0.15311384232293335	pos	noDemog_0.4_0.2_0.4
90	0.14161812685589492	pos	noDemog_0.4_0.2_0.4
91	0.15099700016143758	pos	noDemog_0.4_0.2_0.4
92	0.14602668527761975	pos	noDemog_0.4_0.2_0.4
93	0.15176829022719862	pos	noDemog_0.4_0.2_0.4
94	0.11567434877160154	pos	noDemog_0.4_0.2_0.4
95	0.12241707239986266	pos	noDemog_0.4_0.2_0.4
96	0.08909462191358697	pos	noDemog_0.4_0.2_0.4
97	0.09728931991720513	pos	noDemog_0.4_0.2_0.4
98	0.1217014868221784	pos	noDemog_0.4_0.2_0.4
99	0.06931233339958898	pos	noDemog_0.4_0.2_0.4
100	-0.000831406178750882	pos	noDemog_0.4_0.2_0.4
1	-0.5522260568562991	nopos	noDemog_0.4_0.3_0.4
2	-0.10456543536657192	nopos	noDemog_0.4_0.3_0.4
3	-0.03641214715650509	nopos	noDemog_0.4_0.3_0.4
4	0.0020543584253633895	nopos	noDemog_0.4_0.3_0.4
5	0.025602092583247416	nopos	noDemog_0.4_0.3_0.4
6	0.04332554614446393	nopos	noDemog_0.4_0.3_0.4
7	0.05762091501738875	nopos	noDemog_0.4_0.3_0.4
8	0.07063658190360356	nopos	noDemog_0.4_0.3_0.4
9	0.07936578649788595	nopos	noDemog_0.4_0.3_0.4
10	0.08842334266258722	nopos	noDemog_0.4_0.3_0.4
11	0.09485279076939057	nopos	noDemog_0.4_0.3_0.4
12	0.09988843232112032	nopos	noDemog_0.4_0.3_0.4
13	0.1075624162602602	nopos	noDemog_0.4_0.3_0.4
14	0.11487083467299042	nopos	noDemog_0.4_0.3_0.4
15	0.11932118286696913	nopos	noDemog_0.4_0.3_0.4
16	0.12514405720151733	nopos	noDemog_0.4_0.3_0.4
17	0.12919992209553255	nopos	noDemog_0.4_0.3_0.4
18	0.1339219073188309	nopos	noDemog_0.4_0.3_0.4
19	0.136218778855545	nopos	noDemog_0.4_0.3_0.4
20	0.14225684366827218	nopos	noDemog_0.4_0.3_0.4
21	0.14515277070929444	nopos	noDemog_0.4_0.3_0.4
22	0.14942096096614055	nopos	noDemog_0.4_0.3_0.4
23	0.1521619431687241	nopos	noDemog_0.4_0.3_0.4
24	0.1523607032093265	nopos	noDemog_0.4_0.3_0.4
25	0.15472424724928913	nopos	noDemog_0.4_0.3_0.4
26	0.1592245594183268	nopos	noDemog_0.4_0.3_0.4
27	0.15987034154976976	nopos	noDemog_0.4_0.3_0.4
28	0.16097779299647397	nopos	noDemog_0.4_0.3_0.4
29	0.16425452219097214	nopos	noDemog_0.4_0.3_0.4
30	0.1648821747487157	nopos	noDemog_0.4_0.3_0.4
31	0.16443637861478155	nopos	noDemog_0.4_0.3_0.4
32	0.16663790903350328	nopos	noDemog_0.4_0.3_0.4
33	0.16887081265279502	nopos	noDemog_0.4_0.3_0.4
34	0.169550288466068	nopos	noDemog_0.4_0.3_0.4
35	0.1724297718984401	nopos	noDemog_0.4_0.3_0.4
36	0.17418835272676325	nopos	noDemog_0.4_0.3_0.4
37	0.17501010518428928	nopos	noDemog_0.4_0.3_0.4
38	0.18015794962471376	nopos	noDemog_0.4_0.3_0.4
39	0.1805259742684464	nopos	noDemog_0.4_0.3_0.4
40	0.18368060528070873	nopos	noDemog_0.4_0.3_0.4
41	0.18426906558094303	nopos	noDemog_0.4_0.3_0.4
42	0.18441899980839194	nopos	noDemog_0.4_0.3_0.4
43	0.18359693894030538	nopos	noDemog_0.4_0.3_0.4
44	0.1854114628108421	nopos	noDemog_0.4_0.3_0.4
45	0.1857962726049991	nopos	noDemog_0.4_0.3_0.4
46	0.18584941111305409	nopos	noDemog_0.4_0.3_0.4
47	0.18818016814878746	nopos	noDemog_0.4_0.3_0.4
48	0.19078358028110154	nopos	noDemog_0.4_0.3_0.4
49	0.19032256412211124	nopos	noDemog_0.4_0.3_0.4
50	0.19284956623044291	nopos	noDemog_0.4_0.3_0.4
51	0.19390136647441747	nopos	noDemog_0.4_0.3_0.4
52	0.1937168292652397	nopos	noDemog_0.4_0.3_0.4
53	0.19439225857075704	nopos	noDemog_0.4_0.3_0.4
54	0.19441739612339115	nopos	noDemog_0.4_0.3_0.4
55	0.19576901312175188	nopos	noDemog_0.4_0.3_0.4
56	0.19777400704208792	nopos	noDemog_0.4_0.3_0.4
57	0.19446764255948046	nopos	noDemog_0.4_0.3_0.4
58	0.19827672019491194	nopos	noDemog_0.4_0.3_0.4
59	0.2004181879752629	nopos	noDemog_0.4_0.3_0.4
60	0.20001803548502683	nopos	noDemog_0.4_0.3_0.4
61	0.20006820361065747	nopos	noDemog_0.4_0.3_0.4
62	0.19716884452865013	nopos	noDemog_0.4_0.3_0.4
63	0.19923709136069712	nopos	noDemog_0.4_0.3_0.4
64	0.197352236831424	nopos	noDemog_0.4_0.3_0.4
65	0.20192512130590312	nopos	noDemog_0.4_0.3_0.4
66	0.20014489751036169	nopos	noDemog_0.4_0.3_0.4
67	0.19797464693608546	nopos	noDemog_0.4_0.3_0.4
68	0.20376049840705868	nopos	noDemog_0.4_0.3_0.4
69	0.20207476459486207	nopos	noDemog_0.4_0.3_0.4
70	0.20192820100948394	nopos	noDemog_0.4_0.3_0.4
71	0.20443758699345194	nopos	noDemog_0.4_0.3_0.4
72	0.2066068142698153	nopos	noDemog_0.4_0.3_0.4
73	0.2064906512850817	nopos	noDemog_0.4_0.3_0.4
74	0.20723006574416503	nopos	noDemog_0.4_0.3_0.4
75	0.2125097964619851	nopos	noDemog_0.4_0.3_0.4
76	0.21232157697326337	nopos	noDemog_0.4_0.3_0.4
77	0.2093656851572373	nopos	noDemog_0.4_0.3_0.4
78	0.2076352625389405	nopos	noDemog_0.4_0.3_0.4
79	0.2057863435749836	nopos	noDemog_0.4_0.3_0.4
80	0.20899327144322744	nopos	noDemog_0.4_0.3_0.4
81	0.21161412175371497	nopos	noDemog_0.4_0.3_0.4
82	0.20493281354818693	nopos	noDemog_0.4_0.3_0.4
83	0.19960131359843747	nopos	noDemog_0.4_0.3_0.4
84	0.19062856164004605	nopos	noDemog_0.4_0.3_0.4
85	0.19634077539082617	nopos	noDemog_0.4_0.3_0.4
86	0.19803854597610882	nopos	noDemog_0.4_0.3_0.4
87	0.1836877305268313	nopos	noDemog_0.4_0.3_0.4
88	0.17377508676827425	nopos	noDemog_0.4_0.3_0.4
89	0.1788648645578016	nopos	noDemog_0.4_0.3_0.4
90	0.16551995870476421	nopos	noDemog_0.4_0.3_0.4
91	0.17289137483884653	nopos	noDemog_0.4_0.3_0.4
92	0.16785482308860478	nopos	noDemog_0.4_0.3_0.4
93	0.1792638347863783	nopos	noDemog_0.4_0.3_0.4
94	0.1799234933648427	nopos	noDemog_0.4_0.3_0.4
95	0.17851034666695764	nopos	noDemog_0.4_0.3_0.4
96	0.19379613970713705	nopos	noDemog_0.4_0.3_0.4
97	0.21363938415638728	nopos	noDemog_0.4_0.3_0.4
98	0.15207334350196455	nopos	noDemog_0.4_0.3_0.4
99	0.18225680176061532	nopos	noDemog_0.4_0.3_0.4
100	0.18442916687833744	nopos	noDemog_0.4_0.3_0.4
1	-0.5522260568562991	nopos	noDemog_0.4_0.3_0.4
2	-0.10456543536657192	nopos	noDemog_0.4_0.3_0.4
3	-0.03641214715650509	nopos	noDemog_0.4_0.3_0.4
4	0.0020543584253633895	nopos	noDemog_0.4_0.3_0.4
5	0.025602092583247416	nopos	noDemog_0.4_0.3_0.4
6	0.04332554614446393	nopos	noDemog_0.4_0.3_0.4
7	0.05762091501738875	nopos	noDemog_0.4_0.3_0.4
8	0.07063658190360356	nopos	noDemog_0.4_0.3_0.4
9	0.07936578649788595	nopos	noDemog_0.4_0.3_0.4
10	0.08842334266258722	nopos	noDemog_0.4_0.3_0.4
11	0.09485279076939057	nopos	noDemog_0.4_0.3_0.4
12	0.09988843232112032	nopos	noDemog_0.4_0.3_0.4
13	0.1075624162602602	nopos	noDemog_0.4_0.3_0.4
14	0.11487083467299042	nopos	noDemog_0.4_0.3_0.4
15	0.11932118286696913	nopos	noDemog_0.4_0.3_0.4
16	0.12514405720151733	nopos	noDemog_0.4_0.3_0.4
17	0.12919992209553255	nopos	noDemog_0.4_0.3_0.4
18	0.1339219073188309	nopos	noDemog_0.4_0.3_0.4
19	0.136218778855545	nopos	noDemog_0.4_0.3_0.4
20	0.14225684366827218	nopos	noDemog_0.4_0.3_0.4
21	0.14515277070929444	nopos	noDemog_0.4_0.3_0.4
22	0.14942096096614055	nopos	noDemog_0.4_0.3_0.4
23	0.1521619431687241	nopos	noDemog_0.4_0.3_0.4
24	0.1523607032093265	nopos	noDemog_0.4_0.3_0.4
25	0.15472424724928913	nopos	noDemog_0.4_0.3_0.4
26	0.1592245594183268	nopos	noDemog_0.4_0.3_0.4
27	0.15987034154976976	nopos	noDemog_0.4_0.3_0.4
28	0.16097779299647397	nopos	noDemog_0.4_0.3_0.4
29	0.16425452219097214	nopos	noDemog_0.4_0.3_0.4
30	0.1648821747487157	nopos	noDemog_0.4_0.3_0.4
31	0.16443637861478155	nopos	noDemog_0.4_0.3_0.4
32	0.16663790903350328	nopos	noDemog_0.4_0.3_0.4
33	0.16887081265279502	nopos	noDemog_0.4_0.3_0.4
34	0.169550288466068	nopos	noDemog_0.4_0.3_0.4
35	0.1724297718984401	nopos	noDemog_0.4_0.3_0.4
36	0.17418835272676325	nopos	noDemog_0.4_0.3_0.4
37	0.17501010518428928	nopos	noDemog_0.4_0.3_0.4
38	0.18015794962471376	nopos	noDemog_0.4_0.3_0.4
39	0.1805259742684464	nopos	noDemog_0.4_0.3_0.4
40	0.18368060528070873	nopos	noDemog_0.4_0.3_0.4
41	0.18426906558094303	nopos	noDemog_0.4_0.3_0.4
42	0.18441899980839194	nopos	noDemog_0.4_0.3_0.4
43	0.18359693894030538	nopos	noDemog_0.4_0.3_0.4
44	0.1854114628108421	nopos	noDemog_0.4_0.3_0.4
45	0.1857962726049991	nopos	noDemog_0.4_0.3_0.4
46	0.18584941111305409	nopos	noDemog_0.4_0.3_0.4
47	0.18818016814878746	nopos	noDemog_0.4_0.3_0.4
48	0.19078358028110154	nopos	noDemog_0.4_0.3_0.4
49	0.19032256412211124	nopos	noDemog_0.4_0.3_0.4
50	0.19284956623044291	nopos	noDemog_0.4_0.3_0.4
51	0.19390136647441747	nopos	noDemog_0.4_0.3_0.4
52	0.1937168292652397	nopos	noDemog_0.4_0.3_0.4
53	0.19439225857075704	nopos	noDemog_0.4_0.3_0.4
54	0.19441739612339115	nopos	noDemog_0.4_0.3_0.4
55	0.19576901312175188	nopos	noDemog_0.4_0.3_0.4
56	0.19777400704208792	nopos	noDemog_0.4_0.3_0.4
57	0.19446764255948046	nopos	noDemog_0.4_0.3_0.4
58	0.19827672019491194	nopos	noDemog_0.4_0.3_0.4
59	0.2004181879752629	nopos	noDemog_0.4_0.3_0.4
60	0.20001803548502683	nopos	noDemog_0.4_0.3_0.4
61	0.20006820361065747	nopos	noDemog_0.4_0.3_0.4
62	0.19716884452865013	nopos	noDemog_0.4_0.3_0.4
63	0.19923709136069712	nopos	noDemog_0.4_0.3_0.4
64	0.197352236831424	nopos	noDemog_0.4_0.3_0.4
65	0.20192512130590312	nopos	noDemog_0.4_0.3_0.4
66	0.20014489751036169	nopos	noDemog_0.4_0.3_0.4
67	0.19797464693608546	nopos	noDemog_0.4_0.3_0.4
68	0.20376049840705868	nopos	noDemog_0.4_0.3_0.4
69	0.20207476459486207	nopos	noDemog_0.4_0.3_0.4
70	0.20192820100948394	nopos	noDemog_0.4_0.3_0.4
71	0.20443758699345194	nopos	noDemog_0.4_0.3_0.4
72	0.2066068142698153	nopos	noDemog_0.4_0.3_0.4
73	0.2064906512850817	nopos	noDemog_0.4_0.3_0.4
74	0.20723006574416503	nopos	noDemog_0.4_0.3_0.4
75	0.2125097964619851	nopos	noDemog_0.4_0.3_0.4
76	0.21232157697326337	nopos	noDemog_0.4_0.3_0.4
77	0.2093656851572373	nopos	noDemog_0.4_0.3_0.4
78	0.2076352625389405	nopos	noDemog_0.4_0.3_0.4
79	0.2057863435749836	nopos	noDemog_0.4_0.3_0.4
80	0.20899327144322744	nopos	noDemog_0.4_0.3_0.4
81	0.21161412175371497	nopos	noDemog_0.4_0.3_0.4
82	0.20493281354818693	nopos	noDemog_0.4_0.3_0.4
83	0.19960131359843747	nopos	noDemog_0.4_0.3_0.4
84	0.19062856164004605	nopos	noDemog_0.4_0.3_0.4
85	0.19634077539082617	nopos	noDemog_0.4_0.3_0.4
86	0.19803854597610882	nopos	noDemog_0.4_0.3_0.4
87	0.1836877305268313	nopos	noDemog_0.4_0.3_0.4
88	0.17377508676827425	nopos	noDemog_0.4_0.3_0.4
89	0.1788648645578016	nopos	noDemog_0.4_0.3_0.4
90	0.16551995870476421	nopos	noDemog_0.4_0.3_0.4
91	0.17289137483884653	nopos	noDemog_0.4_0.3_0.4
92	0.16785482308860478	nopos	noDemog_0.4_0.3_0.4
93	0.1792638347863783	nopos	noDemog_0.4_0.3_0.4
94	0.1799234933648427	nopos	noDemog_0.4_0.3_0.4
95	0.17851034666695764	nopos	noDemog_0.4_0.3_0.4
96	0.19379613970713705	nopos	noDemog_0.4_0.3_0.4
97	0.21363938415638728	nopos	noDemog_0.4_0.3_0.4
98	0.15207334350196455	nopos	noDemog_0.4_0.3_0.4
99	0.18225680176061532	nopos	noDemog_0.4_0.3_0.4
100	0.18442916687833744	nopos	noDemog_0.4_0.3_0.4
1	-0.5886612845875105	pos	noDemog_0.4_0.3_0.4
2	-0.14737170087217666	pos	noDemog_0.4_0.3_0.4
3	-0.08167068082949513	pos	noDemog_0.4_0.3_0.4
4	-0.04478798801589501	pos	noDemog_0.4_0.3_0.4
5	-0.02249710278846795	pos	noDemog_0.4_0.3_0.4
6	-0.005613819564098899	pos	noDemog_0.4_0.3_0.4
7	0.007273809163041434	pos	noDemog_0.4_0.3_0.4
8	0.019428264600987788	pos	noDemog_0.4_0.3_0.4
9	0.02673295522769792	pos	noDemog_0.4_0.3_0.4
10	0.034436605575687174	pos	noDemog_0.4_0.3_0.4
11	0.03979773867868042	pos	noDemog_0.4_0.3_0.4
12	0.04388823853915391	pos	noDemog_0.4_0.3_0.4
13	0.050740547632636246	pos	noDemog_0.4_0.3_0.4
14	0.057327318207758604	pos	noDemog_0.4_0.3_0.4
15	0.06080742475641998	pos	noDemog_0.4_0.3_0.4
16	0.0658013108246418	pos	noDemog_0.4_0.3_0.4
17	0.0692326057889856	pos	noDemog_0.4_0.3_0.4
18	0.07319274783545837	pos	noDemog_0.4_0.3_0.4
19	0.0745531347347802	pos	noDemog_0.4_0.3_0.4
20	0.07976934899849619	pos	noDemog_0.4_0.3_0.4
21	0.08188235596288485	pos	noDemog_0.4_0.3_0.4
22	0.08549214441320774	pos	noDemog_0.4_0.3_0.4
23	0.08696714409326589	pos	noDemog_0.4_0.3_0.4
24	0.08647826557466587	pos	noDemog_0.4_0.3_0.4
25	0.08801640041756675	pos	noDemog_0.4_0.3_0.4
26	0.09177527119030993	pos	noDemog_0.4_0.3_0.4
27	0.09164669774002343	pos	noDemog_0.4_0.3_0.4
28	0.09198509685252365	pos	noDemog_0.4_0.3_0.4
29	0.09453095865288563	pos	noDemog_0.4_0.3_0.4
30	0.09390868475367742	pos	noDemog_0.4_0.3_0.4
31	0.09265256234457375	pos	noDemog_0.4_0.3_0.4
32	0.0941370548661038	pos	noDemog_0.4_0.3_0.4
33	0.09584296911579593	pos	noDemog_0.4_0.3_0.4
34	0.09558310768166922	pos	noDemog_0.4_0.3_0.4
35	0.09754966696876755	pos	noDemog_0.4_0.3_0.4
36	0.09863631622743863	pos	noDemog_0.4_0.3_0.4
37	0.09866678447966926	pos	noDemog_0.4_0.3_0.4
38	0.1026341981598411	pos	noDemog_0.4_0.3_0.4
39	0.10229095402662525	pos	noDemog_0.4_0.3_0.4
40	0.10471840738348026	pos	noDemog_0.4_0.3_0.4
41	0.10472985158371528	pos	noDemog_0.4_0.3_0.4
42	0.10311497486717236	pos	noDemog_0.4_0.3_0.4
43	0.10144945472787936	pos	noDemog_0.4_0.3_0.4
44	0.1021417094218331	pos	noDemog_0.4_0.3_0.4
45	0.10156549180195451	pos	noDemog_0.4_0.3_0.4
46	0.10061252117090624	pos	noDemog_0.4_0.3_0.4
47	0.10220454936161882	pos	noDemog_0.4_0.3_0.4
48	0.10390505902906177	pos	noDemog_0.4_0.3_0.4
49	0.10184366193105265	pos	noDemog_0.4_0.3_0.4
50	0.10332177696546418	pos	noDemog_0.4_0.3_0.4
51	0.10356604035209427	pos	noDemog_0.4_0.3_0.4
52	0.10244696021460131	pos	noDemog_0.4_0.3_0.4
53	0.10200230746507422	pos	noDemog_0.4_0.3_0.4
54	0.10132039557127914	pos	noDemog_0.4_0.3_0.4
55	0.10170058631561107	pos	noDemog_0.4_0.3_0.4
56	0.10254734798376619	pos	noDemog_0.4_0.3_0.4
57	0.09815900589527171	pos	noDemog_0.4_0.3_0.4
58	0.10063853181782179	pos	noDemog_0.4_0.3_0.4
59	0.10125094440765647	pos	noDemog_0.4_0.3_0.4
60	0.09921500253335336	pos	noDemog_0.4_0.3_0.4
61	0.09881928278724728	pos	noDemog_0.4_0.3_0.4
62	0.09401327729351538	pos	noDemog_0.4_0.3_0.4
63	0.09497762127154163	pos	noDemog_0.4_0.3_0.4
64	0.09165317091965519	pos	noDemog_0.4_0.3_0.4
65	0.09612030333993205	pos	noDemog_0.4_0.3_0.4
66	0.09289054747557524	pos	noDemog_0.4_0.3_0.4
67	0.08887737946589891	pos	noDemog_0.4_0.3_0.4
68	0.0933644861480123	pos	noDemog_0.4_0.3_0.4
69	0.09047201204952882	pos	noDemog_0.4_0.3_0.4
70	0.08929494107590863	pos	noDemog_0.4_0.3_0.4
71	0.08913868655772039	pos	noDemog_0.4_0.3_0.4
72	0.09083103948537163	pos	noDemog_0.4_0.3_0.4
73	0.08906821524336239	pos	noDemog_0.4_0.3_0.4
74	0.08854564262425346	pos	noDemog_0.4_0.3_0.4
75	0.09252173480869974	pos	noDemog_0.4_0.3_0.4
76	0.09034813145517784	pos	noDemog_0.4_0.3_0.4
77	0.08563310324316253	pos	noDemog_0.4_0.3_0.4
78	0.08329806659986083	pos	noDemog_0.4_0.3_0.4
79	0.08013144529611815	pos	noDemog_0.4_0.3_0.4
80	0.08274502239391202	pos	noDemog_0.4_0.3_0.4
81	0.08293436577068092	pos	noDemog_0.4_0.3_0.4
82	0.07226329896303763	pos	noDemog_0.4_0.3_0.4
83	0.06698492050757443	pos	noDemog_0.4_0.3_0.4
84	0.05579356989897288	pos	noDemog_0.4_0.3_0.4
85	0.058767156342179994	pos	noDemog_0.4_0.3_0.4
86	0.05799391610033944	pos	noDemog_0.4_0.3_0.4
87	0.03791768240662241	pos	noDemog_0.4_0.3_0.4
88	0.024221022355409794	pos	noDemog_0.4_0.3_0.4
89	0.02821733324928455	pos	noDemog_0.4_0.3_0.4
90	0.007266570887403234	pos	noDemog_0.4_0.3_0.4
91	0.014549957103715205	pos	noDemog_0.4_0.3_0.4
92	0.006631213660940882	pos	noDemog_0.4_0.3_0.4
93	0.008072359207888402	pos	noDemog_0.4_0.3_0.4
94	0.012033814841109658	pos	noDemog_0.4_0.3_0.4
95	0.006871903986335082	pos	noDemog_0.4_0.3_0.4
96	0.024877235645775153	pos	noDemog_0.4_0.3_0.4
97	0.03647513473707542	pos	noDemog_0.4_0.3_0.4
98	-0.02084536040304008	pos	noDemog_0.4_0.3_0.4
99	0.030049126175912377	pos	noDemog_0.4_0.3_0.4
100	-0.0033281472216135644	pos	noDemog_0.4_0.3_0.4
1	-0.1738135170760231	nopos	noDemog_0.4_0.1_0.999
2	0.14278313042241497	nopos	noDemog_0.4_0.1_0.999
3	0.20084926982965412	nopos	noDemog_0.4_0.1_0.999
4	0.22894722790123545	nopos	noDemog_0.4_0.1_0.999
5	0.24905466559099565	nopos	noDemog_0.4_0.1_0.999
6	0.26474405096138354	nopos	noDemog_0.4_0.1_0.999
7	0.27555434524010247	nopos	noDemog_0.4_0.1_0.999
8	0.28490203115970447	nopos	noDemog_0.4_0.1_0.999
9	0.2925786650854737	nopos	noDemog_0.4_0.1_0.999
10	0.2995344936534251	nopos	noDemog_0.4_0.1_0.999
11	0.30735954239448304	nopos	noDemog_0.4_0.1_0.999
12	0.3130882473509662	nopos	noDemog_0.4_0.1_0.999
13	0.31861593418733525	nopos	noDemog_0.4_0.1_0.999
14	0.3231738602777061	nopos	noDemog_0.4_0.1_0.999
15	0.32771287691250206	nopos	noDemog_0.4_0.1_0.999
16	0.33027894815305736	nopos	noDemog_0.4_0.1_0.999
17	0.333005466660129	nopos	noDemog_0.4_0.1_0.999
18	0.3379832638847491	nopos	noDemog_0.4_0.1_0.999
19	0.3421599983768647	nopos	noDemog_0.4_0.1_0.999
20	0.3454626170283319	nopos	noDemog_0.4_0.1_0.999
21	0.3475399565869979	nopos	noDemog_0.4_0.1_0.999
22	0.3492576534502706	nopos	noDemog_0.4_0.1_0.999
23	0.3503597098971013	nopos	noDemog_0.4_0.1_0.999
24	0.3518621220685114	nopos	noDemog_0.4_0.1_0.999
25	0.3521471008585756	nopos	noDemog_0.4_0.1_0.999
26	0.35366731175415445	nopos	noDemog_0.4_0.1_0.999
27	0.3532468824336311	nopos	noDemog_0.4_0.1_0.999
28	0.3540631964417478	nopos	noDemog_0.4_0.1_0.999
29	0.35492498886960533	nopos	noDemog_0.4_0.1_0.999
30	0.3566457606190587	nopos	noDemog_0.4_0.1_0.999
31	0.3562138028573676	nopos	noDemog_0.4_0.1_0.999
32	0.3578722658864064	nopos	noDemog_0.4_0.1_0.999
33	0.3610056225955267	nopos	noDemog_0.4_0.1_0.999
34	0.3633006751283542	nopos	noDemog_0.4_0.1_0.999
35	0.36588153421196523	nopos	noDemog_0.4_0.1_0.999
36	0.36619117933871614	nopos	noDemog_0.4_0.1_0.999
37	0.3663487204626825	nopos	noDemog_0.4_0.1_0.999
38	0.3677586917460056	nopos	noDemog_0.4_0.1_0.999
39	0.37011585945705583	nopos	noDemog_0.4_0.1_0.999
40	0.3732101914526549	nopos	noDemog_0.4_0.1_0.999
41	0.37377664035110536	nopos	noDemog_0.4_0.1_0.999
42	0.374380321721309	nopos	noDemog_0.4_0.1_0.999
43	0.3742463039645214	nopos	noDemog_0.4_0.1_0.999
44	0.3736119788068525	nopos	noDemog_0.4_0.1_0.999
45	0.3732860808100972	nopos	noDemog_0.4_0.1_0.999
46	0.37503455812148456	nopos	noDemog_0.4_0.1_0.999
47	0.37306956586267137	nopos	noDemog_0.4_0.1_0.999
48	0.3739450201662393	nopos	noDemog_0.4_0.1_0.999
49	0.372853283020648	nopos	noDemog_0.4_0.1_0.999
50	0.37243368689975853	nopos	noDemog_0.4_0.1_0.999
51	0.3751857622907623	nopos	noDemog_0.4_0.1_0.999
52	0.37458820353251976	nopos	noDemog_0.4_0.1_0.999
53	0.37398365056629745	nopos	noDemog_0.4_0.1_0.999
54	0.3745903855800131	nopos	noDemog_0.4_0.1_0.999
55	0.37313866445717847	nopos	noDemog_0.4_0.1_0.999
56	0.37250246471780135	nopos	noDemog_0.4_0.1_0.999
57	0.36931364409971323	nopos	noDemog_0.4_0.1_0.999
58	0.37109332536438433	nopos	noDemog_0.4_0.1_0.999
59	0.371690110693897	nopos	noDemog_0.4_0.1_0.999
60	0.37209922110528304	nopos	noDemog_0.4_0.1_0.999
61	0.37227261550616264	nopos	noDemog_0.4_0.1_0.999
62	0.37070556172091573	nopos	noDemog_0.4_0.1_0.999
63	0.3719777632608551	nopos	noDemog_0.4_0.1_0.999
64	0.3698050260882143	nopos	noDemog_0.4_0.1_0.999
65	0.36797779879297576	nopos	noDemog_0.4_0.1_0.999
66	0.3692527339911317	nopos	noDemog_0.4_0.1_0.999
67	0.3714038956812459	nopos	noDemog_0.4_0.1_0.999
68	0.3764465333341437	nopos	noDemog_0.4_0.1_0.999
69	0.37443396052855793	nopos	noDemog_0.4_0.1_0.999
70	0.37452235651458443	nopos	noDemog_0.4_0.1_0.999
71	0.37510860016411507	nopos	noDemog_0.4_0.1_0.999
72	0.3766464081519689	nopos	noDemog_0.4_0.1_0.999
73	0.3757124981408333	nopos	noDemog_0.4_0.1_0.999
74	0.3774886445254334	nopos	noDemog_0.4_0.1_0.999
75	0.37749612713921865	nopos	noDemog_0.4_0.1_0.999
76	0.3763471378107339	nopos	noDemog_0.4_0.1_0.999
77	0.3784787946118867	nopos	noDemog_0.4_0.1_0.999
78	0.3747988744259567	nopos	noDemog_0.4_0.1_0.999
79	0.38253760036429096	nopos	noDemog_0.4_0.1_0.999
80	0.38352813608028546	nopos	noDemog_0.4_0.1_0.999
81	0.3796633247076865	nopos	noDemog_0.4_0.1_0.999
82	0.3756514322979947	nopos	noDemog_0.4_0.1_0.999
83	0.37528288323686787	nopos	noDemog_0.4_0.1_0.999
84	0.3722802939498633	nopos	noDemog_0.4_0.1_0.999
85	0.37352218438825957	nopos	noDemog_0.4_0.1_0.999
86	0.3753381930005324	nopos	noDemog_0.4_0.1_0.999
87	0.37444389835774317	nopos	noDemog_0.4_0.1_0.999
88	0.37446572942789447	nopos	noDemog_0.4_0.1_0.999
89	0.38449483157751874	nopos	noDemog_0.4_0.1_0.999
90	0.38746705000493764	nopos	noDemog_0.4_0.1_0.999
91	0.38523488002747974	nopos	noDemog_0.4_0.1_0.999
92	0.3847119222421903	nopos	noDemog_0.4_0.1_0.999
93	0.38507276706272275	nopos	noDemog_0.4_0.1_0.999
94	0.3734022930446621	nopos	noDemog_0.4_0.1_0.999
95	0.3738820111053839	nopos	noDemog_0.4_0.1_0.999
96	0.3752498046735002	nopos	noDemog_0.4_0.1_0.999
97	0.3556796219567313	nopos	noDemog_0.4_0.1_0.999
98	0.3475221906389169	nopos	noDemog_0.4_0.1_0.999
99	0.31822084969237097	nopos	noDemog_0.4_0.1_0.999
100	0.24873757370369964	nopos	noDemog_0.4_0.1_0.999
1	-0.1738135170760231	nopos	noDemog_0.4_0.1_0.999
2	0.14278313042241497	nopos	noDemog_0.4_0.1_0.999
3	0.20084926982965412	nopos	noDemog_0.4_0.1_0.999
4	0.22894722790123545	nopos	noDemog_0.4_0.1_0.999
5	0.24905466559099565	nopos	noDemog_0.4_0.1_0.999
6	0.26474405096138354	nopos	noDemog_0.4_0.1_0.999
7	0.27555434524010247	nopos	noDemog_0.4_0.1_0.999
8	0.28490203115970447	nopos	noDemog_0.4_0.1_0.999
9	0.2925786650854737	nopos	noDemog_0.4_0.1_0.999
10	0.2995344936534251	nopos	noDemog_0.4_0.1_0.999
11	0.30735954239448304	nopos	noDemog_0.4_0.1_0.999
12	0.3130882473509662	nopos	noDemog_0.4_0.1_0.999
13	0.31861593418733525	nopos	noDemog_0.4_0.1_0.999
14	0.3231738602777061	nopos	noDemog_0.4_0.1_0.999
15	0.32771287691250206	nopos	noDemog_0.4_0.1_0.999
16	0.33027894815305736	nopos	noDemog_0.4_0.1_0.999
17	0.333005466660129	nopos	noDemog_0.4_0.1_0.999
18	0.3379832638847491	nopos	noDemog_0.4_0.1_0.999
19	0.3421599983768647	nopos	noDemog_0.4_0.1_0.999
20	0.3454626170283319	nopos	noDemog_0.4_0.1_0.999
21	0.3475399565869979	nopos	noDemog_0.4_0.1_0.999
22	0.3492576534502706	nopos	noDemog_0.4_0.1_0.999
23	0.3503597098971013	nopos	noDemog_0.4_0.1_0.999
24	0.3518621220685114	nopos	noDemog_0.4_0.1_0.999
25	0.3521471008585756	nopos	noDemog_0.4_0.1_0.999
26	0.35366731175415445	nopos	noDemog_0.4_0.1_0.999
27	0.3532468824336311	nopos	noDemog_0.4_0.1_0.999
28	0.3540631964417478	nopos	noDemog_0.4_0.1_0.999
29	0.35492498886960533	nopos	noDemog_0.4_0.1_0.999
30	0.3566457606190587	nopos	noDemog_0.4_0.1_0.999
31	0.3562138028573676	nopos	noDemog_0.4_0.1_0.999
32	0.3578722658864064	nopos	noDemog_0.4_0.1_0.999
33	0.3610056225955267	nopos	noDemog_0.4_0.1_0.999
34	0.3633006751283542	nopos	noDemog_0.4_0.1_0.999
35	0.36588153421196523	nopos	noDemog_0.4_0.1_0.999
36	0.36619117933871614	nopos	noDemog_0.4_0.1_0.999
37	0.3663487204626825	nopos	noDemog_0.4_0.1_0.999
38	0.3677586917460056	nopos	noDemog_0.4_0.1_0.999
39	0.37011585945705583	nopos	noDemog_0.4_0.1_0.999
40	0.3732101914526549	nopos	noDemog_0.4_0.1_0.999
41	0.37377664035110536	nopos	noDemog_0.4_0.1_0.999
42	0.374380321721309	nopos	noDemog_0.4_0.1_0.999
43	0.3742463039645214	nopos	noDemog_0.4_0.1_0.999
44	0.3736119788068525	nopos	noDemog_0.4_0.1_0.999
45	0.3732860808100972	nopos	noDemog_0.4_0.1_0.999
46	0.37503455812148456	nopos	noDemog_0.4_0.1_0.999
47	0.37306956586267137	nopos	noDemog_0.4_0.1_0.999
48	0.3739450201662393	nopos	noDemog_0.4_0.1_0.999
49	0.372853283020648	nopos	noDemog_0.4_0.1_0.999
50	0.37243368689975853	nopos	noDemog_0.4_0.1_0.999
51	0.3751857622907623	nopos	noDemog_0.4_0.1_0.999
52	0.37458820353251976	nopos	noDemog_0.4_0.1_0.999
53	0.37398365056629745	nopos	noDemog_0.4_0.1_0.999
54	0.3745903855800131	nopos	noDemog_0.4_0.1_0.999
55	0.37313866445717847	nopos	noDemog_0.4_0.1_0.999
56	0.37250246471780135	nopos	noDemog_0.4_0.1_0.999
57	0.36931364409971323	nopos	noDemog_0.4_0.1_0.999
58	0.37109332536438433	nopos	noDemog_0.4_0.1_0.999
59	0.371690110693897	nopos	noDemog_0.4_0.1_0.999
60	0.37209922110528304	nopos	noDemog_0.4_0.1_0.999
61	0.37227261550616264	nopos	noDemog_0.4_0.1_0.999
62	0.37070556172091573	nopos	noDemog_0.4_0.1_0.999
63	0.3719777632608551	nopos	noDemog_0.4_0.1_0.999
64	0.3698050260882143	nopos	noDemog_0.4_0.1_0.999
65	0.36797779879297576	nopos	noDemog_0.4_0.1_0.999
66	0.3692527339911317	nopos	noDemog_0.4_0.1_0.999
67	0.3714038956812459	nopos	noDemog_0.4_0.1_0.999
68	0.3764465333341437	nopos	noDemog_0.4_0.1_0.999
69	0.37443396052855793	nopos	noDemog_0.4_0.1_0.999
70	0.37452235651458443	nopos	noDemog_0.4_0.1_0.999
71	0.37510860016411507	nopos	noDemog_0.4_0.1_0.999
72	0.3766464081519689	nopos	noDemog_0.4_0.1_0.999
73	0.3757124981408333	nopos	noDemog_0.4_0.1_0.999
74	0.3774886445254334	nopos	noDemog_0.4_0.1_0.999
75	0.37749612713921865	nopos	noDemog_0.4_0.1_0.999
76	0.3763471378107339	nopos	noDemog_0.4_0.1_0.999
77	0.3784787946118867	nopos	noDemog_0.4_0.1_0.999
78	0.3747988744259567	nopos	noDemog_0.4_0.1_0.999
79	0.38253760036429096	nopos	noDemog_0.4_0.1_0.999
80	0.38352813608028546	nopos	noDemog_0.4_0.1_0.999
81	0.3796633247076865	nopos	noDemog_0.4_0.1_0.999
82	0.3756514322979947	nopos	noDemog_0.4_0.1_0.999
83	0.37528288323686787	nopos	noDemog_0.4_0.1_0.999
84	0.3722802939498633	nopos	noDemog_0.4_0.1_0.999
85	0.37352218438825957	nopos	noDemog_0.4_0.1_0.999
86	0.3753381930005324	nopos	noDemog_0.4_0.1_0.999
87	0.37444389835774317	nopos	noDemog_0.4_0.1_0.999
88	0.37446572942789447	nopos	noDemog_0.4_0.1_0.999
89	0.38449483157751874	nopos	noDemog_0.4_0.1_0.999
90	0.38746705000493764	nopos	noDemog_0.4_0.1_0.999
91	0.38523488002747974	nopos	noDemog_0.4_0.1_0.999
92	0.3847119222421903	nopos	noDemog_0.4_0.1_0.999
93	0.38507276706272275	nopos	noDemog_0.4_0.1_0.999
94	0.3734022930446621	nopos	noDemog_0.4_0.1_0.999
95	0.3738820111053839	nopos	noDemog_0.4_0.1_0.999
96	0.3752498046735002	nopos	noDemog_0.4_0.1_0.999
97	0.3556796219567313	nopos	noDemog_0.4_0.1_0.999
98	0.3475221906389169	nopos	noDemog_0.4_0.1_0.999
99	0.31822084969237097	nopos	noDemog_0.4_0.1_0.999
100	0.24873757370369964	nopos	noDemog_0.4_0.1_0.999
1	-0.18568594493382617	pos	noDemog_0.4_0.1_0.999
2	0.12874979839627132	pos	noDemog_0.4_0.1_0.999
3	0.1856910207037289	pos	noDemog_0.4_0.1_0.999
4	0.21290974316072842	pos	noDemog_0.4_0.1_0.999
5	0.23233029895972623	pos	noDemog_0.4_0.1_0.999
6	0.2475491138418815	pos	noDemog_0.4_0.1_0.999
7	0.25785322324233084	pos	noDemog_0.4_0.1_0.999
8	0.2667916631757674	pos	noDemog_0.4_0.1_0.999
9	0.27404763708514157	pos	noDemog_0.4_0.1_0.999
10	0.2806082475408196	pos	noDemog_0.4_0.1_0.999
11	0.2880823212166955	pos	noDemog_0.4_0.1_0.999
12	0.29333776422817914	pos	noDemog_0.4_0.1_0.999
13	0.2984984563963605	pos	noDemog_0.4_0.1_0.999
14	0.30255582133985603	pos	noDemog_0.4_0.1_0.999
15	0.30671738231942847	pos	noDemog_0.4_0.1_0.999
16	0.30891632099708466	pos	noDemog_0.4_0.1_0.999
17	0.3111465775299257	pos	noDemog_0.4_0.1_0.999
18	0.31583228053911183	pos	noDemog_0.4_0.1_0.999
19	0.3196304089301937	pos	noDemog_0.4_0.1_0.999
20	0.3226344942307632	pos	noDemog_0.4_0.1_0.999
21	0.3242186737842335	pos	noDemog_0.4_0.1_0.999
22	0.3255846411493081	pos	noDemog_0.4_0.1_0.999
23	0.32632690648639573	pos	noDemog_0.4_0.1_0.999
24	0.32737025424322164	pos	noDemog_0.4_0.1_0.999
25	0.3271096609768024	pos	noDemog_0.4_0.1_0.999
26	0.3281618065677713	pos	noDemog_0.4_0.1_0.999
27	0.32747557807061256	pos	noDemog_0.4_0.1_0.999
28	0.32787258033635736	pos	noDemog_0.4_0.1_0.999
29	0.328178381403215	pos	noDemog_0.4_0.1_0.999
30	0.3295316510843246	pos	noDemog_0.4_0.1_0.999
31	0.32849249783056256	pos	noDemog_0.4_0.1_0.999
32	0.32988928872093104	pos	noDemog_0.4_0.1_0.999
33	0.33263009845146274	pos	noDemog_0.4_0.1_0.999
34	0.3345272870887619	pos	noDemog_0.4_0.1_0.999
35	0.3368766872919865	pos	noDemog_0.4_0.1_0.999
36	0.33671879785569725	pos	noDemog_0.4_0.1_0.999
37	0.3364937284281194	pos	noDemog_0.4_0.1_0.999
38	0.33741799478174905	pos	noDemog_0.4_0.1_0.999
39	0.3394821900810474	pos	noDemog_0.4_0.1_0.999
40	0.3419803457619741	pos	noDemog_0.4_0.1_0.999
41	0.3422222977182844	pos	noDemog_0.4_0.1_0.999
42	0.34218342611880626	pos	noDemog_0.4_0.1_0.999
43	0.3413270780537796	pos	noDemog_0.4_0.1_0.999
44	0.3401745934253828	pos	noDemog_0.4_0.1_0.999
45	0.33929866765453165	pos	noDemog_0.4_0.1_0.999
46	0.3407713976990492	pos	noDemog_0.4_0.1_0.999
47	0.33822722705022057	pos	noDemog_0.4_0.1_0.999
48	0.3385034397102501	pos	noDemog_0.4_0.1_0.999
49	0.33687711962804756	pos	noDemog_0.4_0.1_0.999
50	0.335818899587664	pos	noDemog_0.4_0.1_0.999
51	0.33822036721934634	pos	noDemog_0.4_0.1_0.999
52	0.3369322378067985	pos	noDemog_0.4_0.1_0.999
53	0.33554502467382874	pos	noDemog_0.4_0.1_0.999
54	0.3354522175778841	pos	noDemog_0.4_0.1_0.999
55	0.3335312432186185	pos	noDemog_0.4_0.1_0.999
56	0.33252863806833244	pos	noDemog_0.4_0.1_0.999
57	0.3285386855417083	pos	noDemog_0.4_0.1_0.999
58	0.32965550047359393	pos	noDemog_0.4_0.1_0.999
59	0.32969132298934845	pos	noDemog_0.4_0.1_0.999
60	0.3294243413783574	pos	noDemog_0.4_0.1_0.999
61	0.3288260900877348	pos	noDemog_0.4_0.1_0.999
62	0.3264744763787798	pos	noDemog_0.4_0.1_0.999
63	0.3271517041199692	pos	noDemog_0.4_0.1_0.999
64	0.3241982908634431	pos	noDemog_0.4_0.1_0.999
65	0.32172228795334257	pos	noDemog_0.4_0.1_0.999
66	0.32204009533995626	pos	noDemog_0.4_0.1_0.999
67	0.323869671296408	pos	noDemog_0.4_0.1_0.999
68	0.328431729723217	pos	noDemog_0.4_0.1_0.999
69	0.3259397305421181	pos	noDemog_0.4_0.1_0.999
70	0.32564607212112906	pos	noDemog_0.4_0.1_0.999
71	0.32505136918995325	pos	noDemog_0.4_0.1_0.999
72	0.3262028495829996	pos	noDemog_0.4_0.1_0.999
73	0.32513674406444826	pos	noDemog_0.4_0.1_0.999
74	0.32625170765266676	pos	noDemog_0.4_0.1_0.999
75	0.32504542136986314	pos	noDemog_0.4_0.1_0.999
76	0.3226493123588624	pos	noDemog_0.4_0.1_0.999
77	0.32430100837920584	pos	noDemog_0.4_0.1_0.999
78	0.3192688480973539	pos	noDemog_0.4_0.1_0.999
79	0.3269601647703134	pos	noDemog_0.4_0.1_0.999
80	0.32797220594054954	pos	noDemog_0.4_0.1_0.999
81	0.32385897944080466	pos	noDemog_0.4_0.1_0.999
82	0.3177648101269478	pos	noDemog_0.4_0.1_0.999
83	0.3162746956165309	pos	noDemog_0.4_0.1_0.999
84	0.3118664135165996	pos	noDemog_0.4_0.1_0.999
85	0.31246801999927276	pos	noDemog_0.4_0.1_0.999
86	0.31313669950694134	pos	noDemog_0.4_0.1_0.999
87	0.3112516498691926	pos	noDemog_0.4_0.1_0.999
88	0.31036683495452766	pos	noDemog_0.4_0.1_0.999
89	0.3166243955952184	pos	noDemog_0.4_0.1_0.999
90	0.3192743184458994	pos	noDemog_0.4_0.1_0.999
91	0.31498543230529796	pos	noDemog_0.4_0.1_0.999
92	0.312690679628828	pos	noDemog_0.4_0.1_0.999
93	0.31072284778306525	pos	noDemog_0.4_0.1_0.999
94	0.29707986558092925	pos	noDemog_0.4_0.1_0.999
95	0.2936813853194128	pos	noDemog_0.4_0.1_0.999
96	0.29707391272412753	pos	noDemog_0.4_0.1_0.999
97	0.2737815713105052	pos	noDemog_0.4_0.1_0.999
98	0.26773847190632205	pos	noDemog_0.4_0.1_0.999
99	0.23093994397666007	pos	noDemog_0.4_0.1_0.999
100	0.1485692501975262	pos	noDemog_0.4_0.1_0.999
1	-0.21043633953956897	nopos	noDemog_0.4_0.2_0.999
2	0.10988614309892597	nopos	noDemog_0.4_0.2_0.999
3	0.16744511375706794	nopos	noDemog_0.4_0.2_0.999
4	0.19927609419420877	nopos	noDemog_0.4_0.2_0.999
5	0.21957183880070263	nopos	noDemog_0.4_0.2_0.999
6	0.23312182376028612	nopos	noDemog_0.4_0.2_0.999
7	0.24577200129071797	nopos	noDemog_0.4_0.2_0.999
8	0.2547118723020312	nopos	noDemog_0.4_0.2_0.999
9	0.26289978495854716	nopos	noDemog_0.4_0.2_0.999
10	0.27025664289686524	nopos	noDemog_0.4_0.2_0.999
11	0.2762457107048486	nopos	noDemog_0.4_0.2_0.999
12	0.28240069554977865	nopos	noDemog_0.4_0.2_0.999
13	0.2870826528932128	nopos	noDemog_0.4_0.2_0.999
14	0.2920025600333511	nopos	noDemog_0.4_0.2_0.999
15	0.2977399316926188	nopos	noDemog_0.4_0.2_0.999
16	0.3027729432660978	nopos	noDemog_0.4_0.2_0.999
17	0.305653407944077	nopos	noDemog_0.4_0.2_0.999
18	0.3081202193648961	nopos	noDemog_0.4_0.2_0.999
19	0.31209888481120296	nopos	noDemog_0.4_0.2_0.999
20	0.3139693096392213	nopos	noDemog_0.4_0.2_0.999
21	0.31622327307036957	nopos	noDemog_0.4_0.2_0.999
22	0.31798351835288496	nopos	noDemog_0.4_0.2_0.999
23	0.3194505851528552	nopos	noDemog_0.4_0.2_0.999
24	0.3209388410637364	nopos	noDemog_0.4_0.2_0.999
25	0.3242641180170731	nopos	noDemog_0.4_0.2_0.999
26	0.32512922864572136	nopos	noDemog_0.4_0.2_0.999
27	0.32708399109799224	nopos	noDemog_0.4_0.2_0.999
28	0.32954524487020076	nopos	noDemog_0.4_0.2_0.999
29	0.33256069755844075	nopos	noDemog_0.4_0.2_0.999
30	0.3345806055879651	nopos	noDemog_0.4_0.2_0.999
31	0.335963322526004	nopos	noDemog_0.4_0.2_0.999
32	0.33950995752753355	nopos	noDemog_0.4_0.2_0.999
33	0.3400299547294857	nopos	noDemog_0.4_0.2_0.999
34	0.3409226114384558	nopos	noDemog_0.4_0.2_0.999
35	0.3424582729075323	nopos	noDemog_0.4_0.2_0.999
36	0.3442944092698508	nopos	noDemog_0.4_0.2_0.999
37	0.34413513690792286	nopos	noDemog_0.4_0.2_0.999
38	0.3445675372174247	nopos	noDemog_0.4_0.2_0.999
39	0.34688796257157906	nopos	noDemog_0.4_0.2_0.999
40	0.34808343099375205	nopos	noDemog_0.4_0.2_0.999
41	0.34987098363304625	nopos	noDemog_0.4_0.2_0.999
42	0.35199521572115355	nopos	noDemog_0.4_0.2_0.999
43	0.3545591419082723	nopos	noDemog_0.4_0.2_0.999
44	0.3561767329252481	nopos	noDemog_0.4_0.2_0.999
45	0.3581279973971683	nopos	noDemog_0.4_0.2_0.999
46	0.36097745448921925	nopos	noDemog_0.4_0.2_0.999
47	0.3620616595159256	nopos	noDemog_0.4_0.2_0.999
48	0.36160836190052326	nopos	noDemog_0.4_0.2_0.999
49	0.3620816500386064	nopos	noDemog_0.4_0.2_0.999
50	0.36291457183349574	nopos	noDemog_0.4_0.2_0.999
51	0.3632999959144728	nopos	noDemog_0.4_0.2_0.999
52	0.36342282224319566	nopos	noDemog_0.4_0.2_0.999
53	0.36405236155365295	nopos	noDemog_0.4_0.2_0.999
54	0.3657112937621524	nopos	noDemog_0.4_0.2_0.999
55	0.3647047537793592	nopos	noDemog_0.4_0.2_0.999
56	0.3629074890071424	nopos	noDemog_0.4_0.2_0.999
57	0.36455312348965396	nopos	noDemog_0.4_0.2_0.999
58	0.3639154931985603	nopos	noDemog_0.4_0.2_0.999
59	0.3633357999801823	nopos	noDemog_0.4_0.2_0.999
60	0.36202987671437237	nopos	noDemog_0.4_0.2_0.999
61	0.36291898614750673	nopos	noDemog_0.4_0.2_0.999
62	0.3621833009196431	nopos	noDemog_0.4_0.2_0.999
63	0.36315252578266266	nopos	noDemog_0.4_0.2_0.999
64	0.3588176029506196	nopos	noDemog_0.4_0.2_0.999
65	0.3580297811547437	nopos	noDemog_0.4_0.2_0.999
66	0.357325391742509	nopos	noDemog_0.4_0.2_0.999
67	0.36085456315265774	nopos	noDemog_0.4_0.2_0.999
68	0.3603841065331017	nopos	noDemog_0.4_0.2_0.999
69	0.35724084179162074	nopos	noDemog_0.4_0.2_0.999
70	0.35763467537422966	nopos	noDemog_0.4_0.2_0.999
71	0.35847497711196186	nopos	noDemog_0.4_0.2_0.999
72	0.35642782894089864	nopos	noDemog_0.4_0.2_0.999
73	0.35700879840451216	nopos	noDemog_0.4_0.2_0.999
74	0.36002698543694467	nopos	noDemog_0.4_0.2_0.999
75	0.3553010548600304	nopos	noDemog_0.4_0.2_0.999
76	0.358701026044699	nopos	noDemog_0.4_0.2_0.999
77	0.3601893188593869	nopos	noDemog_0.4_0.2_0.999
78	0.3594520669819672	nopos	noDemog_0.4_0.2_0.999
79	0.35990404052175906	nopos	noDemog_0.4_0.2_0.999
80	0.3576851998098596	nopos	noDemog_0.4_0.2_0.999
81	0.35049182974485604	nopos	noDemog_0.4_0.2_0.999
82	0.35254622113995704	nopos	noDemog_0.4_0.2_0.999
83	0.35338622599011404	nopos	noDemog_0.4_0.2_0.999
84	0.3468542922833462	nopos	noDemog_0.4_0.2_0.999
85	0.34338757693969235	nopos	noDemog_0.4_0.2_0.999
86	0.35396962451482017	nopos	noDemog_0.4_0.2_0.999
87	0.34898445746176376	nopos	noDemog_0.4_0.2_0.999
88	0.3523365123207489	nopos	noDemog_0.4_0.2_0.999
89	0.35868347658814415	nopos	noDemog_0.4_0.2_0.999
90	0.35834236987673873	nopos	noDemog_0.4_0.2_0.999
91	0.34178117526863305	nopos	noDemog_0.4_0.2_0.999
92	0.3248972255088123	nopos	noDemog_0.4_0.2_0.999
93	0.3074582644957644	nopos	noDemog_0.4_0.2_0.999
94	0.2977746515823817	nopos	noDemog_0.4_0.2_0.999
95	0.27346471699081154	nopos	noDemog_0.4_0.2_0.999
96	0.2645049003312203	nopos	noDemog_0.4_0.2_0.999
97	0.24003441753670007	nopos	noDemog_0.4_0.2_0.999
98	0.22584240897696228	nopos	noDemog_0.4_0.2_0.999
99	0.19180761706641414	nopos	noDemog_0.4_0.2_0.999
100	0.06450885964230035	nopos	noDemog_0.4_0.2_0.999
1	-0.21043633953956897	nopos	noDemog_0.4_0.2_0.999
2	0.10988614309892597	nopos	noDemog_0.4_0.2_0.999
3	0.16744511375706794	nopos	noDemog_0.4_0.2_0.999
4	0.19927609419420877	nopos	noDemog_0.4_0.2_0.999
5	0.21957183880070263	nopos	noDemog_0.4_0.2_0.999
6	0.23312182376028612	nopos	noDemog_0.4_0.2_0.999
7	0.24577200129071797	nopos	noDemog_0.4_0.2_0.999
8	0.2547118723020312	nopos	noDemog_0.4_0.2_0.999
9	0.26289978495854716	nopos	noDemog_0.4_0.2_0.999
10	0.27025664289686524	nopos	noDemog_0.4_0.2_0.999
11	0.2762457107048486	nopos	noDemog_0.4_0.2_0.999
12	0.28240069554977865	nopos	noDemog_0.4_0.2_0.999
13	0.2870826528932128	nopos	noDemog_0.4_0.2_0.999
14	0.2920025600333511	nopos	noDemog_0.4_0.2_0.999
15	0.2977399316926188	nopos	noDemog_0.4_0.2_0.999
16	0.3027729432660978	nopos	noDemog_0.4_0.2_0.999
17	0.305653407944077	nopos	noDemog_0.4_0.2_0.999
18	0.3081202193648961	nopos	noDemog_0.4_0.2_0.999
19	0.31209888481120296	nopos	noDemog_0.4_0.2_0.999
20	0.3139693096392213	nopos	noDemog_0.4_0.2_0.999
21	0.31622327307036957	nopos	noDemog_0.4_0.2_0.999
22	0.31798351835288496	nopos	noDemog_0.4_0.2_0.999
23	0.3194505851528552	nopos	noDemog_0.4_0.2_0.999
24	0.3209388410637364	nopos	noDemog_0.4_0.2_0.999
25	0.3242641180170731	nopos	noDemog_0.4_0.2_0.999
26	0.32512922864572136	nopos	noDemog_0.4_0.2_0.999
27	0.32708399109799224	nopos	noDemog_0.4_0.2_0.999
28	0.32954524487020076	nopos	noDemog_0.4_0.2_0.999
29	0.33256069755844075	nopos	noDemog_0.4_0.2_0.999
30	0.3345806055879651	nopos	noDemog_0.4_0.2_0.999
31	0.335963322526004	nopos	noDemog_0.4_0.2_0.999
32	0.33950995752753355	nopos	noDemog_0.4_0.2_0.999
33	0.3400299547294857	nopos	noDemog_0.4_0.2_0.999
34	0.3409226114384558	nopos	noDemog_0.4_0.2_0.999
35	0.3424582729075323	nopos	noDemog_0.4_0.2_0.999
36	0.3442944092698508	nopos	noDemog_0.4_0.2_0.999
37	0.34413513690792286	nopos	noDemog_0.4_0.2_0.999
38	0.3445675372174247	nopos	noDemog_0.4_0.2_0.999
39	0.34688796257157906	nopos	noDemog_0.4_0.2_0.999
40	0.34808343099375205	nopos	noDemog_0.4_0.2_0.999
41	0.34987098363304625	nopos	noDemog_0.4_0.2_0.999
42	0.35199521572115355	nopos	noDemog_0.4_0.2_0.999
43	0.3545591419082723	nopos	noDemog_0.4_0.2_0.999
44	0.3561767329252481	nopos	noDemog_0.4_0.2_0.999
45	0.3581279973971683	nopos	noDemog_0.4_0.2_0.999
46	0.36097745448921925	nopos	noDemog_0.4_0.2_0.999
47	0.3620616595159256	nopos	noDemog_0.4_0.2_0.999
48	0.36160836190052326	nopos	noDemog_0.4_0.2_0.999
49	0.3620816500386064	nopos	noDemog_0.4_0.2_0.999
50	0.36291457183349574	nopos	noDemog_0.4_0.2_0.999
51	0.3632999959144728	nopos	noDemog_0.4_0.2_0.999
52	0.36342282224319566	nopos	noDemog_0.4_0.2_0.999
53	0.36405236155365295	nopos	noDemog_0.4_0.2_0.999
54	0.3657112937621524	nopos	noDemog_0.4_0.2_0.999
55	0.3647047537793592	nopos	noDemog_0.4_0.2_0.999
56	0.3629074890071424	nopos	noDemog_0.4_0.2_0.999
57	0.36455312348965396	nopos	noDemog_0.4_0.2_0.999
58	0.3639154931985603	nopos	noDemog_0.4_0.2_0.999
59	0.3633357999801823	nopos	noDemog_0.4_0.2_0.999
60	0.36202987671437237	nopos	noDemog_0.4_0.2_0.999
61	0.36291898614750673	nopos	noDemog_0.4_0.2_0.999
62	0.3621833009196431	nopos	noDemog_0.4_0.2_0.999
63	0.36315252578266266	nopos	noDemog_0.4_0.2_0.999
64	0.3588176029506196	nopos	noDemog_0.4_0.2_0.999
65	0.3580297811547437	nopos	noDemog_0.4_0.2_0.999
66	0.357325391742509	nopos	noDemog_0.4_0.2_0.999
67	0.36085456315265774	nopos	noDemog_0.4_0.2_0.999
68	0.3603841065331017	nopos	noDemog_0.4_0.2_0.999
69	0.35724084179162074	nopos	noDemog_0.4_0.2_0.999
70	0.35763467537422966	nopos	noDemog_0.4_0.2_0.999
71	0.35847497711196186	nopos	noDemog_0.4_0.2_0.999
72	0.35642782894089864	nopos	noDemog_0.4_0.2_0.999
73	0.35700879840451216	nopos	noDemog_0.4_0.2_0.999
74	0.36002698543694467	nopos	noDemog_0.4_0.2_0.999
75	0.3553010548600304	nopos	noDemog_0.4_0.2_0.999
76	0.358701026044699	nopos	noDemog_0.4_0.2_0.999
77	0.3601893188593869	nopos	noDemog_0.4_0.2_0.999
78	0.3594520669819672	nopos	noDemog_0.4_0.2_0.999
79	0.35990404052175906	nopos	noDemog_0.4_0.2_0.999
80	0.3576851998098596	nopos	noDemog_0.4_0.2_0.999
81	0.35049182974485604	nopos	noDemog_0.4_0.2_0.999
82	0.35254622113995704	nopos	noDemog_0.4_0.2_0.999
83	0.35338622599011404	nopos	noDemog_0.4_0.2_0.999
84	0.3468542922833462	nopos	noDemog_0.4_0.2_0.999
85	0.34338757693969235	nopos	noDemog_0.4_0.2_0.999
86	0.35396962451482017	nopos	noDemog_0.4_0.2_0.999
87	0.34898445746176376	nopos	noDemog_0.4_0.2_0.999
88	0.3523365123207489	nopos	noDemog_0.4_0.2_0.999
89	0.35868347658814415	nopos	noDemog_0.4_0.2_0.999
90	0.35834236987673873	nopos	noDemog_0.4_0.2_0.999
91	0.34178117526863305	nopos	noDemog_0.4_0.2_0.999
92	0.3248972255088123	nopos	noDemog_0.4_0.2_0.999
93	0.3074582644957644	nopos	noDemog_0.4_0.2_0.999
94	0.2977746515823817	nopos	noDemog_0.4_0.2_0.999
95	0.27346471699081154	nopos	noDemog_0.4_0.2_0.999
96	0.2645049003312203	nopos	noDemog_0.4_0.2_0.999
97	0.24003441753670007	nopos	noDemog_0.4_0.2_0.999
98	0.22584240897696228	nopos	noDemog_0.4_0.2_0.999
99	0.19180761706641414	nopos	noDemog_0.4_0.2_0.999
100	0.06450885964230035	nopos	noDemog_0.4_0.2_0.999
1	-0.23492198334682368	pos	noDemog_0.4_0.2_0.999
2	0.08051603614579517	pos	noDemog_0.4_0.2_0.999
3	0.13586325665406696	pos	noDemog_0.4_0.2_0.999
4	0.1658149718128069	pos	noDemog_0.4_0.2_0.999
5	0.1847715313000664	pos	noDemog_0.4_0.2_0.999
6	0.19706917891660325	pos	noDemog_0.4_0.2_0.999
7	0.20849004269188565	pos	noDemog_0.4_0.2_0.999
8	0.2163866909984653	pos	noDemog_0.4_0.2_0.999
9	0.22349899054561873	pos	noDemog_0.4_0.2_0.999
10	0.22991899927026394	pos	noDemog_0.4_0.2_0.999
11	0.23512769681443002	pos	noDemog_0.4_0.2_0.999
12	0.2403737217901326	pos	noDemog_0.4_0.2_0.999
13	0.24426382007869984	pos	noDemog_0.4_0.2_0.999
14	0.2481704500020412	pos	noDemog_0.4_0.2_0.999
15	0.25304985769148247	pos	noDemog_0.4_0.2_0.999
16	0.2572529658126568	pos	noDemog_0.4_0.2_0.999
17	0.2595722948450525	pos	noDemog_0.4_0.2_0.999
18	0.26112129037928045	pos	noDemog_0.4_0.2_0.999
19	0.26409447862200774	pos	noDemog_0.4_0.2_0.999
20	0.2651511169100039	pos	noDemog_0.4_0.2_0.999
21	0.26647474440236607	pos	noDemog_0.4_0.2_0.999
22	0.26736843054995296	pos	noDemog_0.4_0.2_0.999
23	0.26798764637986394	pos	noDemog_0.4_0.2_0.999
24	0.26860984078761296	pos	noDemog_0.4_0.2_0.999
25	0.2712483577349222	pos	noDemog_0.4_0.2_0.999
26	0.2713048683171916	pos	noDemog_0.4_0.2_0.999
27	0.27246885154592837	pos	noDemog_0.4_0.2_0.999
28	0.27420979443076743	pos	noDemog_0.4_0.2_0.999
29	0.27637334647789147	pos	noDemog_0.4_0.2_0.999
30	0.277657916210413	pos	noDemog_0.4_0.2_0.999
31	0.27801028299593844	pos	noDemog_0.4_0.2_0.999
32	0.28074943147343756	pos	noDemog_0.4_0.2_0.999
33	0.28054380972840154	pos	noDemog_0.4_0.2_0.999
34	0.28095423276992004	pos	noDemog_0.4_0.2_0.999
35	0.28173334466085476	pos	noDemog_0.4_0.2_0.999
36	0.28227823043047917	pos	noDemog_0.4_0.2_0.999
37	0.28113795620766246	pos	noDemog_0.4_0.2_0.999
38	0.2807004882511528	pos	noDemog_0.4_0.2_0.999
39	0.28199200476487274	pos	noDemog_0.4_0.2_0.999
40	0.2825672121796472	pos	noDemog_0.4_0.2_0.999
41	0.28329851722382715	pos	noDemog_0.4_0.2_0.999
42	0.2843891244131309	pos	noDemog_0.4_0.2_0.999
43	0.2861194473622054	pos	noDemog_0.4_0.2_0.999
44	0.2866687738178587	pos	noDemog_0.4_0.2_0.999
45	0.2875459224064618	pos	noDemog_0.4_0.2_0.999
46	0.289202698802273	pos	noDemog_0.4_0.2_0.999
47	0.2892173304234751	pos	noDemog_0.4_0.2_0.999
48	0.2876569989378527	pos	noDemog_0.4_0.2_0.999
49	0.28759621732118024	pos	noDemog_0.4_0.2_0.999
50	0.28710566480904254	pos	noDemog_0.4_0.2_0.999
51	0.2862790020642304	pos	noDemog_0.4_0.2_0.999
52	0.28526994819453977	pos	noDemog_0.4_0.2_0.999
53	0.28502378075257184	pos	noDemog_0.4_0.2_0.999
54	0.2859184052022242	pos	noDemog_0.4_0.2_0.999
55	0.28315679124984794	pos	noDemog_0.4_0.2_0.999
56	0.2799596023454195	pos	noDemog_0.4_0.2_0.999
57	0.2804525845908986	pos	noDemog_0.4_0.2_0.999
58	0.27848460767739014	pos	noDemog_0.4_0.2_0.999
59	0.27610530512315823	pos	noDemog_0.4_0.2_0.999
60	0.2732717732082164	pos	noDemog_0.4_0.2_0.999
61	0.2724189391058641	pos	noDemog_0.4_0.2_0.999
62	0.2696649944099242	pos	noDemog_0.4_0.2_0.999
63	0.26900527844294053	pos	noDemog_0.4_0.2_0.999
64	0.26268326526931074	pos	noDemog_0.4_0.2_0.999
65	0.2602381828312147	pos	noDemog_0.4_0.2_0.999
66	0.2582775962836814	pos	noDemog_0.4_0.2_0.999
67	0.2602708756618559	pos	noDemog_0.4_0.2_0.999
68	0.2581031866318634	pos	noDemog_0.4_0.2_0.999
69	0.25394193668069265	pos	noDemog_0.4_0.2_0.999
70	0.2529096618443313	pos	noDemog_0.4_0.2_0.999
71	0.25257947734267405	pos	noDemog_0.4_0.2_0.999
72	0.24837517122827313	pos	noDemog_0.4_0.2_0.999
73	0.24674718527401562	pos	noDemog_0.4_0.2_0.999
74	0.24828566543387143	pos	noDemog_0.4_0.2_0.999
75	0.24112938349126656	pos	noDemog_0.4_0.2_0.999
76	0.24245234862089948	pos	noDemog_0.4_0.2_0.999
77	0.24192800078428278	pos	noDemog_0.4_0.2_0.999
78	0.2399744632190315	pos	noDemog_0.4_0.2_0.999
79	0.23739074046400077	pos	noDemog_0.4_0.2_0.999
80	0.2336258164161611	pos	noDemog_0.4_0.2_0.999
81	0.2228381844165893	pos	noDemog_0.4_0.2_0.999
82	0.22234061103797675	pos	noDemog_0.4_0.2_0.999
83	0.22090400355277484	pos	noDemog_0.4_0.2_0.999
84	0.21198644703211988	pos	noDemog_0.4_0.2_0.999
85	0.2065847376199419	pos	noDemog_0.4_0.2_0.999
86	0.21679431728338672	pos	noDemog_0.4_0.2_0.999
87	0.2099825767041389	pos	noDemog_0.4_0.2_0.999
88	0.20998179406233208	pos	noDemog_0.4_0.2_0.999
89	0.2167728257950161	pos	noDemog_0.4_0.2_0.999
90	0.21327968789325513	pos	noDemog_0.4_0.2_0.999
91	0.19157911080153622	pos	noDemog_0.4_0.2_0.999
92	0.17177335598734733	pos	noDemog_0.4_0.2_0.999
93	0.15403627111054385	pos	noDemog_0.4_0.2_0.999
94	0.14040491176786252	pos	noDemog_0.4_0.2_0.999
95	0.11220789469256542	pos	noDemog_0.4_0.2_0.999
96	0.09537655857163618	pos	noDemog_0.4_0.2_0.999
97	0.06127078689933063	pos	noDemog_0.4_0.2_0.999
98	0.03595469797131168	pos	noDemog_0.4_0.2_0.999
99	0.01835993671080438	pos	noDemog_0.4_0.2_0.999
100	-0.10843908227256871	pos	noDemog_0.4_0.2_0.999
1	-0.24673725796691626	nopos	noDemog_0.4_0.3_0.999
2	0.08869839521627398	nopos	noDemog_0.4_0.3_0.999
3	0.14603943402286834	nopos	noDemog_0.4_0.3_0.999
4	0.1776263432154116	nopos	noDemog_0.4_0.3_0.999
5	0.19878601727149403	nopos	noDemog_0.4_0.3_0.999
6	0.21287797779334106	nopos	noDemog_0.4_0.3_0.999
7	0.2251019642853166	nopos	noDemog_0.4_0.3_0.999
8	0.23568467037623397	nopos	noDemog_0.4_0.3_0.999
9	0.24528707791467186	nopos	noDemog_0.4_0.3_0.999
10	0.24925516275230963	nopos	noDemog_0.4_0.3_0.999
11	0.25491177222087535	nopos	noDemog_0.4_0.3_0.999
12	0.2594333423171242	nopos	noDemog_0.4_0.3_0.999
13	0.2655739105059317	nopos	noDemog_0.4_0.3_0.999
14	0.2699786128947145	nopos	noDemog_0.4_0.3_0.999
15	0.27535543167996845	nopos	noDemog_0.4_0.3_0.999
16	0.2783604298668483	nopos	noDemog_0.4_0.3_0.999
17	0.28201163617032565	nopos	noDemog_0.4_0.3_0.999
18	0.28761418917078296	nopos	noDemog_0.4_0.3_0.999
19	0.2919823024969559	nopos	noDemog_0.4_0.3_0.999
20	0.2948770777068813	nopos	noDemog_0.4_0.3_0.999
21	0.2961786325081259	nopos	noDemog_0.4_0.3_0.999
22	0.29911836074014997	nopos	noDemog_0.4_0.3_0.999
23	0.3026141938735629	nopos	noDemog_0.4_0.3_0.999
24	0.30618346344244096	nopos	noDemog_0.4_0.3_0.999
25	0.3094659116484728	nopos	noDemog_0.4_0.3_0.999
26	0.3114287175039405	nopos	noDemog_0.4_0.3_0.999
27	0.3138958565769928	nopos	noDemog_0.4_0.3_0.999
28	0.31615850695682135	nopos	noDemog_0.4_0.3_0.999
29	0.3163320615128933	nopos	noDemog_0.4_0.3_0.999
30	0.3190301476120133	nopos	noDemog_0.4_0.3_0.999
31	0.32279291329581683	nopos	noDemog_0.4_0.3_0.999
32	0.32583662926397594	nopos	noDemog_0.4_0.3_0.999
33	0.327701181754811	nopos	noDemog_0.4_0.3_0.999
34	0.32942073680687267	nopos	noDemog_0.4_0.3_0.999
35	0.3300056903393478	nopos	noDemog_0.4_0.3_0.999
36	0.33294694555006854	nopos	noDemog_0.4_0.3_0.999
37	0.33263726362148704	nopos	noDemog_0.4_0.3_0.999
38	0.3329514497325424	nopos	noDemog_0.4_0.3_0.999
39	0.33309787936990776	nopos	noDemog_0.4_0.3_0.999
40	0.33345788567906054	nopos	noDemog_0.4_0.3_0.999
41	0.33546812580860275	nopos	noDemog_0.4_0.3_0.999
42	0.33607274379518737	nopos	noDemog_0.4_0.3_0.999
43	0.33890753074625735	nopos	noDemog_0.4_0.3_0.999
44	0.33663704949907247	nopos	noDemog_0.4_0.3_0.999
45	0.33748928948880264	nopos	noDemog_0.4_0.3_0.999
46	0.3369898827075666	nopos	noDemog_0.4_0.3_0.999
47	0.33948948903845233	nopos	noDemog_0.4_0.3_0.999
48	0.3407128537335088	nopos	noDemog_0.4_0.3_0.999
49	0.3429908788869388	nopos	noDemog_0.4_0.3_0.999
50	0.34431263704663007	nopos	noDemog_0.4_0.3_0.999
51	0.3453143107613066	nopos	noDemog_0.4_0.3_0.999
52	0.34598177639406535	nopos	noDemog_0.4_0.3_0.999
53	0.34723654571774565	nopos	noDemog_0.4_0.3_0.999
54	0.3473282588844794	nopos	noDemog_0.4_0.3_0.999
55	0.3483766673472338	nopos	noDemog_0.4_0.3_0.999
56	0.35173021104524005	nopos	noDemog_0.4_0.3_0.999
57	0.35343439640497265	nopos	noDemog_0.4_0.3_0.999
58	0.3528123249538033	nopos	noDemog_0.4_0.3_0.999
59	0.35293150975408105	nopos	noDemog_0.4_0.3_0.999
60	0.3558093238057226	nopos	noDemog_0.4_0.3_0.999
61	0.35879447379499685	nopos	noDemog_0.4_0.3_0.999
62	0.36143943786936894	nopos	noDemog_0.4_0.3_0.999
63	0.36240903635952226	nopos	noDemog_0.4_0.3_0.999
64	0.36415902188825566	nopos	noDemog_0.4_0.3_0.999
65	0.36413571400218736	nopos	noDemog_0.4_0.3_0.999
66	0.3662700901085699	nopos	noDemog_0.4_0.3_0.999
67	0.36643641664387194	nopos	noDemog_0.4_0.3_0.999
68	0.36297019989401447	nopos	noDemog_0.4_0.3_0.999
69	0.3601135174556439	nopos	noDemog_0.4_0.3_0.999
70	0.36099474400986276	nopos	noDemog_0.4_0.3_0.999
71	0.3645826971334668	nopos	noDemog_0.4_0.3_0.999
72	0.3656232167994605	nopos	noDemog_0.4_0.3_0.999
73	0.36962255017125467	nopos	noDemog_0.4_0.3_0.999
74	0.3679585257437761	nopos	noDemog_0.4_0.3_0.999
75	0.36512520079208166	nopos	noDemog_0.4_0.3_0.999
76	0.3608839538656464	nopos	noDemog_0.4_0.3_0.999
77	0.3621232793143182	nopos	noDemog_0.4_0.3_0.999
78	0.3608234623303648	nopos	noDemog_0.4_0.3_0.999
79	0.36261992711387436	nopos	noDemog_0.4_0.3_0.999
80	0.3629816041120497	nopos	noDemog_0.4_0.3_0.999
81	0.3643107348110214	nopos	noDemog_0.4_0.3_0.999
82	0.36403753425759633	nopos	noDemog_0.4_0.3_0.999
83	0.36585743863175557	nopos	noDemog_0.4_0.3_0.999
84	0.37117252129601697	nopos	noDemog_0.4_0.3_0.999
85	0.36905477698725275	nopos	noDemog_0.4_0.3_0.999
86	0.36429051235982557	nopos	noDemog_0.4_0.3_0.999
87	0.36579028741013553	nopos	noDemog_0.4_0.3_0.999
88	0.367318987705035	nopos	noDemog_0.4_0.3_0.999
89	0.35894138946132526	nopos	noDemog_0.4_0.3_0.999
90	0.36002379602832035	nopos	noDemog_0.4_0.3_0.999
91	0.3636671117035425	nopos	noDemog_0.4_0.3_0.999
92	0.36399143160945757	nopos	noDemog_0.4_0.3_0.999
93	0.35976275227414634	nopos	noDemog_0.4_0.3_0.999
94	0.3562294266043933	nopos	noDemog_0.4_0.3_0.999
95	0.3446917897607251	nopos	noDemog_0.4_0.3_0.999
96	0.32897107722867824	nopos	noDemog_0.4_0.3_0.999
97	0.34921875157445414	nopos	noDemog_0.4_0.3_0.999
98	0.3655589647186134	nopos	noDemog_0.4_0.3_0.999
99	0.3328386665703601	nopos	noDemog_0.4_0.3_0.999
100	0.36083296734421566	nopos	noDemog_0.4_0.3_0.999
1	-0.24673725796691626	nopos	noDemog_0.4_0.3_0.999
2	0.08869839521627398	nopos	noDemog_0.4_0.3_0.999
3	0.14603943402286834	nopos	noDemog_0.4_0.3_0.999
4	0.1776263432154116	nopos	noDemog_0.4_0.3_0.999
5	0.19878601727149403	nopos	noDemog_0.4_0.3_0.999
6	0.21287797779334106	nopos	noDemog_0.4_0.3_0.999
7	0.2251019642853166	nopos	noDemog_0.4_0.3_0.999
8	0.23568467037623397	nopos	noDemog_0.4_0.3_0.999
9	0.24528707791467186	nopos	noDemog_0.4_0.3_0.999
10	0.24925516275230963	nopos	noDemog_0.4_0.3_0.999
11	0.25491177222087535	nopos	noDemog_0.4_0.3_0.999
12	0.2594333423171242	nopos	noDemog_0.4_0.3_0.999
13	0.2655739105059317	nopos	noDemog_0.4_0.3_0.999
14	0.2699786128947145	nopos	noDemog_0.4_0.3_0.999
15	0.27535543167996845	nopos	noDemog_0.4_0.3_0.999
16	0.2783604298668483	nopos	noDemog_0.4_0.3_0.999
17	0.28201163617032565	nopos	noDemog_0.4_0.3_0.999
18	0.28761418917078296	nopos	noDemog_0.4_0.3_0.999
19	0.2919823024969559	nopos	noDemog_0.4_0.3_0.999
20	0.2948770777068813	nopos	noDemog_0.4_0.3_0.999
21	0.2961786325081259	nopos	noDemog_0.4_0.3_0.999
22	0.29911836074014997	nopos	noDemog_0.4_0.3_0.999
23	0.3026141938735629	nopos	noDemog_0.4_0.3_0.999
24	0.30618346344244096	nopos	noDemog_0.4_0.3_0.999
25	0.3094659116484728	nopos	noDemog_0.4_0.3_0.999
26	0.3114287175039405	nopos	noDemog_0.4_0.3_0.999
27	0.3138958565769928	nopos	noDemog_0.4_0.3_0.999
28	0.31615850695682135	nopos	noDemog_0.4_0.3_0.999
29	0.3163320615128933	nopos	noDemog_0.4_0.3_0.999
30	0.3190301476120133	nopos	noDemog_0.4_0.3_0.999
31	0.32279291329581683	nopos	noDemog_0.4_0.3_0.999
32	0.32583662926397594	nopos	noDemog_0.4_0.3_0.999
33	0.327701181754811	nopos	noDemog_0.4_0.3_0.999
34	0.32942073680687267	nopos	noDemog_0.4_0.3_0.999
35	0.3300056903393478	nopos	noDemog_0.4_0.3_0.999
36	0.33294694555006854	nopos	noDemog_0.4_0.3_0.999
37	0.33263726362148704	nopos	noDemog_0.4_0.3_0.999
38	0.3329514497325424	nopos	noDemog_0.4_0.3_0.999
39	0.33309787936990776	nopos	noDemog_0.4_0.3_0.999
40	0.33345788567906054	nopos	noDemog_0.4_0.3_0.999
41	0.33546812580860275	nopos	noDemog_0.4_0.3_0.999
42	0.33607274379518737	nopos	noDemog_0.4_0.3_0.999
43	0.33890753074625735	nopos	noDemog_0.4_0.3_0.999
44	0.33663704949907247	nopos	noDemog_0.4_0.3_0.999
45	0.33748928948880264	nopos	noDemog_0.4_0.3_0.999
46	0.3369898827075666	nopos	noDemog_0.4_0.3_0.999
47	0.33948948903845233	nopos	noDemog_0.4_0.3_0.999
48	0.3407128537335088	nopos	noDemog_0.4_0.3_0.999
49	0.3429908788869388	nopos	noDemog_0.4_0.3_0.999
50	0.34431263704663007	nopos	noDemog_0.4_0.3_0.999
51	0.3453143107613066	nopos	noDemog_0.4_0.3_0.999
52	0.34598177639406535	nopos	noDemog_0.4_0.3_0.999
53	0.34723654571774565	nopos	noDemog_0.4_0.3_0.999
54	0.3473282588844794	nopos	noDemog_0.4_0.3_0.999
55	0.3483766673472338	nopos	noDemog_0.4_0.3_0.999
56	0.35173021104524005	nopos	noDemog_0.4_0.3_0.999
57	0.35343439640497265	nopos	noDemog_0.4_0.3_0.999
58	0.3528123249538033	nopos	noDemog_0.4_0.3_0.999
59	0.35293150975408105	nopos	noDemog_0.4_0.3_0.999
60	0.3558093238057226	nopos	noDemog_0.4_0.3_0.999
61	0.35879447379499685	nopos	noDemog_0.4_0.3_0.999
62	0.36143943786936894	nopos	noDemog_0.4_0.3_0.999
63	0.36240903635952226	nopos	noDemog_0.4_0.3_0.999
64	0.36415902188825566	nopos	noDemog_0.4_0.3_0.999
65	0.36413571400218736	nopos	noDemog_0.4_0.3_0.999
66	0.3662700901085699	nopos	noDemog_0.4_0.3_0.999
67	0.36643641664387194	nopos	noDemog_0.4_0.3_0.999
68	0.36297019989401447	nopos	noDemog_0.4_0.3_0.999
69	0.3601135174556439	nopos	noDemog_0.4_0.3_0.999
70	0.36099474400986276	nopos	noDemog_0.4_0.3_0.999
71	0.3645826971334668	nopos	noDemog_0.4_0.3_0.999
72	0.3656232167994605	nopos	noDemog_0.4_0.3_0.999
73	0.36962255017125467	nopos	noDemog_0.4_0.3_0.999
74	0.3679585257437761	nopos	noDemog_0.4_0.3_0.999
75	0.36512520079208166	nopos	noDemog_0.4_0.3_0.999
76	0.3608839538656464	nopos	noDemog_0.4_0.3_0.999
77	0.3621232793143182	nopos	noDemog_0.4_0.3_0.999
78	0.3608234623303648	nopos	noDemog_0.4_0.3_0.999
79	0.36261992711387436	nopos	noDemog_0.4_0.3_0.999
80	0.3629816041120497	nopos	noDemog_0.4_0.3_0.999
81	0.3643107348110214	nopos	noDemog_0.4_0.3_0.999
82	0.36403753425759633	nopos	noDemog_0.4_0.3_0.999
83	0.36585743863175557	nopos	noDemog_0.4_0.3_0.999
84	0.37117252129601697	nopos	noDemog_0.4_0.3_0.999
85	0.36905477698725275	nopos	noDemog_0.4_0.3_0.999
86	0.36429051235982557	nopos	noDemog_0.4_0.3_0.999
87	0.36579028741013553	nopos	noDemog_0.4_0.3_0.999
88	0.367318987705035	nopos	noDemog_0.4_0.3_0.999
89	0.35894138946132526	nopos	noDemog_0.4_0.3_0.999
90	0.36002379602832035	nopos	noDemog_0.4_0.3_0.999
91	0.3636671117035425	nopos	noDemog_0.4_0.3_0.999
92	0.36399143160945757	nopos	noDemog_0.4_0.3_0.999
93	0.35976275227414634	nopos	noDemog_0.4_0.3_0.999
94	0.3562294266043933	nopos	noDemog_0.4_0.3_0.999
95	0.3446917897607251	nopos	noDemog_0.4_0.3_0.999
96	0.32897107722867824	nopos	noDemog_0.4_0.3_0.999
97	0.34921875157445414	nopos	noDemog_0.4_0.3_0.999
98	0.3655589647186134	nopos	noDemog_0.4_0.3_0.999
99	0.3328386665703601	nopos	noDemog_0.4_0.3_0.999
100	0.36083296734421566	nopos	noDemog_0.4_0.3_0.999
1	-0.2837270702439969	pos	noDemog_0.4_0.3_0.999
2	0.04447368475134339	pos	noDemog_0.4_0.3_0.999
3	0.09886495817928964	pos	noDemog_0.4_0.3_0.999
4	0.1277201688759836	pos	noDemog_0.4_0.3_0.999
5	0.14687435583236874	pos	noDemog_0.4_0.3_0.999
6	0.15917578463022386	pos	noDemog_0.4_0.3_0.999
7	0.16974512324499824	pos	noDemog_0.4_0.3_0.999
8	0.17872682582206345	pos	noDemog_0.4_0.3_0.999
9	0.1869560170714083	pos	noDemog_0.4_0.3_0.999
10	0.1893533110559582	pos	noDemog_0.4_0.3_0.999
11	0.19345431677128733	pos	noDemog_0.4_0.3_0.999
12	0.19645502046359553	pos	noDemog_0.4_0.3_0.999
13	0.20125695329116966	pos	noDemog_0.4_0.3_0.999
14	0.20420049117665284	pos	noDemog_0.4_0.3_0.999
15	0.20820052210995776	pos	noDemog_0.4_0.3_0.999
16	0.20981232032992292	pos	noDemog_0.4_0.3_0.999
17	0.2121754897127459	pos	noDemog_0.4_0.3_0.999
18	0.21667810311734648	pos	noDemog_0.4_0.3_0.999
19	0.21953369055126415	pos	noDemog_0.4_0.3_0.999
20	0.22138478893762592	pos	noDemog_0.4_0.3_0.999
21	0.2212785361409353	pos	noDemog_0.4_0.3_0.999
22	0.22269103590862438	pos	noDemog_0.4_0.3_0.999
23	0.22501135478033918	pos	noDemog_0.4_0.3_0.999
24	0.22737112818615723	pos	noDemog_0.4_0.3_0.999
25	0.22940580642993835	pos	noDemog_0.4_0.3_0.999
26	0.2300112134268869	pos	noDemog_0.4_0.3_0.999
27	0.23110670173295522	pos	noDemog_0.4_0.3_0.999
28	0.23206504075844125	pos	noDemog_0.4_0.3_0.999
29	0.23110638768184144	pos	noDemog_0.4_0.3_0.999
30	0.23223930295963013	pos	noDemog_0.4_0.3_0.999
31	0.23471839924388493	pos	noDemog_0.4_0.3_0.999
32	0.23651182060047882	pos	noDemog_0.4_0.3_0.999
33	0.2371624626865071	pos	noDemog_0.4_0.3_0.999
34	0.23816191576061807	pos	noDemog_0.4_0.3_0.999
35	0.23758349775248788	pos	noDemog_0.4_0.3_0.999
36	0.2395725055871023	pos	noDemog_0.4_0.3_0.999
37	0.23773173511705548	pos	noDemog_0.4_0.3_0.999
38	0.23651723011180803	pos	noDemog_0.4_0.3_0.999
39	0.23526919534265012	pos	noDemog_0.4_0.3_0.999
40	0.23389397109590282	pos	noDemog_0.4_0.3_0.999
41	0.23441645108262	pos	noDemog_0.4_0.3_0.999
42	0.23361883029502972	pos	noDemog_0.4_0.3_0.999
43	0.2351171349071618	pos	noDemog_0.4_0.3_0.999
44	0.23156001586925767	pos	noDemog_0.4_0.3_0.999
45	0.23083843493558598	pos	noDemog_0.4_0.3_0.999
46	0.22827742240136717	pos	noDemog_0.4_0.3_0.999
47	0.23007834676813477	pos	noDemog_0.4_0.3_0.999
48	0.2302263444432704	pos	noDemog_0.4_0.3_0.999
49	0.23109999658110514	pos	noDemog_0.4_0.3_0.999
50	0.23075840623958876	pos	noDemog_0.4_0.3_0.999
51	0.23000804090333926	pos	noDemog_0.4_0.3_0.999
52	0.22886738378801985	pos	noDemog_0.4_0.3_0.999
53	0.22868261543333546	pos	noDemog_0.4_0.3_0.999
54	0.22795505067871535	pos	noDemog_0.4_0.3_0.999
55	0.2273750743736609	pos	noDemog_0.4_0.3_0.999
56	0.2287307180139868	pos	noDemog_0.4_0.3_0.999
57	0.2284027561704255	pos	noDemog_0.4_0.3_0.999
58	0.22560602940281727	pos	noDemog_0.4_0.3_0.999
59	0.22417774897184872	pos	noDemog_0.4_0.3_0.999
60	0.22538076212426883	pos	noDemog_0.4_0.3_0.999
61	0.22679805646870455	pos	noDemog_0.4_0.3_0.999
62	0.2271657300106653	pos	noDemog_0.4_0.3_0.999
63	0.22606081594310679	pos	noDemog_0.4_0.3_0.999
64	0.22586535234646665	pos	noDemog_0.4_0.3_0.999
65	0.22334120934712043	pos	noDemog_0.4_0.3_0.999
66	0.22376380932408335	pos	noDemog_0.4_0.3_0.999
67	0.22182331483833428	pos	noDemog_0.4_0.3_0.999
68	0.21571573241688358	pos	noDemog_0.4_0.3_0.999
69	0.20959022791792792	pos	noDemog_0.4_0.3_0.999
70	0.20868997640322284	pos	noDemog_0.4_0.3_0.999
71	0.21083333084440015	pos	noDemog_0.4_0.3_0.999
72	0.20833367874694098	pos	noDemog_0.4_0.3_0.999
73	0.21009668422115269	pos	noDemog_0.4_0.3_0.999
74	0.20668289349870195	pos	noDemog_0.4_0.3_0.999
75	0.20118314811703775	pos	noDemog_0.4_0.3_0.999
76	0.19333898998541277	pos	noDemog_0.4_0.3_0.999
77	0.1931354972193381	pos	noDemog_0.4_0.3_0.999
78	0.1900302446973926	pos	noDemog_0.4_0.3_0.999
79	0.18943902779480348	pos	noDemog_0.4_0.3_0.999
80	0.18624967923585145	pos	noDemog_0.4_0.3_0.999
81	0.18662868414676992	pos	noDemog_0.4_0.3_0.999
82	0.181709231463424	pos	noDemog_0.4_0.3_0.999
83	0.18072727644447728	pos	noDemog_0.4_0.3_0.999
84	0.18108392541292617	pos	noDemog_0.4_0.3_0.999
85	0.17679943988852698	pos	noDemog_0.4_0.3_0.999
86	0.168637369809837	pos	noDemog_0.4_0.3_0.999
87	0.16669954613192528	pos	noDemog_0.4_0.3_0.999
88	0.16494121338423862	pos	noDemog_0.4_0.3_0.999
89	0.15074840454773675	pos	noDemog_0.4_0.3_0.999
90	0.1453976300622083	pos	noDemog_0.4_0.3_0.999
91	0.1467129302760528	pos	noDemog_0.4_0.3_0.999
92	0.1378959000717791	pos	noDemog_0.4_0.3_0.999
93	0.13350415210695143	pos	noDemog_0.4_0.3_0.999
94	0.12083145232058135	pos	noDemog_0.4_0.3_0.999
95	0.10156622427074391	pos	noDemog_0.4_0.3_0.999
96	0.07988731887745737	pos	noDemog_0.4_0.3_0.999
97	0.09963903195575652	pos	noDemog_0.4_0.3_0.999
98	0.13263480840901332	pos	noDemog_0.4_0.3_0.999
99	0.07828583860344007	pos	noDemog_0.4_0.3_0.999
100	0.08884699600132884	pos	noDemog_0.4_0.3_0.999
