α_weak,α_strong,α,gam_neg,shape,analysis,method
0.0305894,0.192027,0.220606,604.816,0.148138,isolation_0.4_0.1_0.2,abc_mk
0.0169504,0.184383,0.203059,572.637,0.142487,isolation_0.4_0.1_0.2,abc_mk
0.0222822,0.193063,0.222602,575.008,0.14765,isolation_0.4_0.1_0.2,abc_mk
0.0269931,0.190723,0.217497,1517.93,0.14674,isolation_0.4_0.1_0.2,abc_mk
0.0290599,0.184868,0.209079,578.967,0.142243,isolation_0.4_0.1_0.2,abc_mk
0.0245726,0.195006,0.222421,565.365,0.149288,isolation_0.4_0.1_0.2,abc_mk
0.0226725,0.190075,0.21077,541.901,0.145131,isolation_0.4_0.1_0.2,abc_mk
0.0215413,0.180089,0.207312,568.865,0.143362,isolation_0.4_0.1_0.2,abc_mk
0.0231339,0.193507,0.216985,1335.41,0.147387,isolation_0.4_0.1_0.2,abc_mk
0.0363682,0.177031,0.218064,600.991,0.14626,isolation_0.4_0.1_0.2,abc_mk
0.0307946,0.187295,0.217067,559.887,0.147359,isolation_0.4_0.1_0.2,abc_mk
0.0637847,0.181948,0.238456,668.414,0.152455,isolation_0.4_0.1_0.2,abc_mk
0.0779407,0.172843,0.232687,588.066,0.151338,isolation_0.4_0.1_0.2,abc_mk
0.0229895,0.185985,0.217418,621.952,0.146738,isolation_0.4_0.1_0.2,abc_mk
0.0397981,0.188917,0.228405,643.36,0.151574,isolation_0.4_0.1_0.2,abc_mk
0.0216101,0.198324,0.224827,556.647,0.154202,isolation_0.4_0.1_0.2,abc_mk
0.0327319,0.184355,0.219071,559.861,0.150289,isolation_0.4_0.1_0.2,abc_mk
0.041894,0.18361,0.223525,606.292,0.147549,isolation_0.4_0.1_0.2,abc_mk
0.0375403,0.179411,0.221644,599.179,0.147132,isolation_0.4_0.1_0.2,abc_mk
0.0365044,0.184487,0.221692,624.577,0.147902,isolation_0.4_0.1_0.2,abc_mk
0.0401391,0.182822,0.217788,593.943,0.150723,isolation_0.4_0.1_0.2,abc_mk
0.0228491,0.18861,0.222421,575.919,0.147879,isolation_0.4_0.1_0.2,abc_mk
0.0285792,0.191027,0.216411,602.28,0.145775,isolation_0.4_0.1_0.2,abc_mk
0.0647962,0.176808,0.233156,1522.86,0.151221,isolation_0.4_0.1_0.2,abc_mk
0.066127,0.174677,0.23083,588.572,0.153363,isolation_0.4_0.1_0.2,abc_mk
0.0331079,0.176091,0.206909,604.533,0.142976,isolation_0.4_0.1_0.2,abc_mk
0.0309558,0.186028,0.213922,581.0,0.143606,isolation_0.4_0.1_0.2,abc_mk
0.0263842,0.181797,0.210677,546.733,0.145692,isolation_0.4_0.1_0.2,abc_mk
0.0218063,0.197925,0.223667,663.544,0.151478,isolation_0.4_0.1_0.2,abc_mk
0.0366872,0.181383,0.219575,573.894,0.145373,isolation_0.4_0.1_0.2,abc_mk
0.0206232,0.199108,0.215303,583.338,0.146905,isolation_0.4_0.1_0.2,abc_mk
0.0811896,0.188391,0.24493,594.33,0.153276,isolation_0.4_0.1_0.2,abc_mk
0.0302186,0.173839,0.201454,606.6,0.142237,isolation_0.4_0.1_0.2,abc_mk
0.0404253,0.186987,0.222697,565.256,0.147121,isolation_0.4_0.1_0.2,abc_mk
0.0461394,0.184858,0.225601,600.154,0.15018,isolation_0.4_0.1_0.2,abc_mk
0.0382081,0.204527,0.238433,582.99,0.154072,isolation_0.4_0.1_0.2,abc_mk
0.0276126,0.190782,0.222447,587.848,0.149027,isolation_0.4_0.1_0.2,abc_mk
0.021417,0.202403,0.222302,587.392,0.149582,isolation_0.4_0.1_0.2,abc_mk
0.013371,0.178223,0.209759,480.671,0.147619,isolation_0.4_0.1_0.2,abc_mk
0.0332339,0.194182,0.22111,597.623,0.150912,isolation_0.4_0.1_0.2,abc_mk
0.0469863,0.188519,0.232918,587.11,0.153762,isolation_0.4_0.1_0.2,abc_mk
0.0217846,0.202963,0.223367,571.646,0.149924,isolation_0.4_0.1_0.2,abc_mk
0.0176616,0.170326,0.191957,546.058,0.137414,isolation_0.4_0.1_0.2,abc_mk
0.0353253,0.193664,0.22523,594.48,0.14927,isolation_0.4_0.1_0.2,abc_mk
0.027384,0.19732,0.221769,620.737,0.150168,isolation_0.4_0.1_0.2,abc_mk
0.0209267,0.177761,0.201918,545.308,0.142115,isolation_0.4_0.1_0.2,abc_mk
0.0392998,0.183255,0.218113,646.094,0.145627,isolation_0.4_0.1_0.2,abc_mk
0.0203736,0.1871,0.208317,570.682,0.145105,isolation_0.4_0.1_0.2,abc_mk
0.0442114,0.174435,0.214858,583.082,0.142609,isolation_0.4_0.1_0.2,abc_mk
0.0373907,0.19372,0.22658,593.258,0.151482,isolation_0.4_0.1_0.2,abc_mk
0.0188404,0.206034,0.220375,582.974,0.14426,isolation_0.4_0.1_0.2,abc_mk
0.0319529,0.176987,0.214266,575.129,0.146114,isolation_0.4_0.1_0.2,abc_mk
0.0180948,0.171661,0.198381,1309.29,0.139755,isolation_0.4_0.1_0.2,abc_mk
0.0324569,0.185277,0.218041,618.017,0.147472,isolation_0.4_0.1_0.2,abc_mk
0.0287324,0.190127,0.217977,594.358,0.14732,isolation_0.4_0.1_0.2,abc_mk
0.0411406,0.189139,0.233231,635.705,0.151728,isolation_0.4_0.1_0.2,abc_mk
0.0279237,0.198921,0.229041,568.6,0.151092,isolation_0.4_0.1_0.2,abc_mk
0.037275,0.173643,0.21095,637.58,0.141474,isolation_0.4_0.1_0.2,abc_mk
0.0739168,0.187818,0.245573,668.643,0.15351,isolation_0.4_0.1_0.2,abc_mk
0.0461085,0.193257,0.241674,575.111,0.155754,isolation_0.4_0.1_0.2,abc_mk
0.0254292,0.177874,0.208676,581.564,0.141657,isolation_0.4_0.1_0.2,abc_mk
0.0266372,0.194408,0.218912,649.612,0.147514,isolation_0.4_0.1_0.2,abc_mk
0.0269742,0.191613,0.218784,625.588,0.149727,isolation_0.4_0.1_0.2,abc_mk
0.0410162,0.177471,0.22487,625.259,0.149203,isolation_0.4_0.1_0.2,abc_mk
0.0373828,0.182143,0.218536,598.329,0.148823,isolation_0.4_0.1_0.2,abc_mk
0.0343893,0.187847,0.222946,580.029,0.149994,isolation_0.4_0.1_0.2,abc_mk
0.0353149,0.182483,0.21821,570.303,0.149317,isolation_0.4_0.1_0.2,abc_mk
0.0267228,0.191851,0.225609,583.068,0.149531,isolation_0.4_0.1_0.2,abc_mk
0.019856,0.161684,0.193287,1222.04,0.140793,isolation_0.4_0.1_0.2,abc_mk
0.0160172,0.1752,0.198048,556.714,0.143775,isolation_0.4_0.1_0.2,abc_mk
0.0318922,0.183513,0.212185,1476.07,0.144839,isolation_0.4_0.1_0.2,abc_mk
0.018106,0.194616,0.213738,531.173,0.147194,isolation_0.4_0.1_0.2,abc_mk
0.053549,0.187001,0.233136,625.772,0.150867,isolation_0.4_0.1_0.2,abc_mk
0.0302479,0.184091,0.216612,646.193,0.149864,isolation_0.4_0.1_0.2,abc_mk
0.0837503,0.168137,0.228155,594.741,0.149389,isolation_0.4_0.1_0.2,abc_mk
0.0431328,0.174108,0.225876,595.993,0.150643,isolation_0.4_0.1_0.2,abc_mk
0.0261082,0.185524,0.213023,619.495,0.142532,isolation_0.4_0.1_0.2,abc_mk
0.0434586,0.16618,0.215314,608.465,0.147231,isolation_0.4_0.1_0.2,abc_mk
0.0194997,0.157092,0.180276,677.286,0.135115,isolation_0.4_0.1_0.2,abc_mk
0.03449,0.201629,0.233619,641.494,0.150475,isolation_0.4_0.1_0.2,abc_mk
0.0508928,0.174057,0.219637,646.658,0.145991,isolation_0.4_0.1_0.2,abc_mk
0.0496884,0.180099,0.226328,659.457,0.14778,isolation_0.4_0.1_0.2,abc_mk
0.0303352,0.192928,0.221053,653.097,0.150788,isolation_0.4_0.1_0.2,abc_mk
0.0229562,0.202387,0.223331,579.583,0.150687,isolation_0.4_0.1_0.2,abc_mk
0.0228133,0.179989,0.207062,605.506,0.144288,isolation_0.4_0.1_0.2,abc_mk
0.0234156,0.192533,0.216973,535.269,0.149971,isolation_0.4_0.1_0.2,abc_mk
0.100715,0.136985,0.21842,1434.37,0.146471,isolation_0.4_0.1_0.2,abc_mk
0.021099,0.190362,0.213616,656.588,0.145904,isolation_0.4_0.1_0.2,abc_mk
0.0295587,0.184568,0.215721,612.558,0.14453,isolation_0.4_0.1_0.2,abc_mk
0.0197362,0.193158,0.217256,549.053,0.148794,isolation_0.4_0.1_0.2,abc_mk
0.0260795,0.184478,0.21087,587.005,0.145485,isolation_0.4_0.1_0.2,abc_mk
0.0422352,0.17249,0.21339,636.142,0.14471,isolation_0.4_0.1_0.2,abc_mk
0.0192114,0.178084,0.200894,601.758,0.142804,isolation_0.4_0.1_0.2,abc_mk
0.0822759,0.173463,0.241475,623.256,0.158412,isolation_0.4_0.1_0.2,abc_mk
0.0432296,0.19075,0.231852,588.075,0.153153,isolation_0.4_0.1_0.2,abc_mk
0.0268575,0.202306,0.230999,574.577,0.15219,isolation_0.4_0.1_0.2,abc_mk
0.0206667,0.16683,0.195351,580.97,0.139675,isolation_0.4_0.1_0.2,abc_mk
0.0327165,0.16219,0.201855,592.136,0.139067,isolation_0.4_0.1_0.2,abc_mk
0.0304422,0.184926,0.211983,558.175,0.147765,isolation_0.4_0.1_0.2,abc_mk
0.106973,0.158662,0.245722,628.524,0.151463,isolation_0.4_0.1_0.2,abc_mk
0.0447649,0.188635,0.229554,596.542,0.154607,isolation_0.4_0.1_0.2,abc_mk
0.0846232,0.181846,0.25129,1475.98,0.157805,isolation_0.4_0.1_0.4,abc_mk
0.198708,0.0998275,0.287434,1423.46,0.166039,isolation_0.4_0.1_0.4,abc_mk
0.221174,0.115187,0.308828,1453.33,0.1719,isolation_0.4_0.1_0.4,abc_mk
0.237074,0.102254,0.323554,1463.54,0.174575,isolation_0.4_0.1_0.4,abc_mk
0.188449,0.107784,0.27304,1468.42,0.161151,isolation_0.4_0.1_0.4,abc_mk
0.163776,0.118026,0.262531,1490.43,0.154872,isolation_0.4_0.1_0.4,abc_mk
0.189992,0.102963,0.271553,1493.89,0.157974,isolation_0.4_0.1_0.4,abc_mk
0.21302,0.102981,0.289044,1509.59,0.163324,isolation_0.4_0.1_0.4,abc_mk
0.11624,0.128846,0.226795,1504.91,0.145756,isolation_0.4_0.1_0.4,abc_mk
0.167106,0.11465,0.257068,1473.36,0.153325,isolation_0.4_0.1_0.4,abc_mk
0.203587,0.102228,0.293267,1487.55,0.164369,isolation_0.4_0.1_0.4,abc_mk
0.162293,0.112813,0.257261,1549.49,0.153221,isolation_0.4_0.1_0.4,abc_mk
0.191482,0.114272,0.285974,1575.14,0.163958,isolation_0.4_0.1_0.4,abc_mk
0.188164,0.111129,0.279432,1556.38,0.164707,isolation_0.4_0.1_0.4,abc_mk
0.150697,0.115621,0.249329,1570.01,0.150661,isolation_0.4_0.1_0.4,abc_mk
0.192428,0.100736,0.284211,1493.7,0.162101,isolation_0.4_0.1_0.4,abc_mk
0.162782,0.117809,0.269613,1441.85,0.158551,isolation_0.4_0.1_0.4,abc_mk
0.186465,0.10313,0.27912,1464.06,0.159311,isolation_0.4_0.1_0.4,abc_mk
0.244566,0.100663,0.323286,1465.32,0.171267,isolation_0.4_0.1_0.4,abc_mk
0.244978,0.108124,0.326353,1458.43,0.173907,isolation_0.4_0.1_0.4,abc_mk
0.292683,0.106911,0.389796,789.082,0.192318,isolation_0.4_0.1_0.4,abc_mk
0.191859,0.10426,0.268624,1501.91,0.154571,isolation_0.4_0.1_0.4,abc_mk
0.171816,0.106402,0.257483,1409.85,0.153906,isolation_0.4_0.1_0.4,abc_mk
0.205928,0.105031,0.293479,1456.62,0.163649,isolation_0.4_0.1_0.4,abc_mk
0.230844,0.0943518,0.315371,1483.04,0.168728,isolation_0.4_0.1_0.4,abc_mk
0.15207,0.116527,0.255505,1435.49,0.156007,isolation_0.4_0.1_0.4,abc_mk
0.161572,0.115168,0.26337,1472.68,0.152831,isolation_0.4_0.1_0.4,abc_mk
0.212952,0.101407,0.304578,1515.44,0.167833,isolation_0.4_0.1_0.4,abc_mk
0.169518,0.112603,0.266175,1504.76,0.159142,isolation_0.4_0.1_0.4,abc_mk
0.206116,0.0984349,0.292729,1505.54,0.164578,isolation_0.4_0.1_0.4,abc_mk
0.110086,0.128729,0.22097,1451.02,0.143094,isolation_0.4_0.1_0.4,abc_mk
0.193973,0.113607,0.287636,1408.0,0.163779,isolation_0.4_0.1_0.4,abc_mk
0.264344,0.108119,0.339468,1479.52,0.178411,isolation_0.4_0.1_0.4,abc_mk
0.231808,0.104704,0.315953,1402.89,0.171997,isolation_0.4_0.1_0.4,abc_mk
0.22476,0.109068,0.319392,1470.15,0.172995,isolation_0.4_0.1_0.4,abc_mk
0.193885,0.0985072,0.274034,1551.08,0.157213,isolation_0.4_0.1_0.4,abc_mk
0.1836,0.107195,0.274877,1470.87,0.161096,isolation_0.4_0.1_0.4,abc_mk
0.147413,0.125106,0.26532,1445.7,0.156661,isolation_0.4_0.1_0.4,abc_mk
0.143212,0.129863,0.257479,1548.8,0.158313,isolation_0.4_0.1_0.4,abc_mk
0.194716,0.105132,0.286368,747.765,0.161619,isolation_0.4_0.1_0.4,abc_mk
0.223133,0.103888,0.315223,1515.64,0.1692,isolation_0.4_0.1_0.4,abc_mk
0.149589,0.122619,0.259371,1458.21,0.15435,isolation_0.4_0.1_0.4,abc_mk
0.228689,0.0978538,0.310852,1525.55,0.166618,isolation_0.4_0.1_0.4,abc_mk
0.173889,0.107461,0.261989,1439.48,0.156596,isolation_0.4_0.1_0.4,abc_mk
0.206854,0.110747,0.298412,1488.25,0.168042,isolation_0.4_0.1_0.4,abc_mk
0.16245,0.107279,0.25378,1575.06,0.15195,isolation_0.4_0.1_0.4,abc_mk
0.181492,0.124778,0.290407,1476.96,0.167349,isolation_0.4_0.1_0.4,abc_mk
0.195481,0.0956591,0.276752,1481.15,0.160121,isolation_0.4_0.1_0.4,abc_mk
0.192055,0.105303,0.278232,1521.74,0.15802,isolation_0.4_0.1_0.4,abc_mk
0.207217,0.106276,0.299079,1454.04,0.164272,isolation_0.4_0.1_0.4,abc_mk
0.234742,0.107628,0.306872,1480.38,0.166202,isolation_0.4_0.1_0.4,abc_mk
0.163841,0.115229,0.260614,1424.69,0.157736,isolation_0.4_0.1_0.4,abc_mk
0.144707,0.115747,0.249256,1481.98,0.151823,isolation_0.4_0.1_0.4,abc_mk
0.209714,0.102347,0.287041,1463.81,0.161635,isolation_0.4_0.1_0.4,abc_mk
0.183188,0.101163,0.271406,1629.26,0.158275,isolation_0.4_0.1_0.4,abc_mk
0.197008,0.108282,0.29005,1475.09,0.164418,isolation_0.4_0.1_0.4,abc_mk
0.169208,0.109456,0.265405,1507.8,0.155841,isolation_0.4_0.1_0.4,abc_mk
0.250872,0.110795,0.339779,1450.01,0.181798,isolation_0.4_0.1_0.4,abc_mk
0.137826,0.111538,0.236825,1478.22,0.149594,isolation_0.4_0.1_0.4,abc_mk
0.160481,0.12433,0.27132,1538.58,0.162628,isolation_0.4_0.1_0.4,abc_mk
0.140903,0.117519,0.252328,1446.97,0.154156,isolation_0.4_0.1_0.4,abc_mk
0.250719,0.0986867,0.337608,728.042,0.174225,isolation_0.4_0.1_0.4,abc_mk
0.187791,0.104549,0.270689,1475.14,0.157531,isolation_0.4_0.1_0.4,abc_mk
0.210998,0.102244,0.282104,1505.38,0.160429,isolation_0.4_0.1_0.4,abc_mk
0.193861,0.108472,0.280846,1501.16,0.161523,isolation_0.4_0.1_0.4,abc_mk
0.147956,0.11656,0.241873,1544.64,0.15058,isolation_0.4_0.1_0.4,abc_mk
0.200899,0.0984606,0.279837,1510.92,0.160468,isolation_0.4_0.1_0.4,abc_mk
0.214045,0.0943786,0.298181,1447.15,0.165556,isolation_0.4_0.1_0.4,abc_mk
0.199624,0.101395,0.293167,1469.64,0.165437,isolation_0.4_0.1_0.4,abc_mk
0.171645,0.103511,0.265584,1441.85,0.15651,isolation_0.4_0.1_0.4,abc_mk
0.221012,0.100318,0.303794,1587.19,0.16654,isolation_0.4_0.1_0.4,abc_mk
0.204769,0.101079,0.290262,1504.65,0.164772,isolation_0.4_0.1_0.4,abc_mk
0.241303,0.0994831,0.314726,1511.9,0.170603,isolation_0.4_0.1_0.4,abc_mk
0.16821,0.120614,0.269728,1446.91,0.160866,isolation_0.4_0.1_0.4,abc_mk
0.167297,0.127125,0.282915,1452.83,0.163376,isolation_0.4_0.1_0.4,abc_mk
0.220906,0.102457,0.303402,747.769,0.169501,isolation_0.4_0.1_0.4,abc_mk
0.247673,0.104496,0.329326,1553.26,0.172643,isolation_0.4_0.1_0.4,abc_mk
0.187394,0.10706,0.274061,1501.56,0.159198,isolation_0.4_0.1_0.4,abc_mk
0.193849,0.104325,0.275155,1468.87,0.162396,isolation_0.4_0.1_0.4,abc_mk
0.216711,0.112318,0.302807,1497.72,0.172215,isolation_0.4_0.1_0.4,abc_mk
0.136178,0.120395,0.233226,1457.03,0.15285,isolation_0.4_0.1_0.4,abc_mk
0.199178,0.10842,0.288423,1484.21,0.165401,isolation_0.4_0.1_0.4,abc_mk
0.183594,0.106851,0.275915,1528.92,0.160352,isolation_0.4_0.1_0.4,abc_mk
0.211422,0.104955,0.292545,1520.75,0.162972,isolation_0.4_0.1_0.4,abc_mk
0.142582,0.117457,0.239066,1476.9,0.150212,isolation_0.4_0.1_0.4,abc_mk
0.171411,0.112225,0.267196,1512.08,0.159649,isolation_0.4_0.1_0.4,abc_mk
0.157603,0.121162,0.266491,1487.96,0.160232,isolation_0.4_0.1_0.4,abc_mk
0.20529,0.0989937,0.289368,1500.49,0.161047,isolation_0.4_0.1_0.4,abc_mk
0.16802,0.117087,0.272072,1562.33,0.162625,isolation_0.4_0.1_0.4,abc_mk
0.219738,0.106927,0.309057,1493.36,0.169457,isolation_0.4_0.1_0.4,abc_mk
0.194204,0.11653,0.284655,1473.51,0.163732,isolation_0.4_0.1_0.4,abc_mk
0.099954,0.149694,0.230282,1471.55,0.149485,isolation_0.4_0.1_0.4,abc_mk
0.189777,0.108756,0.287728,1581.16,0.164297,isolation_0.4_0.1_0.4,abc_mk
0.150776,0.107865,0.245219,1522.74,0.150259,isolation_0.4_0.1_0.4,abc_mk
0.171016,0.107764,0.263904,1461.45,0.156319,isolation_0.4_0.1_0.4,abc_mk
0.214367,0.104536,0.301361,1477.84,0.170194,isolation_0.4_0.1_0.4,abc_mk
0.225091,0.107678,0.315147,1485.35,0.170797,isolation_0.4_0.1_0.4,abc_mk
0.178456,0.10667,0.259493,1490.26,0.154799,isolation_0.4_0.1_0.4,abc_mk
0.171486,0.125862,0.276202,1482.31,0.160896,isolation_0.4_0.1_0.4,abc_mk
0.124043,0.128156,0.234279,1541.97,0.148704,isolation_0.4_0.1_0.4,abc_mk
0.190035,0.10779,0.278721,1455.38,0.161997,isolation_0.4_0.1_0.4,abc_mk
0.115066,0.283577,0.391766,611.683,0.168771,isolation_0.4_0.1_0.8,abc_mk
0.129414,0.278066,0.397161,613.126,0.17226,isolation_0.4_0.1_0.8,abc_mk
0.124975,0.287356,0.402903,655.254,0.174348,isolation_0.4_0.1_0.8,abc_mk
0.145497,0.255872,0.396676,586.977,0.169846,isolation_0.4_0.1_0.8,abc_mk
0.151656,0.253358,0.396466,644.424,0.170971,isolation_0.4_0.1_0.8,abc_mk
0.154606,0.25825,0.400509,577.828,0.171033,isolation_0.4_0.1_0.8,abc_mk
0.111182,0.286597,0.383187,625.841,0.163158,isolation_0.4_0.1_0.8,abc_mk
0.111591,0.307677,0.399215,673.123,0.171001,isolation_0.4_0.1_0.8,abc_mk
0.154979,0.255465,0.397136,627.669,0.1698,isolation_0.4_0.1_0.8,abc_mk
0.14715,0.257129,0.392109,617.089,0.169264,isolation_0.4_0.1_0.8,abc_mk
0.172027,0.245261,0.412256,616.389,0.173862,isolation_0.4_0.1_0.8,abc_mk
0.13579,0.268768,0.3916,589.42,0.166965,isolation_0.4_0.1_0.8,abc_mk
0.126907,0.285296,0.392052,621.291,0.167573,isolation_0.4_0.1_0.8,abc_mk
0.107774,0.30424,0.401886,609.014,0.171358,isolation_0.4_0.1_0.8,abc_mk
0.109386,0.283543,0.383975,657.541,0.163447,isolation_0.4_0.1_0.8,abc_mk
0.108772,0.300235,0.396807,621.361,0.170604,isolation_0.4_0.1_0.8,abc_mk
0.108543,0.301905,0.391468,615.05,0.168462,isolation_0.4_0.1_0.8,abc_mk
0.090257,0.311826,0.386973,654.081,0.165036,isolation_0.4_0.1_0.8,abc_mk
0.1686,0.26905,0.422597,638.461,0.179793,isolation_0.4_0.1_0.8,abc_mk
0.118156,0.272746,0.380179,630.565,0.163222,isolation_0.4_0.1_0.8,abc_mk
0.117026,0.28502,0.395172,634.371,0.170927,isolation_0.4_0.1_0.8,abc_mk
0.120253,0.288623,0.398123,601.509,0.169373,isolation_0.4_0.1_0.8,abc_mk
0.169313,0.245305,0.403188,627.763,0.172508,isolation_0.4_0.1_0.8,abc_mk
0.109418,0.290265,0.383877,624.698,0.166061,isolation_0.4_0.1_0.8,abc_mk
0.123341,0.285772,0.398194,594.406,0.171203,isolation_0.4_0.1_0.8,abc_mk
0.100998,0.297404,0.389428,616.165,0.168662,isolation_0.4_0.1_0.8,abc_mk
0.102086,0.300729,0.385866,657.824,0.166181,isolation_0.4_0.1_0.8,abc_mk
0.081091,0.314612,0.384129,663.609,0.164325,isolation_0.4_0.1_0.8,abc_mk
0.119015,0.280418,0.394555,600.312,0.169372,isolation_0.4_0.1_0.8,abc_mk
0.151712,0.258042,0.398861,644.916,0.170074,isolation_0.4_0.1_0.8,abc_mk
0.118527,0.289783,0.394196,634.544,0.169398,isolation_0.4_0.1_0.8,abc_mk
0.125354,0.282878,0.391219,585.058,0.168732,isolation_0.4_0.1_0.8,abc_mk
0.117344,0.288588,0.392263,712.357,0.167251,isolation_0.4_0.1_0.8,abc_mk
0.0761109,0.307426,0.373438,628.173,0.161521,isolation_0.4_0.1_0.8,abc_mk
0.201428,0.225918,0.416354,601.765,0.177276,isolation_0.4_0.1_0.8,abc_mk
0.169068,0.264323,0.415723,635.535,0.179046,isolation_0.4_0.1_0.8,abc_mk
0.133391,0.273969,0.396783,638.227,0.170361,isolation_0.4_0.1_0.8,abc_mk
0.112593,0.288644,0.388103,604.878,0.167855,isolation_0.4_0.1_0.8,abc_mk
0.117173,0.274177,0.386447,578.911,0.164905,isolation_0.4_0.1_0.8,abc_mk
0.0497889,0.320164,0.361876,640.121,0.155225,isolation_0.4_0.1_0.8,abc_mk
0.09527,0.299612,0.383638,624.04,0.168007,isolation_0.4_0.1_0.8,abc_mk
0.137581,0.27207,0.399779,607.475,0.168582,isolation_0.4_0.1_0.8,abc_mk
0.115328,0.294495,0.398772,663.899,0.170732,isolation_0.4_0.1_0.8,abc_mk
0.12149,0.293877,0.398451,609.807,0.171208,isolation_0.4_0.1_0.8,abc_mk
0.168274,0.266181,0.416294,586.303,0.180566,isolation_0.4_0.1_0.8,abc_mk
0.103918,0.300249,0.395633,635.232,0.170644,isolation_0.4_0.1_0.8,abc_mk
0.134477,0.267928,0.388294,575.895,0.168244,isolation_0.4_0.1_0.8,abc_mk
0.129514,0.278187,0.398111,616.287,0.170699,isolation_0.4_0.1_0.8,abc_mk
0.0861919,0.311889,0.385414,629.451,0.166065,isolation_0.4_0.1_0.8,abc_mk
0.157253,0.251886,0.396006,608.933,0.1697,isolation_0.4_0.1_0.8,abc_mk
0.111044,0.283829,0.382056,611.942,0.166986,isolation_0.4_0.1_0.8,abc_mk
0.116696,0.28668,0.395286,656.27,0.170303,isolation_0.4_0.1_0.8,abc_mk
0.0772405,0.307216,0.37764,652.986,0.160728,isolation_0.4_0.1_0.8,abc_mk
0.0916848,0.307984,0.386019,593.342,0.166134,isolation_0.4_0.1_0.8,abc_mk
0.113855,0.282945,0.391993,602.524,0.166625,isolation_0.4_0.1_0.8,abc_mk
0.119718,0.283292,0.389657,635.071,0.166535,isolation_0.4_0.1_0.8,abc_mk
0.121583,0.291826,0.401024,646.512,0.171513,isolation_0.4_0.1_0.8,abc_mk
0.146905,0.269423,0.39561,602.142,0.171774,isolation_0.4_0.1_0.8,abc_mk
0.129649,0.268831,0.383155,620.458,0.165118,isolation_0.4_0.1_0.8,abc_mk
0.141054,0.275473,0.398414,626.034,0.171746,isolation_0.4_0.1_0.8,abc_mk
0.112553,0.297669,0.395653,620.357,0.169932,isolation_0.4_0.1_0.8,abc_mk
0.114574,0.297943,0.400484,642.266,0.172604,isolation_0.4_0.1_0.8,abc_mk
0.17558,0.243575,0.403596,609.505,0.173051,isolation_0.4_0.1_0.8,abc_mk
0.0848423,0.310602,0.384829,627.323,0.164548,isolation_0.4_0.1_0.8,abc_mk
0.123251,0.285093,0.394636,634.055,0.167615,isolation_0.4_0.1_0.8,abc_mk
0.148423,0.265056,0.391894,574.638,0.168546,isolation_0.4_0.1_0.8,abc_mk
0.162989,0.259281,0.408962,608.464,0.175488,isolation_0.4_0.1_0.8,abc_mk
0.155692,0.265258,0.406851,614.407,0.174324,isolation_0.4_0.1_0.8,abc_mk
0.115588,0.292846,0.396879,629.35,0.169739,isolation_0.4_0.1_0.8,abc_mk
0.0916458,0.303174,0.379041,607.71,0.166625,isolation_0.4_0.1_0.8,abc_mk
0.115141,0.288847,0.392334,629.354,0.168208,isolation_0.4_0.1_0.8,abc_mk
0.137502,0.261127,0.387693,636.87,0.167645,isolation_0.4_0.1_0.8,abc_mk
0.143392,0.264092,0.391446,645.451,0.168545,isolation_0.4_0.1_0.8,abc_mk
0.138813,0.277914,0.40014,647.968,0.173093,isolation_0.4_0.1_0.8,abc_mk
0.114684,0.277922,0.386785,623.47,0.168413,isolation_0.4_0.1_0.8,abc_mk
0.171048,0.245089,0.413976,609.488,0.174786,isolation_0.4_0.1_0.8,abc_mk
0.0715433,0.322752,0.378378,648.76,0.16102,isolation_0.4_0.1_0.8,abc_mk
0.126386,0.278826,0.38862,587.481,0.166615,isolation_0.4_0.1_0.8,abc_mk
0.149809,0.262507,0.401981,616.138,0.17203,isolation_0.4_0.1_0.8,abc_mk
0.0494133,0.316485,0.368206,636.033,0.160641,isolation_0.4_0.1_0.8,abc_mk
0.108855,0.299436,0.397946,623.856,0.170359,isolation_0.4_0.1_0.8,abc_mk
0.0868696,0.319414,0.393095,621.405,0.167166,isolation_0.4_0.1_0.8,abc_mk
0.10786,0.289615,0.38618,608.872,0.166344,isolation_0.4_0.1_0.8,abc_mk
0.112878,0.281297,0.38451,631.852,0.164016,isolation_0.4_0.1_0.8,abc_mk
0.0883189,0.308008,0.38378,624.209,0.165256,isolation_0.4_0.1_0.8,abc_mk
0.116908,0.293614,0.390999,601.908,0.164463,isolation_0.4_0.1_0.8,abc_mk
0.12135,0.29116,0.395138,602.781,0.168598,isolation_0.4_0.1_0.8,abc_mk
0.153291,0.272245,0.39813,601.687,0.173075,isolation_0.4_0.1_0.8,abc_mk
0.161876,0.257459,0.396382,597.024,0.170477,isolation_0.4_0.1_0.8,abc_mk
0.109287,0.295018,0.389678,637.177,0.171472,isolation_0.4_0.1_0.8,abc_mk
0.128638,0.279394,0.400207,631.829,0.17103,isolation_0.4_0.1_0.8,abc_mk
0.11189,0.279463,0.386278,660.192,0.166489,isolation_0.4_0.1_0.8,abc_mk
0.0967486,0.30169,0.389844,613.512,0.169194,isolation_0.4_0.1_0.8,abc_mk
0.12501,0.276749,0.389439,618.87,0.168272,isolation_0.4_0.1_0.8,abc_mk
0.0924279,0.295913,0.379501,600.508,0.165301,isolation_0.4_0.1_0.8,abc_mk
0.145628,0.259436,0.402789,614.464,0.173145,isolation_0.4_0.1_0.8,abc_mk
0.0893131,0.31073,0.384557,596.684,0.166138,isolation_0.4_0.1_0.8,abc_mk
0.0907178,0.302132,0.37433,613.352,0.164174,isolation_0.4_0.1_0.8,abc_mk
0.105114,0.294747,0.380551,582.894,0.162788,isolation_0.4_0.1_0.8,abc_mk
0.172305,0.247341,0.409848,634.495,0.174638,isolation_0.4_0.1_0.8,abc_mk
0.0792321,0.317326,0.384497,589.207,0.166848,isolation_0.4_0.1_0.8,abc_mk
0.153136,0.285168,0.432678,545.961,0.179112,isolation_0.4_0.1_0.999,abc_mk
0.159429,0.287259,0.43768,557.712,0.181835,isolation_0.4_0.1_0.999,abc_mk
0.146001,0.30041,0.436197,570.379,0.18115,isolation_0.4_0.1_0.999,abc_mk
0.152284,0.304116,0.441804,543.729,0.183996,isolation_0.4_0.1_0.999,abc_mk
0.128075,0.298098,0.41281,540.741,0.173959,isolation_0.4_0.1_0.999,abc_mk
0.157652,0.284369,0.435179,591.886,0.179219,isolation_0.4_0.1_0.999,abc_mk
0.199607,0.241949,0.426177,568.998,0.179103,isolation_0.4_0.1_0.999,abc_mk
0.174184,0.26889,0.431137,527.128,0.178422,isolation_0.4_0.1_0.999,abc_mk
0.130653,0.300037,0.419456,571.351,0.173801,isolation_0.4_0.1_0.999,abc_mk
0.174627,0.274284,0.436859,600.377,0.183629,isolation_0.4_0.1_0.999,abc_mk
0.17392,0.282012,0.438044,588.301,0.182527,isolation_0.4_0.1_0.999,abc_mk
0.189092,0.260016,0.436016,614.337,0.180923,isolation_0.4_0.1_0.999,abc_mk
0.165221,0.297952,0.44933,543.714,0.186039,isolation_0.4_0.1_0.999,abc_mk
0.159295,0.292338,0.437631,564.543,0.179623,isolation_0.4_0.1_0.999,abc_mk
0.189744,0.27228,0.447076,561.701,0.186988,isolation_0.4_0.1_0.999,abc_mk
0.16725,0.27353,0.431808,602.706,0.179111,isolation_0.4_0.1_0.999,abc_mk
0.175335,0.266362,0.427363,556.861,0.177103,isolation_0.4_0.1_0.999,abc_mk
0.144641,0.292527,0.42583,583.912,0.176443,isolation_0.4_0.1_0.999,abc_mk
0.163805,0.281096,0.43566,571.879,0.184975,isolation_0.4_0.1_0.999,abc_mk
0.152849,0.280354,0.422162,556.759,0.175189,isolation_0.4_0.1_0.999,abc_mk
0.144019,0.297735,0.426382,583.424,0.174796,isolation_0.4_0.1_0.999,abc_mk
0.122705,0.312075,0.423607,508.927,0.175218,isolation_0.4_0.1_0.999,abc_mk
0.212395,0.235256,0.437482,576.766,0.184461,isolation_0.4_0.1_0.999,abc_mk
0.136671,0.297933,0.420297,571.53,0.175587,isolation_0.4_0.1_0.999,abc_mk
0.164156,0.265845,0.418542,603.42,0.172521,isolation_0.4_0.1_0.999,abc_mk
0.169947,0.282111,0.447042,611.69,0.184896,isolation_0.4_0.1_0.999,abc_mk
0.190775,0.257737,0.440607,603.659,0.183459,isolation_0.4_0.1_0.999,abc_mk
0.217812,0.242445,0.445743,586.982,0.188495,isolation_0.4_0.1_0.999,abc_mk
0.113795,0.313042,0.423637,582.844,0.176859,isolation_0.4_0.1_0.999,abc_mk
0.209151,0.2476,0.44798,455.796,0.187295,isolation_0.4_0.1_0.999,abc_mk
0.172247,0.26692,0.422953,407.096,0.177961,isolation_0.4_0.1_0.999,abc_mk
0.201506,0.252123,0.440486,555.578,0.18444,isolation_0.4_0.1_0.999,abc_mk
0.164999,0.284946,0.43522,544.854,0.179724,isolation_0.4_0.1_0.999,abc_mk
0.184393,0.269879,0.444523,645.697,0.187801,isolation_0.4_0.1_0.999,abc_mk
0.154914,0.276897,0.421979,564.79,0.176083,isolation_0.4_0.1_0.999,abc_mk
0.167584,0.279453,0.43458,561.407,0.183224,isolation_0.4_0.1_0.999,abc_mk
0.158851,0.2858,0.426203,565.844,0.177684,isolation_0.4_0.1_0.999,abc_mk
0.0801817,0.349247,0.415649,524.106,0.172811,isolation_0.4_0.1_0.999,abc_mk
0.15531,0.289523,0.435455,560.519,0.179569,isolation_0.4_0.1_0.999,abc_mk
0.166745,0.277935,0.428505,688.384,0.180316,isolation_0.4_0.1_0.999,abc_mk
0.167918,0.274581,0.432637,570.186,0.179692,isolation_0.4_0.1_0.999,abc_mk
0.185873,0.258234,0.435217,554.818,0.182484,isolation_0.4_0.1_0.999,abc_mk
0.195662,0.258104,0.446613,556.55,0.186615,isolation_0.4_0.1_0.999,abc_mk
0.174957,0.289208,0.449842,559.656,0.188194,isolation_0.4_0.1_0.999,abc_mk
0.129099,0.309168,0.426154,570.165,0.178276,isolation_0.4_0.1_0.999,abc_mk
0.139448,0.300022,0.427007,543.769,0.178646,isolation_0.4_0.1_0.999,abc_mk
0.160876,0.290055,0.43957,623.472,0.182194,isolation_0.4_0.1_0.999,abc_mk
0.200982,0.24554,0.435634,587.663,0.181664,isolation_0.4_0.1_0.999,abc_mk
0.154708,0.292383,0.432225,553.288,0.180502,isolation_0.4_0.1_0.999,abc_mk
0.133328,0.307685,0.4328,576.924,0.180532,isolation_0.4_0.1_0.999,abc_mk
0.176768,0.269195,0.434723,590.491,0.180369,isolation_0.4_0.1_0.999,abc_mk
0.15643,0.284199,0.433395,523.349,0.181693,isolation_0.4_0.1_0.999,abc_mk
0.204594,0.241347,0.437418,551.991,0.17947,isolation_0.4_0.1_0.999,abc_mk
0.181516,0.257873,0.424365,598.547,0.175373,isolation_0.4_0.1_0.999,abc_mk
0.148466,0.292299,0.433172,553.939,0.180524,isolation_0.4_0.1_0.999,abc_mk
0.16182,0.276038,0.421976,567.486,0.174417,isolation_0.4_0.1_0.999,abc_mk
0.150883,0.28533,0.422853,581.51,0.17542,isolation_0.4_0.1_0.999,abc_mk
0.120731,0.306295,0.419346,546.478,0.172596,isolation_0.4_0.1_0.999,abc_mk
0.120878,0.319074,0.421826,537.434,0.175462,isolation_0.4_0.1_0.999,abc_mk
0.130816,0.303583,0.429331,574.37,0.178902,isolation_0.4_0.1_0.999,abc_mk
0.174693,0.268494,0.435117,535.259,0.182184,isolation_0.4_0.1_0.999,abc_mk
0.111402,0.324604,0.421898,549.047,0.177811,isolation_0.4_0.1_0.999,abc_mk
0.161741,0.281051,0.435015,614.071,0.178804,isolation_0.4_0.1_0.999,abc_mk
0.13011,0.317385,0.4268,555.517,0.177706,isolation_0.4_0.1_0.999,abc_mk
0.164191,0.266771,0.421808,531.914,0.17854,isolation_0.4_0.1_0.999,abc_mk
0.176627,0.271202,0.437006,563.071,0.182553,isolation_0.4_0.1_0.999,abc_mk
0.173855,0.262223,0.427882,588.783,0.176604,isolation_0.4_0.1_0.999,abc_mk
0.151145,0.276568,0.415948,569.072,0.171638,isolation_0.4_0.1_0.999,abc_mk
0.19603,0.243666,0.429958,604.572,0.179241,isolation_0.4_0.1_0.999,abc_mk
0.176197,0.280594,0.438446,589.391,0.181599,isolation_0.4_0.1_0.999,abc_mk
0.154209,0.283114,0.425111,644.373,0.175751,isolation_0.4_0.1_0.999,abc_mk
0.150037,0.290556,0.428795,551.884,0.177558,isolation_0.4_0.1_0.999,abc_mk
0.153401,0.293738,0.437613,602.582,0.181763,isolation_0.4_0.1_0.999,abc_mk
0.183509,0.280219,0.449115,591.272,0.185857,isolation_0.4_0.1_0.999,abc_mk
0.152781,0.293827,0.425175,539.628,0.176054,isolation_0.4_0.1_0.999,abc_mk
0.163182,0.286771,0.440698,545.153,0.182596,isolation_0.4_0.1_0.999,abc_mk
0.15781,0.283781,0.4312,601.565,0.179097,isolation_0.4_0.1_0.999,abc_mk
0.178121,0.276398,0.433286,591.011,0.182752,isolation_0.4_0.1_0.999,abc_mk
0.139697,0.287561,0.415332,587.644,0.173805,isolation_0.4_0.1_0.999,abc_mk
0.0914373,0.32938,0.409151,581.423,0.169939,isolation_0.4_0.1_0.999,abc_mk
0.184598,0.264309,0.436819,591.742,0.183675,isolation_0.4_0.1_0.999,abc_mk
0.191209,0.252912,0.432969,564.419,0.18212,isolation_0.4_0.1_0.999,abc_mk
0.108777,0.328157,0.42315,576.04,0.173623,isolation_0.4_0.1_0.999,abc_mk
0.15817,0.286477,0.431085,586.864,0.180086,isolation_0.4_0.1_0.999,abc_mk
0.16814,0.28082,0.429328,540.524,0.178493,isolation_0.4_0.1_0.999,abc_mk
0.172304,0.263423,0.428299,592.36,0.178042,isolation_0.4_0.1_0.999,abc_mk
0.146569,0.297447,0.426602,527.098,0.176936,isolation_0.4_0.1_0.999,abc_mk
0.194936,0.268508,0.450783,570.257,0.186669,isolation_0.4_0.1_0.999,abc_mk
0.109057,0.332752,0.42245,537.064,0.177714,isolation_0.4_0.1_0.999,abc_mk
0.195339,0.245895,0.432835,555.7,0.178901,isolation_0.4_0.1_0.999,abc_mk
0.165786,0.285188,0.43618,547.576,0.180738,isolation_0.4_0.1_0.999,abc_mk
0.184823,0.263837,0.427882,588.755,0.177546,isolation_0.4_0.1_0.999,abc_mk
0.141315,0.291975,0.421263,465.997,0.176689,isolation_0.4_0.1_0.999,abc_mk
0.122608,0.320994,0.435365,567.184,0.181358,isolation_0.4_0.1_0.999,abc_mk
0.151324,0.305929,0.445203,595.387,0.18394,isolation_0.4_0.1_0.999,abc_mk
0.139438,0.297116,0.424253,565.37,0.175447,isolation_0.4_0.1_0.999,abc_mk
0.157952,0.289325,0.433216,402.667,0.178561,isolation_0.4_0.1_0.999,abc_mk
0.142676,0.295919,0.425405,575.448,0.176769,isolation_0.4_0.1_0.999,abc_mk
0.213701,0.25652,0.457667,580.894,0.18973,isolation_0.4_0.1_0.999,abc_mk
0.18902,0.273321,0.445056,552.266,0.184577,isolation_0.4_0.1_0.999,abc_mk
0.144096,0.30818,0.441719,557.84,0.183174,isolation_0.4_0.1_0.999,abc_mk
0.0726951,0.140832,0.195046,723.691,0.149408,isolation_0.4_0.2_0.2,abc_mk
0.0985816,0.128787,0.205837,734.735,0.150993,isolation_0.4_0.2_0.2,abc_mk
0.0480046,0.139886,0.191506,1032.71,0.149444,isolation_0.4_0.2_0.2,abc_mk
0.0651736,0.150382,0.202776,714.46,0.150174,isolation_0.4_0.2_0.2,abc_mk
0.0281993,0.156106,0.186121,1389.27,0.147962,isolation_0.4_0.2_0.2,abc_mk
0.0368354,0.153466,0.19169,647.117,0.148686,isolation_0.4_0.2_0.2,abc_mk
0.024643,0.159352,0.189112,635.297,0.147227,isolation_0.4_0.2_0.2,abc_mk
0.0750295,0.153802,0.205262,594.639,0.153181,isolation_0.4_0.2_0.2,abc_mk
0.101072,0.120276,0.204401,628.434,0.148445,isolation_0.4_0.2_0.2,abc_mk
0.094631,0.125922,0.199294,638.387,0.150625,isolation_0.4_0.2_0.2,abc_mk
0.0945792,0.125549,0.200807,611.642,0.149453,isolation_0.4_0.2_0.2,abc_mk
0.0959833,0.140533,0.207388,1067.01,0.150163,isolation_0.4_0.2_0.2,abc_mk
0.0487296,0.162916,0.201128,1340.27,0.151671,isolation_0.4_0.2_0.2,abc_mk
0.0808433,0.126287,0.187455,1489.99,0.146012,isolation_0.4_0.2_0.2,abc_mk
0.0464689,0.152571,0.193151,689.764,0.150662,isolation_0.4_0.2_0.2,abc_mk
0.0169767,0.142787,0.176103,596.489,0.141962,isolation_0.4_0.2_0.2,abc_mk
0.0204265,0.154596,0.178672,673.257,0.142737,isolation_0.4_0.2_0.2,abc_mk
0.0810458,0.142645,0.208499,1584.34,0.154078,isolation_0.4_0.2_0.2,abc_mk
0.126055,0.103595,0.206316,1520.91,0.151367,isolation_0.4_0.2_0.2,abc_mk
0.106314,0.123025,0.214246,679.93,0.15315,isolation_0.4_0.2_0.2,abc_mk
0.0605815,0.1243,0.185842,608.494,0.14514,isolation_0.4_0.2_0.2,abc_mk
0.0672355,0.135484,0.185202,1043.39,0.147003,isolation_0.4_0.2_0.2,abc_mk
0.056139,0.130045,0.178762,1509.02,0.144227,isolation_0.4_0.2_0.2,abc_mk
0.0316324,0.15192,0.184053,589.273,0.145902,isolation_0.4_0.2_0.2,abc_mk
0.0387776,0.149767,0.184732,1037.17,0.144469,isolation_0.4_0.2_0.2,abc_mk
0.080271,0.138553,0.198938,604.395,0.146265,isolation_0.4_0.2_0.2,abc_mk
0.0303645,0.154566,0.18469,650.979,0.146386,isolation_0.4_0.2_0.2,abc_mk
0.15721,0.110636,0.240713,656.344,0.159777,isolation_0.4_0.2_0.2,abc_mk
0.077635,0.124707,0.194935,1059.34,0.146359,isolation_0.4_0.2_0.2,abc_mk
0.0928178,0.123018,0.191862,733.017,0.146798,isolation_0.4_0.2_0.2,abc_mk
0.0538599,0.138924,0.192689,718.188,0.146265,isolation_0.4_0.2_0.2,abc_mk
0.0252653,0.131214,0.163863,548.867,0.141695,isolation_0.4_0.2_0.2,abc_mk
0.0789722,0.14235,0.200941,645.897,0.149032,isolation_0.4_0.2_0.2,abc_mk
0.0768046,0.150869,0.203428,709.166,0.151171,isolation_0.4_0.2_0.2,abc_mk
0.0740696,0.126466,0.18728,665.701,0.150335,isolation_0.4_0.2_0.2,abc_mk
0.0468587,0.140845,0.182217,837.94,0.141779,isolation_0.4_0.2_0.2,abc_mk
0.115711,0.135815,0.228252,729.157,0.16113,isolation_0.4_0.2_0.2,abc_mk
0.0791499,0.132689,0.194308,635.779,0.149796,isolation_0.4_0.2_0.2,abc_mk
0.093745,0.129285,0.212729,646.226,0.152791,isolation_0.4_0.2_0.2,abc_mk
0.034103,0.143822,0.181665,592.763,0.145514,isolation_0.4_0.2_0.2,abc_mk
0.0739834,0.1465,0.203347,741.709,0.151398,isolation_0.4_0.2_0.2,abc_mk
0.0539145,0.133188,0.175932,694.768,0.139666,isolation_0.4_0.2_0.2,abc_mk
0.0419503,0.139409,0.187482,1041.16,0.145247,isolation_0.4_0.2_0.2,abc_mk
0.0456797,0.135702,0.174781,1352.75,0.143892,isolation_0.4_0.2_0.2,abc_mk
0.049255,0.148242,0.196718,605.643,0.150386,isolation_0.4_0.2_0.2,abc_mk
0.0450174,0.137004,0.17559,588.959,0.144719,isolation_0.4_0.2_0.2,abc_mk
0.0688626,0.147581,0.20442,623.539,0.151441,isolation_0.4_0.2_0.2,abc_mk
0.0405951,0.132451,0.17135,645.806,0.141139,isolation_0.4_0.2_0.2,abc_mk
0.0739357,0.120937,0.179765,747.112,0.140012,isolation_0.4_0.2_0.2,abc_mk
0.0207865,0.153041,0.181374,651.465,0.14477,isolation_0.4_0.2_0.2,abc_mk
0.0446418,0.148489,0.188639,1526.05,0.14701,isolation_0.4_0.2_0.2,abc_mk
0.0257836,0.150967,0.18712,641.505,0.147445,isolation_0.4_0.2_0.2,abc_mk
0.0256038,0.16097,0.185276,664.137,0.149355,isolation_0.4_0.2_0.2,abc_mk
0.0803879,0.140653,0.205442,1321.44,0.152743,isolation_0.4_0.2_0.2,abc_mk
0.0307379,0.153699,0.186684,624.948,0.142002,isolation_0.4_0.2_0.2,abc_mk
0.114483,0.117961,0.215396,1014.37,0.153564,isolation_0.4_0.2_0.2,abc_mk
0.0276336,0.152624,0.191023,588.15,0.146095,isolation_0.4_0.2_0.2,abc_mk
0.05541,0.147277,0.200395,1335.47,0.152098,isolation_0.4_0.2_0.2,abc_mk
0.0947012,0.112739,0.19362,1046.86,0.144174,isolation_0.4_0.2_0.2,abc_mk
0.0833794,0.135268,0.20055,736.923,0.149572,isolation_0.4_0.2_0.2,abc_mk
0.0458814,0.162371,0.200549,748.665,0.149342,isolation_0.4_0.2_0.2,abc_mk
0.035031,0.162735,0.198978,633.43,0.150984,isolation_0.4_0.2_0.2,abc_mk
0.0719446,0.145058,0.199518,1007.07,0.151218,isolation_0.4_0.2_0.2,abc_mk
0.0287613,0.132121,0.165455,562.182,0.14312,isolation_0.4_0.2_0.2,abc_mk
0.0375013,0.147064,0.185085,1038.97,0.146671,isolation_0.4_0.2_0.2,abc_mk
0.0762668,0.13752,0.205173,1407.69,0.1513,isolation_0.4_0.2_0.2,abc_mk
0.0443899,0.148084,0.189274,723.582,0.14558,isolation_0.4_0.2_0.2,abc_mk
0.028706,0.154853,0.185496,586.098,0.148352,isolation_0.4_0.2_0.2,abc_mk
0.0267045,0.16468,0.197277,553.321,0.150176,isolation_0.4_0.2_0.2,abc_mk
0.086365,0.124689,0.195531,1038.15,0.150794,isolation_0.4_0.2_0.2,abc_mk
0.11986,0.120782,0.222279,1033.72,0.154491,isolation_0.4_0.2_0.2,abc_mk
0.0767915,0.150686,0.212337,611.859,0.154424,isolation_0.4_0.2_0.2,abc_mk
0.0387144,0.138113,0.176752,957.2,0.146182,isolation_0.4_0.2_0.2,abc_mk
0.0528623,0.156416,0.199255,624.136,0.151616,isolation_0.4_0.2_0.2,abc_mk
0.0459636,0.138446,0.184471,682.153,0.145344,isolation_0.4_0.2_0.2,abc_mk
0.0792093,0.132236,0.195762,725.583,0.147825,isolation_0.4_0.2_0.2,abc_mk
0.0946613,0.133244,0.193201,599.589,0.148554,isolation_0.4_0.2_0.2,abc_mk
0.0435904,0.142689,0.182292,1310.51,0.145032,isolation_0.4_0.2_0.2,abc_mk
0.108003,0.124431,0.204486,1110.05,0.154471,isolation_0.4_0.2_0.2,abc_mk
0.0718675,0.148499,0.20341,552.222,0.149852,isolation_0.4_0.2_0.2,abc_mk
0.0539261,0.143843,0.185322,680.253,0.144764,isolation_0.4_0.2_0.2,abc_mk
0.0342932,0.136849,0.178746,616.496,0.142882,isolation_0.4_0.2_0.2,abc_mk
0.111315,0.123421,0.212672,1035.14,0.155176,isolation_0.4_0.2_0.2,abc_mk
0.0555609,0.141095,0.190106,637.364,0.148582,isolation_0.4_0.2_0.2,abc_mk
0.0280814,0.176972,0.204152,579.75,0.149217,isolation_0.4_0.2_0.2,abc_mk
0.05101,0.152248,0.202932,592.421,0.156435,isolation_0.4_0.2_0.2,abc_mk
0.0604164,0.150929,0.202611,1010.69,0.150738,isolation_0.4_0.2_0.2,abc_mk
0.0430791,0.140408,0.188143,723.973,0.146305,isolation_0.4_0.2_0.2,abc_mk
0.127067,0.113246,0.220081,603.412,0.155218,isolation_0.4_0.2_0.2,abc_mk
0.0874159,0.127338,0.199985,1461.5,0.149061,isolation_0.4_0.2_0.2,abc_mk
0.0478002,0.148556,0.200087,666.59,0.149751,isolation_0.4_0.2_0.2,abc_mk
0.15064,0.104702,0.236215,745.132,0.158351,isolation_0.4_0.2_0.2,abc_mk
0.0789196,0.1415,0.204076,671.321,0.15134,isolation_0.4_0.2_0.2,abc_mk
0.0202679,0.152882,0.187713,628.584,0.143924,isolation_0.4_0.2_0.2,abc_mk
0.154796,0.115114,0.245073,616.674,0.162283,isolation_0.4_0.2_0.2,abc_mk
0.0774122,0.137236,0.194281,1007.73,0.146744,isolation_0.4_0.2_0.2,abc_mk
0.0286076,0.158451,0.188983,571.318,0.145325,isolation_0.4_0.2_0.2,abc_mk
0.0867461,0.156744,0.221766,576.068,0.158503,isolation_0.4_0.2_0.2,abc_mk
0.0931735,0.126563,0.193266,1000.23,0.148787,isolation_0.4_0.2_0.2,abc_mk
0.0830289,0.127548,0.191352,650.833,0.148489,isolation_0.4_0.2_0.2,abc_mk
0.066961,0.146376,0.195293,686.851,0.146454,isolation_0.4_0.2_0.2,abc_mk
0.120159,0.185213,0.289937,1028.66,0.162823,isolation_0.4_0.2_0.4,abc_mk
0.124871,0.199175,0.295189,664.421,0.167002,isolation_0.4_0.2_0.4,abc_mk
0.184204,0.148895,0.319687,724.02,0.170468,isolation_0.4_0.2_0.4,abc_mk
0.0500504,0.219461,0.271543,739.551,0.159321,isolation_0.4_0.2_0.4,abc_mk
0.09711,0.189554,0.287419,689.852,0.161555,isolation_0.4_0.2_0.4,abc_mk
0.134401,0.180278,0.298651,762.97,0.162996,isolation_0.4_0.2_0.4,abc_mk
0.153849,0.166721,0.305266,754.137,0.166619,isolation_0.4_0.2_0.4,abc_mk
0.149406,0.166348,0.299006,764.771,0.16524,isolation_0.4_0.2_0.4,abc_mk
0.125841,0.192507,0.294935,738.603,0.164072,isolation_0.4_0.2_0.4,abc_mk
0.137599,0.183687,0.299216,764.409,0.167399,isolation_0.4_0.2_0.4,abc_mk
0.112409,0.183847,0.272981,1083.77,0.156818,isolation_0.4_0.2_0.4,abc_mk
0.116608,0.189912,0.289355,697.706,0.163362,isolation_0.4_0.2_0.4,abc_mk
0.146852,0.175592,0.303263,752.769,0.167247,isolation_0.4_0.2_0.4,abc_mk
0.0770134,0.211002,0.278748,604.007,0.158534,isolation_0.4_0.2_0.4,abc_mk
0.116207,0.171289,0.270422,1353.37,0.156259,isolation_0.4_0.2_0.4,abc_mk
0.111467,0.19103,0.288617,796.62,0.164104,isolation_0.4_0.2_0.4,abc_mk
0.074648,0.225664,0.280237,681.587,0.159339,isolation_0.4_0.2_0.4,abc_mk
0.121799,0.182635,0.295795,1027.13,0.167164,isolation_0.4_0.2_0.4,abc_mk
0.0817412,0.196997,0.267444,675.131,0.156695,isolation_0.4_0.2_0.4,abc_mk
0.0747274,0.205258,0.264571,806.32,0.154303,isolation_0.4_0.2_0.4,abc_mk
0.0977272,0.193407,0.275504,758.144,0.156423,isolation_0.4_0.2_0.4,abc_mk
0.133081,0.173447,0.288374,1408.33,0.161789,isolation_0.4_0.2_0.4,abc_mk
0.111378,0.200456,0.293315,637.229,0.164051,isolation_0.4_0.2_0.4,abc_mk
0.0860321,0.200309,0.275676,736.388,0.157534,isolation_0.4_0.2_0.4,abc_mk
0.141353,0.18561,0.297633,640.895,0.163114,isolation_0.4_0.2_0.4,abc_mk
0.204709,0.132103,0.324302,1041.31,0.172423,isolation_0.4_0.2_0.4,abc_mk
0.0785227,0.215034,0.27864,692.474,0.157509,isolation_0.4_0.2_0.4,abc_mk
0.0796396,0.201071,0.25661,662.646,0.151646,isolation_0.4_0.2_0.4,abc_mk
0.123744,0.179443,0.28929,677.488,0.161153,isolation_0.4_0.2_0.4,abc_mk
0.154125,0.167547,0.304484,695.32,0.167763,isolation_0.4_0.2_0.4,abc_mk
0.117567,0.188747,0.291082,736.984,0.160536,isolation_0.4_0.2_0.4,abc_mk
0.129928,0.176628,0.287421,733.577,0.160493,isolation_0.4_0.2_0.4,abc_mk
0.108496,0.203228,0.294464,867.844,0.163883,isolation_0.4_0.2_0.4,abc_mk
0.12882,0.190459,0.300841,595.815,0.166233,isolation_0.4_0.2_0.4,abc_mk
0.0918953,0.186345,0.265694,759.972,0.153404,isolation_0.4_0.2_0.4,abc_mk
0.151774,0.161958,0.302101,725.585,0.16572,isolation_0.4_0.2_0.4,abc_mk
0.134638,0.179498,0.30217,833.716,0.169291,isolation_0.4_0.2_0.4,abc_mk
0.154366,0.17016,0.304054,701.135,0.170026,isolation_0.4_0.2_0.4,abc_mk
0.123202,0.187317,0.291002,703.7,0.161696,isolation_0.4_0.2_0.4,abc_mk
0.125332,0.195643,0.307427,778.963,0.168519,isolation_0.4_0.2_0.4,abc_mk
0.155269,0.147115,0.294128,723.469,0.166409,isolation_0.4_0.2_0.4,abc_mk
0.179619,0.156096,0.306499,799.464,0.168849,isolation_0.4_0.2_0.4,abc_mk
0.113163,0.184887,0.287932,803.353,0.161342,isolation_0.4_0.2_0.4,abc_mk
0.150817,0.175016,0.311644,617.274,0.170152,isolation_0.4_0.2_0.4,abc_mk
0.104241,0.197421,0.286949,770.219,0.162612,isolation_0.4_0.2_0.4,abc_mk
0.0900442,0.196567,0.272674,780.36,0.156831,isolation_0.4_0.2_0.4,abc_mk
0.114552,0.197642,0.2967,802.419,0.162256,isolation_0.4_0.2_0.4,abc_mk
0.12988,0.182593,0.28947,728.856,0.166767,isolation_0.4_0.2_0.4,abc_mk
0.0785516,0.219844,0.282414,744.357,0.160435,isolation_0.4_0.2_0.4,abc_mk
0.136309,0.181751,0.301557,688.64,0.169169,isolation_0.4_0.2_0.4,abc_mk
0.14247,0.183917,0.310743,665.111,0.170143,isolation_0.4_0.2_0.4,abc_mk
0.187319,0.163181,0.335442,596.643,0.177796,isolation_0.4_0.2_0.4,abc_mk
0.170768,0.159724,0.309931,726.098,0.169336,isolation_0.4_0.2_0.4,abc_mk
0.128277,0.175999,0.289663,976.519,0.161331,isolation_0.4_0.2_0.4,abc_mk
0.112703,0.178458,0.277248,758.971,0.162156,isolation_0.4_0.2_0.4,abc_mk
0.113185,0.1865,0.282641,788.434,0.162604,isolation_0.4_0.2_0.4,abc_mk
0.14836,0.161372,0.30339,894.993,0.163548,isolation_0.4_0.2_0.4,abc_mk
0.141545,0.169129,0.296335,621.179,0.16452,isolation_0.4_0.2_0.4,abc_mk
0.137238,0.176051,0.295397,796.822,0.158419,isolation_0.4_0.2_0.4,abc_mk
0.165968,0.157081,0.30981,772.308,0.168095,isolation_0.4_0.2_0.4,abc_mk
0.193633,0.141127,0.318662,761.153,0.171371,isolation_0.4_0.2_0.4,abc_mk
0.13636,0.179923,0.305883,683.194,0.165889,isolation_0.4_0.2_0.4,abc_mk
0.137796,0.167102,0.286971,820.386,0.159333,isolation_0.4_0.2_0.4,abc_mk
0.095539,0.189584,0.268591,624.589,0.155455,isolation_0.4_0.2_0.4,abc_mk
0.0953448,0.200685,0.282526,667.661,0.159694,isolation_0.4_0.2_0.4,abc_mk
0.153758,0.167482,0.310322,775.129,0.169018,isolation_0.4_0.2_0.4,abc_mk
0.150256,0.171069,0.303745,610.33,0.166236,isolation_0.4_0.2_0.4,abc_mk
0.102539,0.208083,0.293323,701.982,0.167008,isolation_0.4_0.2_0.4,abc_mk
0.0790993,0.205995,0.275571,708.516,0.159392,isolation_0.4_0.2_0.4,abc_mk
0.109086,0.184018,0.270282,728.228,0.154152,isolation_0.4_0.2_0.4,abc_mk
0.0969047,0.188017,0.274251,770.284,0.157937,isolation_0.4_0.2_0.4,abc_mk
0.158193,0.174587,0.306168,749.853,0.170267,isolation_0.4_0.2_0.4,abc_mk
0.129473,0.188357,0.304656,642.658,0.164954,isolation_0.4_0.2_0.4,abc_mk
0.13355,0.17693,0.293175,778.438,0.162131,isolation_0.4_0.2_0.4,abc_mk
0.118657,0.189601,0.293529,750.691,0.165984,isolation_0.4_0.2_0.4,abc_mk
0.0856336,0.21438,0.280155,797.582,0.158582,isolation_0.4_0.2_0.4,abc_mk
0.0271959,0.222124,0.250155,729.893,0.149961,isolation_0.4_0.2_0.4,abc_mk
0.128845,0.169978,0.28539,762.932,0.161325,isolation_0.4_0.2_0.4,abc_mk
0.129368,0.17021,0.285186,748.317,0.159018,isolation_0.4_0.2_0.4,abc_mk
0.153268,0.174088,0.313082,831.437,0.170061,isolation_0.4_0.2_0.4,abc_mk
0.165486,0.165552,0.308966,767.726,0.168373,isolation_0.4_0.2_0.4,abc_mk
0.0884738,0.22608,0.289686,661.755,0.162725,isolation_0.4_0.2_0.4,abc_mk
0.175429,0.168718,0.325919,757.405,0.174446,isolation_0.4_0.2_0.4,abc_mk
0.128818,0.177004,0.287424,1070.52,0.161941,isolation_0.4_0.2_0.4,abc_mk
0.149999,0.173087,0.295701,1074.45,0.165259,isolation_0.4_0.2_0.4,abc_mk
0.075941,0.2087,0.272654,686.225,0.156246,isolation_0.4_0.2_0.4,abc_mk
0.0965396,0.210658,0.293115,694.476,0.165831,isolation_0.4_0.2_0.4,abc_mk
0.127361,0.196531,0.30391,638.441,0.167379,isolation_0.4_0.2_0.4,abc_mk
0.139016,0.176339,0.302267,595.001,0.166174,isolation_0.4_0.2_0.4,abc_mk
0.120403,0.187086,0.292649,753.341,0.163133,isolation_0.4_0.2_0.4,abc_mk
0.163259,0.164908,0.308164,817.741,0.163596,isolation_0.4_0.2_0.4,abc_mk
0.115196,0.196332,0.295753,657.126,0.167201,isolation_0.4_0.2_0.4,abc_mk
0.156453,0.167188,0.310177,766.117,0.166381,isolation_0.4_0.2_0.4,abc_mk
0.14728,0.169598,0.3032,821.133,0.164511,isolation_0.4_0.2_0.4,abc_mk
0.129897,0.18822,0.301959,1019.28,0.167594,isolation_0.4_0.2_0.4,abc_mk
0.116548,0.18021,0.286233,817.588,0.162965,isolation_0.4_0.2_0.4,abc_mk
0.141538,0.16406,0.290794,669.377,0.159173,isolation_0.4_0.2_0.4,abc_mk
0.121585,0.19555,0.297989,738.912,0.167484,isolation_0.4_0.2_0.4,abc_mk
0.0692146,0.223229,0.27748,656.834,0.158516,isolation_0.4_0.2_0.4,abc_mk
0.0751096,0.216073,0.279004,692.721,0.159094,isolation_0.4_0.2_0.4,abc_mk
0.1369,0.180466,0.304763,1018.95,0.169444,isolation_0.4_0.2_0.4,abc_mk
0.202255,0.200465,0.381532,1381.55,0.171201,isolation_0.4_0.2_0.8,abc_mk
0.181321,0.210847,0.379998,1440.36,0.169627,isolation_0.4_0.2_0.8,abc_mk
0.230945,0.175404,0.389749,623.597,0.171774,isolation_0.4_0.2_0.8,abc_mk
0.205393,0.191693,0.380521,568.109,0.16953,isolation_0.4_0.2_0.8,abc_mk
0.193959,0.184925,0.359261,578.299,0.163402,isolation_0.4_0.2_0.8,abc_mk
0.1813,0.215641,0.385728,585.185,0.169684,isolation_0.4_0.2_0.8,abc_mk
0.205716,0.199203,0.389214,605.743,0.172439,isolation_0.4_0.2_0.8,abc_mk
0.159165,0.229665,0.375049,572.699,0.16819,isolation_0.4_0.2_0.8,abc_mk
0.172009,0.220365,0.370742,1501.5,0.164668,isolation_0.4_0.2_0.8,abc_mk
0.207856,0.179887,0.382047,575.353,0.16683,isolation_0.4_0.2_0.8,abc_mk
0.195132,0.204637,0.388442,603.865,0.169387,isolation_0.4_0.2_0.8,abc_mk
0.185018,0.200257,0.370776,1527.28,0.167399,isolation_0.4_0.2_0.8,abc_mk
0.212312,0.187332,0.383861,558.749,0.169505,isolation_0.4_0.2_0.8,abc_mk
0.273148,0.160882,0.407538,564.415,0.180475,isolation_0.4_0.2_0.8,abc_mk
0.192029,0.196084,0.37449,1418.85,0.16865,isolation_0.4_0.2_0.8,abc_mk
0.237068,0.167062,0.397205,578.474,0.171749,isolation_0.4_0.2_0.8,abc_mk
0.211132,0.178989,0.378413,575.23,0.169985,isolation_0.4_0.2_0.8,abc_mk
0.189072,0.195847,0.374089,1477.81,0.166233,isolation_0.4_0.2_0.8,abc_mk
0.237928,0.188695,0.410423,570.113,0.180381,isolation_0.4_0.2_0.8,abc_mk
0.163915,0.219802,0.375367,600.403,0.165063,isolation_0.4_0.2_0.8,abc_mk
0.167162,0.216905,0.376218,1495.25,0.168287,isolation_0.4_0.2_0.8,abc_mk
0.180517,0.200225,0.371785,557.349,0.167516,isolation_0.4_0.2_0.8,abc_mk
0.184457,0.189457,0.363957,1470.81,0.162925,isolation_0.4_0.2_0.8,abc_mk
0.168713,0.213375,0.368438,1474.42,0.163847,isolation_0.4_0.2_0.8,abc_mk
0.128005,0.247488,0.36127,559.925,0.163693,isolation_0.4_0.2_0.8,abc_mk
0.150016,0.233153,0.374684,645.813,0.167032,isolation_0.4_0.2_0.8,abc_mk
0.197953,0.201367,0.378973,663.897,0.170544,isolation_0.4_0.2_0.8,abc_mk
0.212513,0.183922,0.382373,1517.17,0.167509,isolation_0.4_0.2_0.8,abc_mk
0.178642,0.199643,0.368912,1449.81,0.163762,isolation_0.4_0.2_0.8,abc_mk
0.173163,0.204629,0.365989,554.572,0.165056,isolation_0.4_0.2_0.8,abc_mk
0.194524,0.19458,0.373545,621.529,0.167151,isolation_0.4_0.2_0.8,abc_mk
0.207512,0.170991,0.368511,571.754,0.16133,isolation_0.4_0.2_0.8,abc_mk
0.203465,0.200102,0.391642,1432.04,0.172059,isolation_0.4_0.2_0.8,abc_mk
0.200755,0.19325,0.378966,575.734,0.171176,isolation_0.4_0.2_0.8,abc_mk
0.21525,0.187572,0.384307,582.181,0.170869,isolation_0.4_0.2_0.8,abc_mk
0.208963,0.200013,0.399072,618.704,0.173078,isolation_0.4_0.2_0.8,abc_mk
0.211153,0.17948,0.378465,544.234,0.169794,isolation_0.4_0.2_0.8,abc_mk
0.20344,0.193718,0.381184,669.519,0.169892,isolation_0.4_0.2_0.8,abc_mk
0.166745,0.206641,0.352906,595.032,0.161233,isolation_0.4_0.2_0.8,abc_mk
0.249058,0.157998,0.390586,1490.83,0.171943,isolation_0.4_0.2_0.8,abc_mk
0.127718,0.230241,0.347961,1458.67,0.155684,isolation_0.4_0.2_0.8,abc_mk
0.23916,0.185594,0.398809,577.681,0.176853,isolation_0.4_0.2_0.8,abc_mk
0.239679,0.171681,0.396771,1439.83,0.176904,isolation_0.4_0.2_0.8,abc_mk
0.244533,0.165821,0.399521,1506.79,0.174869,isolation_0.4_0.2_0.8,abc_mk
0.211221,0.18879,0.38459,623.552,0.17037,isolation_0.4_0.2_0.8,abc_mk
0.213517,0.1879,0.381041,1352.44,0.173096,isolation_0.4_0.2_0.8,abc_mk
0.22237,0.191246,0.393655,1394.84,0.174236,isolation_0.4_0.2_0.8,abc_mk
0.243579,0.176767,0.397043,556.263,0.173978,isolation_0.4_0.2_0.8,abc_mk
0.196645,0.195981,0.374409,587.136,0.165538,isolation_0.4_0.2_0.8,abc_mk
0.186108,0.208651,0.370973,1490.05,0.164693,isolation_0.4_0.2_0.8,abc_mk
0.28502,0.148921,0.409048,1435.64,0.179729,isolation_0.4_0.2_0.8,abc_mk
0.223877,0.168032,0.379906,1350.68,0.167939,isolation_0.4_0.2_0.8,abc_mk
0.198207,0.194759,0.377582,567.385,0.166763,isolation_0.4_0.2_0.8,abc_mk
0.239476,0.165855,0.385306,1475.62,0.170703,isolation_0.4_0.2_0.8,abc_mk
0.198506,0.191229,0.37556,1485.69,0.165234,isolation_0.4_0.2_0.8,abc_mk
0.178712,0.209635,0.373696,562.235,0.166436,isolation_0.4_0.2_0.8,abc_mk
0.259187,0.15736,0.400427,1362.68,0.176095,isolation_0.4_0.2_0.8,abc_mk
0.187151,0.201739,0.372801,565.915,0.165131,isolation_0.4_0.2_0.8,abc_mk
0.231161,0.181676,0.386591,1475.9,0.173778,isolation_0.4_0.2_0.8,abc_mk
0.23779,0.176637,0.402182,1408.57,0.181599,isolation_0.4_0.2_0.8,abc_mk
0.231621,0.173197,0.396631,1466.56,0.175805,isolation_0.4_0.2_0.8,abc_mk
0.249514,0.164571,0.401441,1375.82,0.178597,isolation_0.4_0.2_0.8,abc_mk
0.250896,0.162151,0.390743,1419.98,0.172682,isolation_0.4_0.2_0.8,abc_mk
0.199161,0.190082,0.382139,1488.16,0.168205,isolation_0.4_0.2_0.8,abc_mk
0.211176,0.186823,0.374498,1501.35,0.163001,isolation_0.4_0.2_0.8,abc_mk
0.261406,0.160104,0.405353,1424.67,0.176696,isolation_0.4_0.2_0.8,abc_mk
0.181614,0.207662,0.375665,676.49,0.16752,isolation_0.4_0.2_0.8,abc_mk
0.242987,0.173812,0.393856,1355.63,0.173192,isolation_0.4_0.2_0.8,abc_mk
0.151495,0.221003,0.357718,1511.95,0.161095,isolation_0.4_0.2_0.8,abc_mk
0.196621,0.203495,0.387409,1491.47,0.168693,isolation_0.4_0.2_0.8,abc_mk
0.195581,0.20635,0.382483,560.702,0.16881,isolation_0.4_0.2_0.8,abc_mk
0.188072,0.210214,0.388388,1434.63,0.17052,isolation_0.4_0.2_0.8,abc_mk
0.19378,0.187297,0.374848,573.066,0.167736,isolation_0.4_0.2_0.8,abc_mk
0.222206,0.190526,0.394166,587.372,0.170436,isolation_0.4_0.2_0.8,abc_mk
0.200358,0.177513,0.373148,1471.29,0.166949,isolation_0.4_0.2_0.8,abc_mk
0.195227,0.199866,0.384243,1472.12,0.17079,isolation_0.4_0.2_0.8,abc_mk
0.189245,0.213463,0.386551,621.296,0.169151,isolation_0.4_0.2_0.8,abc_mk
0.123629,0.245406,0.35322,535.989,0.159193,isolation_0.4_0.2_0.8,abc_mk
0.271542,0.151412,0.406381,543.885,0.182297,isolation_0.4_0.2_0.8,abc_mk
0.210366,0.190921,0.387323,1494.26,0.173812,isolation_0.4_0.2_0.8,abc_mk
0.222521,0.172382,0.382029,1450.18,0.17283,isolation_0.4_0.2_0.8,abc_mk
0.25447,0.151552,0.398781,1388.16,0.174949,isolation_0.4_0.2_0.8,abc_mk
0.168382,0.218049,0.374315,570.461,0.165934,isolation_0.4_0.2_0.8,abc_mk
0.186553,0.187649,0.364738,572.265,0.161683,isolation_0.4_0.2_0.8,abc_mk
0.18102,0.198154,0.37118,623.685,0.164053,isolation_0.4_0.2_0.8,abc_mk
0.200981,0.19623,0.388035,596.16,0.172359,isolation_0.4_0.2_0.8,abc_mk
0.177345,0.199183,0.366158,1369.95,0.167025,isolation_0.4_0.2_0.8,abc_mk
0.205971,0.181458,0.371646,1387.64,0.163537,isolation_0.4_0.2_0.8,abc_mk
0.173154,0.208986,0.365825,593.903,0.16443,isolation_0.4_0.2_0.8,abc_mk
0.266983,0.160617,0.414355,585.406,0.178902,isolation_0.4_0.2_0.8,abc_mk
0.236637,0.170994,0.393954,1368.52,0.174684,isolation_0.4_0.2_0.8,abc_mk
0.235646,0.171172,0.385829,1514.16,0.170559,isolation_0.4_0.2_0.8,abc_mk
0.140711,0.232523,0.36167,592.744,0.160935,isolation_0.4_0.2_0.8,abc_mk
0.175531,0.21197,0.375407,1359.24,0.167044,isolation_0.4_0.2_0.8,abc_mk
0.255468,0.167388,0.410548,1535.06,0.17884,isolation_0.4_0.2_0.8,abc_mk
0.151631,0.209305,0.345669,564.782,0.154736,isolation_0.4_0.2_0.8,abc_mk
0.216199,0.190155,0.399036,616.524,0.174671,isolation_0.4_0.2_0.8,abc_mk
0.197391,0.19929,0.374999,1393.52,0.166495,isolation_0.4_0.2_0.8,abc_mk
0.199465,0.188305,0.37494,583.432,0.167749,isolation_0.4_0.2_0.8,abc_mk
0.168235,0.210575,0.365615,565.227,0.163329,isolation_0.4_0.2_0.8,abc_mk
0.136232,0.23637,0.362436,594.701,0.161714,isolation_0.4_0.2_0.8,abc_mk
0.180363,0.238383,0.40513,653.025,0.170247,isolation_0.4_0.2_0.999,abc_mk
0.216812,0.209643,0.413681,690.457,0.17304,isolation_0.4_0.2_0.999,abc_mk
0.247156,0.201521,0.434655,667.601,0.179532,isolation_0.4_0.2_0.999,abc_mk
0.134656,0.262551,0.385205,1466.47,0.163619,isolation_0.4_0.2_0.999,abc_mk
0.170038,0.232498,0.39753,647.803,0.167187,isolation_0.4_0.2_0.999,abc_mk
0.232872,0.210709,0.419542,622.382,0.176494,isolation_0.4_0.2_0.999,abc_mk
0.216859,0.215925,0.418531,687.931,0.177245,isolation_0.4_0.2_0.999,abc_mk
0.178979,0.233012,0.395277,635.961,0.164575,isolation_0.4_0.2_0.999,abc_mk
0.163419,0.244516,0.394698,621.675,0.16482,isolation_0.4_0.2_0.999,abc_mk
0.206301,0.218816,0.411735,746.742,0.173844,isolation_0.4_0.2_0.999,abc_mk
0.224872,0.19405,0.406075,672.076,0.170624,isolation_0.4_0.2_0.999,abc_mk
0.172412,0.241621,0.399795,1602.17,0.167285,isolation_0.4_0.2_0.999,abc_mk
0.243906,0.194184,0.427259,673.143,0.176264,isolation_0.4_0.2_0.999,abc_mk
0.18412,0.216897,0.394125,568.249,0.169351,isolation_0.4_0.2_0.999,abc_mk
0.167428,0.241915,0.393293,1559.6,0.163418,isolation_0.4_0.2_0.999,abc_mk
0.190895,0.231559,0.409492,624.923,0.171348,isolation_0.4_0.2_0.999,abc_mk
0.193577,0.226972,0.408129,619.097,0.172763,isolation_0.4_0.2_0.999,abc_mk
0.176048,0.240775,0.403997,1528.67,0.165941,isolation_0.4_0.2_0.999,abc_mk
0.176556,0.240266,0.404429,1490.05,0.171398,isolation_0.4_0.2_0.999,abc_mk
0.215863,0.202982,0.414044,631.53,0.172906,isolation_0.4_0.2_0.999,abc_mk
0.220402,0.213066,0.423436,1526.32,0.177108,isolation_0.4_0.2_0.999,abc_mk
0.161411,0.236845,0.393822,649.443,0.163749,isolation_0.4_0.2_0.999,abc_mk
0.186454,0.232423,0.404672,618.028,0.170418,isolation_0.4_0.2_0.999,abc_mk
0.180535,0.236532,0.406941,653.177,0.167396,isolation_0.4_0.2_0.999,abc_mk
0.194405,0.224284,0.402638,1531.03,0.169103,isolation_0.4_0.2_0.999,abc_mk
0.201405,0.227763,0.412892,711.081,0.173388,isolation_0.4_0.2_0.999,abc_mk
0.188924,0.21397,0.395096,1447.01,0.166333,isolation_0.4_0.2_0.999,abc_mk
0.182849,0.24444,0.416509,1573.65,0.177307,isolation_0.4_0.2_0.999,abc_mk
0.160975,0.247349,0.394622,595.059,0.165365,isolation_0.4_0.2_0.999,abc_mk
0.15593,0.246777,0.388075,1465.08,0.162488,isolation_0.4_0.2_0.999,abc_mk
0.153614,0.255974,0.40137,1497.95,0.171099,isolation_0.4_0.2_0.999,abc_mk
0.165526,0.242169,0.390197,599.843,0.164888,isolation_0.4_0.2_0.999,abc_mk
0.198091,0.2228,0.404351,1499.67,0.169955,isolation_0.4_0.2_0.999,abc_mk
0.194293,0.228213,0.409251,671.364,0.172754,isolation_0.4_0.2_0.999,abc_mk
0.154372,0.263387,0.404901,1530.46,0.170817,isolation_0.4_0.2_0.999,abc_mk
0.201007,0.224147,0.408255,1417.31,0.173672,isolation_0.4_0.2_0.999,abc_mk
0.194312,0.230095,0.408283,626.216,0.171747,isolation_0.4_0.2_0.999,abc_mk
0.225315,0.212364,0.420451,1508.13,0.177049,isolation_0.4_0.2_0.999,abc_mk
0.220984,0.216041,0.421689,645.033,0.1774,isolation_0.4_0.2_0.999,abc_mk
0.191303,0.225965,0.404609,1457.03,0.172428,isolation_0.4_0.2_0.999,abc_mk
0.221091,0.224618,0.428079,1448.88,0.178632,isolation_0.4_0.2_0.999,abc_mk
0.204475,0.206053,0.398027,697.957,0.167119,isolation_0.4_0.2_0.999,abc_mk
0.219362,0.207749,0.412974,1494.32,0.173336,isolation_0.4_0.2_0.999,abc_mk
0.165183,0.233226,0.384977,617.005,0.161446,isolation_0.4_0.2_0.999,abc_mk
0.201367,0.220769,0.411382,1543.98,0.171478,isolation_0.4_0.2_0.999,abc_mk
0.143146,0.250274,0.37418,607.823,0.155661,isolation_0.4_0.2_0.999,abc_mk
0.180406,0.234557,0.399925,1469.65,0.166718,isolation_0.4_0.2_0.999,abc_mk
0.205505,0.22175,0.408675,617.247,0.173027,isolation_0.4_0.2_0.999,abc_mk
0.222835,0.210165,0.417161,658.655,0.173228,isolation_0.4_0.2_0.999,abc_mk
0.191907,0.231194,0.414396,1435.75,0.173314,isolation_0.4_0.2_0.999,abc_mk
0.1728,0.24828,0.413653,1570.94,0.172744,isolation_0.4_0.2_0.999,abc_mk
0.205114,0.224581,0.412622,1451.85,0.1737,isolation_0.4_0.2_0.999,abc_mk
0.176301,0.232814,0.402503,624.117,0.168919,isolation_0.4_0.2_0.999,abc_mk
0.21723,0.212099,0.415738,607.218,0.174075,isolation_0.4_0.2_0.999,abc_mk
0.148325,0.250918,0.39062,1527.99,0.164669,isolation_0.4_0.2_0.999,abc_mk
0.163758,0.252279,0.405147,1409.18,0.171699,isolation_0.4_0.2_0.999,abc_mk
0.16114,0.253676,0.395679,1438.87,0.165532,isolation_0.4_0.2_0.999,abc_mk
0.16852,0.249636,0.406315,586.905,0.169355,isolation_0.4_0.2_0.999,abc_mk
0.191078,0.238118,0.408688,1364.85,0.171629,isolation_0.4_0.2_0.999,abc_mk
0.161603,0.260596,0.400911,1496.97,0.169848,isolation_0.4_0.2_0.999,abc_mk
0.208319,0.218582,0.409958,668.033,0.17134,isolation_0.4_0.2_0.999,abc_mk
0.180188,0.238277,0.410492,1510.98,0.170505,isolation_0.4_0.2_0.999,abc_mk
0.181228,0.229706,0.39962,574.458,0.171008,isolation_0.4_0.2_0.999,abc_mk
0.208594,0.220328,0.411087,630.659,0.172761,isolation_0.4_0.2_0.999,abc_mk
0.189435,0.251101,0.422833,1452.62,0.180802,isolation_0.4_0.2_0.999,abc_mk
0.175975,0.232079,0.398389,663.446,0.167388,isolation_0.4_0.2_0.999,abc_mk
0.222592,0.208828,0.418287,1526.7,0.172858,isolation_0.4_0.2_0.999,abc_mk
0.145559,0.257723,0.38737,1537.09,0.165702,isolation_0.4_0.2_0.999,abc_mk
0.227878,0.211276,0.421886,1533.48,0.177117,isolation_0.4_0.2_0.999,abc_mk
0.205839,0.216668,0.414422,699.244,0.173592,isolation_0.4_0.2_0.999,abc_mk
0.193494,0.223646,0.408142,608.37,0.168371,isolation_0.4_0.2_0.999,abc_mk
0.199225,0.225448,0.4118,637.04,0.172294,isolation_0.4_0.2_0.999,abc_mk
0.190858,0.228923,0.405014,1480.55,0.168788,isolation_0.4_0.2_0.999,abc_mk
0.197079,0.225567,0.404588,617.037,0.170086,isolation_0.4_0.2_0.999,abc_mk
0.183888,0.239613,0.409524,1528.29,0.171959,isolation_0.4_0.2_0.999,abc_mk
0.171125,0.243355,0.399609,630.738,0.170895,isolation_0.4_0.2_0.999,abc_mk
0.218927,0.202921,0.404919,593.222,0.170612,isolation_0.4_0.2_0.999,abc_mk
0.227704,0.20465,0.419192,651.961,0.174382,isolation_0.4_0.2_0.999,abc_mk
0.172778,0.245917,0.402305,633.898,0.168714,isolation_0.4_0.2_0.999,abc_mk
0.171633,0.233194,0.390471,1482.37,0.163873,isolation_0.4_0.2_0.999,abc_mk
0.142998,0.250725,0.387687,1440.01,0.165263,isolation_0.4_0.2_0.999,abc_mk
0.245453,0.200826,0.425724,594.287,0.179784,isolation_0.4_0.2_0.999,abc_mk
0.180651,0.235996,0.396271,1581.23,0.166245,isolation_0.4_0.2_0.999,abc_mk
0.198692,0.235939,0.410877,585.375,0.17346,isolation_0.4_0.2_0.999,abc_mk
0.18019,0.238496,0.401653,1501.89,0.171845,isolation_0.4_0.2_0.999,abc_mk
0.161842,0.254194,0.402854,1540.67,0.171366,isolation_0.4_0.2_0.999,abc_mk
0.169437,0.23528,0.39442,631.285,0.167722,isolation_0.4_0.2_0.999,abc_mk
0.232378,0.201209,0.420635,726.107,0.177164,isolation_0.4_0.2_0.999,abc_mk
0.192896,0.22756,0.404587,606.91,0.172467,isolation_0.4_0.2_0.999,abc_mk
0.17948,0.238744,0.404278,641.377,0.170276,isolation_0.4_0.2_0.999,abc_mk
0.208744,0.227824,0.414442,575.917,0.176661,isolation_0.4_0.2_0.999,abc_mk
0.192292,0.218957,0.399055,1502.74,0.168493,isolation_0.4_0.2_0.999,abc_mk
0.135241,0.274618,0.393036,1505.7,0.163238,isolation_0.4_0.2_0.999,abc_mk
0.200886,0.223288,0.408301,1438.46,0.173486,isolation_0.4_0.2_0.999,abc_mk
0.194014,0.227803,0.408514,1530.91,0.169071,isolation_0.4_0.2_0.999,abc_mk
0.217066,0.214057,0.422087,1461.53,0.175827,isolation_0.4_0.2_0.999,abc_mk
0.185338,0.237577,0.412513,629.841,0.171287,isolation_0.4_0.2_0.999,abc_mk
0.15359,0.259094,0.395853,1545.19,0.169007,isolation_0.4_0.2_0.999,abc_mk
0.162477,0.247488,0.397074,1516.28,0.168591,isolation_0.4_0.2_0.999,abc_mk
0.170327,0.235487,0.396894,588.129,0.166018,isolation_0.4_0.2_0.999,abc_mk
0.175297,0.249665,0.412853,715.256,0.171268,isolation_0.4_0.2_0.999,abc_mk
0.0963329,0.103939,0.181408,795.486,0.147619,isolation_0.4_0.3_0.2,abc_mk
0.105199,0.11061,0.202213,753.886,0.154693,isolation_0.4_0.3_0.2,abc_mk
0.103578,0.0956259,0.185714,759.637,0.149563,isolation_0.4_0.3_0.2,abc_mk
0.0994366,0.112667,0.202493,772.592,0.152993,isolation_0.4_0.3_0.2,abc_mk
0.132739,0.09947,0.209849,821.26,0.153029,isolation_0.4_0.3_0.2,abc_mk
0.065825,0.0960924,0.156683,760.939,0.137807,isolation_0.4_0.3_0.2,abc_mk
0.100517,0.0924439,0.181627,1554.56,0.145879,isolation_0.4_0.3_0.2,abc_mk
0.0891296,0.096126,0.165406,771.099,0.14121,isolation_0.4_0.3_0.2,abc_mk
0.104382,0.100157,0.187267,835.191,0.148835,isolation_0.4_0.3_0.2,abc_mk
0.0582761,0.119866,0.174679,769.388,0.148011,isolation_0.4_0.3_0.2,abc_mk
0.0731592,0.112611,0.167824,642.926,0.144556,isolation_0.4_0.3_0.2,abc_mk
0.0740878,0.110092,0.17461,668.503,0.145936,isolation_0.4_0.3_0.2,abc_mk
0.0782274,0.121759,0.187757,841.47,0.151818,isolation_0.4_0.3_0.2,abc_mk
0.0895566,0.117281,0.192925,756.366,0.151325,isolation_0.4_0.3_0.2,abc_mk
0.0694057,0.0970691,0.159344,758.655,0.139694,isolation_0.4_0.3_0.2,abc_mk
0.0981851,0.113012,0.183614,784.637,0.149361,isolation_0.4_0.3_0.2,abc_mk
0.0651613,0.105999,0.161384,893.4,0.140898,isolation_0.4_0.3_0.2,abc_mk
0.0903067,0.102443,0.169172,1456.41,0.142391,isolation_0.4_0.3_0.2,abc_mk
0.0718566,0.106907,0.165095,640.231,0.145556,isolation_0.4_0.3_0.2,abc_mk
0.111114,0.110684,0.204001,779.673,0.153608,isolation_0.4_0.3_0.2,abc_mk
0.0838556,0.125129,0.195325,780.939,0.150942,isolation_0.4_0.3_0.2,abc_mk
0.0278711,0.122349,0.152561,618.168,0.137247,isolation_0.4_0.3_0.2,abc_mk
0.0474871,0.100209,0.140477,628.751,0.137567,isolation_0.4_0.3_0.2,abc_mk
0.0941748,0.0959267,0.175103,1591.05,0.145709,isolation_0.4_0.3_0.2,abc_mk
0.12747,0.0973857,0.205239,1091.75,0.155759,isolation_0.4_0.3_0.2,abc_mk
0.0810432,0.103965,0.168878,1085.82,0.145364,isolation_0.4_0.3_0.2,abc_mk
0.100459,0.101598,0.190659,806.223,0.147827,isolation_0.4_0.3_0.2,abc_mk
0.129551,0.0867739,0.210013,819.014,0.156377,isolation_0.4_0.3_0.2,abc_mk
0.0978333,0.119736,0.200447,1016.34,0.151145,isolation_0.4_0.3_0.2,abc_mk
0.0863004,0.112918,0.189631,789.557,0.150907,isolation_0.4_0.3_0.2,abc_mk
0.14119,0.0837485,0.214057,1499.77,0.157129,isolation_0.4_0.3_0.2,abc_mk
0.109475,0.107335,0.203866,863.157,0.155542,isolation_0.4_0.3_0.2,abc_mk
0.0304603,0.136629,0.173367,608.923,0.14639,isolation_0.4_0.3_0.2,abc_mk
0.10084,0.0797629,0.167318,804.77,0.143167,isolation_0.4_0.3_0.2,abc_mk
0.0918411,0.108472,0.183835,769.593,0.145934,isolation_0.4_0.3_0.2,abc_mk
0.0840817,0.0984704,0.176239,823.24,0.144229,isolation_0.4_0.3_0.2,abc_mk
0.0743614,0.110093,0.16364,757.437,0.143654,isolation_0.4_0.3_0.2,abc_mk
0.0689606,0.112452,0.173914,1111.57,0.14589,isolation_0.4_0.3_0.2,abc_mk
0.146723,0.0879331,0.218744,1636.84,0.156425,isolation_0.4_0.3_0.2,abc_mk
0.0966393,0.0959664,0.181463,788.058,0.143938,isolation_0.4_0.3_0.2,abc_mk
0.0909848,0.0990305,0.174927,1504.36,0.146363,isolation_0.4_0.3_0.2,abc_mk
0.0670506,0.124241,0.183351,665.549,0.149851,isolation_0.4_0.3_0.2,abc_mk
0.116062,0.0831658,0.186326,1528.15,0.147206,isolation_0.4_0.3_0.2,abc_mk
0.0485974,0.12197,0.160855,1545.86,0.144683,isolation_0.4_0.3_0.2,abc_mk
0.068149,0.103285,0.161198,1480.83,0.139189,isolation_0.4_0.3_0.2,abc_mk
0.0926733,0.0964432,0.176032,808.165,0.145289,isolation_0.4_0.3_0.2,abc_mk
0.0734593,0.113788,0.170919,803.779,0.143212,isolation_0.4_0.3_0.2,abc_mk
0.0845019,0.1068,0.176248,1069.63,0.145535,isolation_0.4_0.3_0.2,abc_mk
0.0418409,0.116174,0.16008,1072.77,0.138512,isolation_0.4_0.3_0.2,abc_mk
0.083486,0.106848,0.166846,765.887,0.143288,isolation_0.4_0.3_0.2,abc_mk
0.0636111,0.110475,0.165249,786.905,0.142878,isolation_0.4_0.3_0.2,abc_mk
0.0690051,0.11855,0.173956,765.603,0.148569,isolation_0.4_0.3_0.2,abc_mk
0.124759,0.0936466,0.203029,1452.34,0.152889,isolation_0.4_0.3_0.2,abc_mk
0.0509984,0.112288,0.160376,761.264,0.142338,isolation_0.4_0.3_0.2,abc_mk
0.116638,0.0938803,0.199536,754.077,0.149639,isolation_0.4_0.3_0.2,abc_mk
0.0964973,0.102335,0.179734,663.994,0.148895,isolation_0.4_0.3_0.2,abc_mk
0.128532,0.0887118,0.200445,827.861,0.151474,isolation_0.4_0.3_0.2,abc_mk
0.0919365,0.0865605,0.170601,805.403,0.142773,isolation_0.4_0.3_0.2,abc_mk
0.108265,0.108722,0.19573,806.153,0.151102,isolation_0.4_0.3_0.2,abc_mk
0.114201,0.104677,0.198552,749.376,0.152203,isolation_0.4_0.3_0.2,abc_mk
0.146009,0.0930749,0.226331,1575.37,0.157649,isolation_0.4_0.3_0.2,abc_mk
0.19207,0.0883921,0.260589,1526.45,0.164465,isolation_0.4_0.3_0.2,abc_mk
0.108399,0.0892355,0.183951,1587.62,0.147229,isolation_0.4_0.3_0.2,abc_mk
0.0905867,0.104826,0.176199,1375.54,0.146363,isolation_0.4_0.3_0.2,abc_mk
0.0907166,0.107147,0.174229,1539.67,0.14592,isolation_0.4_0.3_0.2,abc_mk
0.032274,0.140003,0.171149,643.54,0.147839,isolation_0.4_0.3_0.2,abc_mk
0.0273095,0.113788,0.144442,1095.87,0.136246,isolation_0.4_0.3_0.2,abc_mk
0.113325,0.0882902,0.191482,814.013,0.147325,isolation_0.4_0.3_0.2,abc_mk
0.0596851,0.103572,0.153569,660.316,0.141948,isolation_0.4_0.3_0.2,abc_mk
0.129249,0.0864247,0.197319,813.621,0.151939,isolation_0.4_0.3_0.2,abc_mk
0.0564726,0.0986708,0.148028,829.523,0.137367,isolation_0.4_0.3_0.2,abc_mk
0.105404,0.0953293,0.187261,787.498,0.147548,isolation_0.4_0.3_0.2,abc_mk
0.0621458,0.128833,0.182574,818.287,0.145904,isolation_0.4_0.3_0.2,abc_mk
0.083958,0.127739,0.195008,653.717,0.149551,isolation_0.4_0.3_0.2,abc_mk
0.0965913,0.0981419,0.176293,776.991,0.146989,isolation_0.4_0.3_0.2,abc_mk
0.105413,0.0969417,0.187123,791.971,0.151778,isolation_0.4_0.3_0.2,abc_mk
0.068641,0.100277,0.148706,714.398,0.136796,isolation_0.4_0.3_0.2,abc_mk
0.0748675,0.104677,0.164453,638.576,0.144381,isolation_0.4_0.3_0.2,abc_mk
0.0983551,0.103875,0.184968,1052.33,0.148744,isolation_0.4_0.3_0.2,abc_mk
0.0801035,0.109728,0.173468,1534.42,0.146424,isolation_0.4_0.3_0.2,abc_mk
0.0851425,0.103324,0.171388,750.394,0.144602,isolation_0.4_0.3_0.2,abc_mk
0.122368,0.0792065,0.187529,1534.23,0.147149,isolation_0.4_0.3_0.2,abc_mk
0.102141,0.105149,0.188363,836.991,0.149322,isolation_0.4_0.3_0.2,abc_mk
0.0715728,0.106761,0.166492,1443.62,0.147971,isolation_0.4_0.3_0.2,abc_mk
0.117054,0.0947338,0.191722,826.755,0.147614,isolation_0.4_0.3_0.2,abc_mk
0.11129,0.105181,0.197008,786.403,0.152824,isolation_0.4_0.3_0.2,abc_mk
0.0478076,0.111474,0.155668,759.358,0.141436,isolation_0.4_0.3_0.2,abc_mk
0.0889586,0.106514,0.177417,1493.52,0.145189,isolation_0.4_0.3_0.2,abc_mk
0.046216,0.121251,0.170328,725.696,0.146542,isolation_0.4_0.3_0.2,abc_mk
0.0735912,0.107669,0.170129,758.732,0.142113,isolation_0.4_0.3_0.2,abc_mk
0.0931954,0.104247,0.181913,1586.0,0.144767,isolation_0.4_0.3_0.2,abc_mk
0.112302,0.0820306,0.183894,775.416,0.1447,isolation_0.4_0.3_0.2,abc_mk
0.0908442,0.1048,0.186092,881.419,0.149289,isolation_0.4_0.3_0.2,abc_mk
0.078118,0.10357,0.169124,681.092,0.147316,isolation_0.4_0.3_0.2,abc_mk
0.0548027,0.113056,0.163083,841.464,0.140386,isolation_0.4_0.3_0.2,abc_mk
0.0935317,0.100929,0.192893,851.101,0.146386,isolation_0.4_0.3_0.2,abc_mk
0.0938709,0.104176,0.175938,681.796,0.146491,isolation_0.4_0.3_0.2,abc_mk
0.0925479,0.090188,0.171469,791.615,0.141559,isolation_0.4_0.3_0.2,abc_mk
0.0171942,0.129843,0.151153,600.108,0.141826,isolation_0.4_0.3_0.2,abc_mk
0.0938393,0.097042,0.176602,752.108,0.144383,isolation_0.4_0.3_0.2,abc_mk
0.104346,0.1026,0.188657,1446.21,0.147062,isolation_0.4_0.3_0.2,abc_mk
0.228995,0.108745,0.328515,799.585,0.178544,isolation_0.4_0.3_0.4,abc_mk
0.277411,0.0948908,0.346171,1652.43,0.185921,isolation_0.4_0.3_0.4,abc_mk
0.259461,0.108954,0.340985,699.554,0.18144,isolation_0.4_0.3_0.4,abc_mk
0.217014,0.128437,0.320878,1473.8,0.178083,isolation_0.4_0.3_0.4,abc_mk
0.183527,0.122351,0.290515,1513.14,0.166401,isolation_0.4_0.3_0.4,abc_mk
0.280507,0.0969629,0.358323,1330.67,0.185854,isolation_0.4_0.3_0.4,abc_mk
0.236479,0.110612,0.32394,1420.83,0.17828,isolation_0.4_0.3_0.4,abc_mk
0.305478,0.0966608,0.374835,1554.22,0.187597,isolation_0.4_0.3_0.4,abc_mk
0.237182,0.119059,0.330827,779.238,0.180793,isolation_0.4_0.3_0.4,abc_mk
0.272599,0.106053,0.359262,1418.51,0.187265,isolation_0.4_0.3_0.4,abc_mk
0.21915,0.109878,0.308619,1453.8,0.175041,isolation_0.4_0.3_0.4,abc_mk
0.293178,0.101561,0.36984,1589.85,0.193392,isolation_0.4_0.3_0.4,abc_mk
0.271327,0.10808,0.350202,805.382,0.186396,isolation_0.4_0.3_0.4,abc_mk
0.229153,0.107897,0.321758,1551.68,0.175984,isolation_0.4_0.3_0.4,abc_mk
0.238028,0.101258,0.320672,1560.25,0.175187,isolation_0.4_0.3_0.4,abc_mk
0.251387,0.113036,0.344419,1513.3,0.185648,isolation_0.4_0.3_0.4,abc_mk
0.254593,0.0968245,0.344839,1497.62,0.182839,isolation_0.4_0.3_0.4,abc_mk
0.20509,0.118759,0.307649,1474.25,0.171289,isolation_0.4_0.3_0.4,abc_mk
0.251378,0.104394,0.345109,1579.96,0.182426,isolation_0.4_0.3_0.4,abc_mk
0.178542,0.136588,0.298982,787.913,0.167049,isolation_0.4_0.3_0.4,abc_mk
0.226919,0.110011,0.317638,1430.95,0.17475,isolation_0.4_0.3_0.4,abc_mk
0.257016,0.0997921,0.336119,1408.09,0.181025,isolation_0.4_0.3_0.4,abc_mk
0.236058,0.120568,0.329907,784.236,0.181125,isolation_0.4_0.3_0.4,abc_mk
0.246567,0.103295,0.329645,778.059,0.182032,isolation_0.4_0.3_0.4,abc_mk
0.298542,0.092957,0.37267,1658.67,0.190422,isolation_0.4_0.3_0.4,abc_mk
0.213214,0.12193,0.304737,792.099,0.172798,isolation_0.4_0.3_0.4,abc_mk
0.242641,0.105697,0.327067,810.632,0.179103,isolation_0.4_0.3_0.4,abc_mk
0.1854,0.118429,0.287904,1474.54,0.166864,isolation_0.4_0.3_0.4,abc_mk
0.242649,0.101931,0.333645,770.624,0.178442,isolation_0.4_0.3_0.4,abc_mk
0.252797,0.104416,0.346876,1552.07,0.182459,isolation_0.4_0.3_0.4,abc_mk
0.194404,0.126954,0.299682,1587.74,0.169193,isolation_0.4_0.3_0.4,abc_mk
0.176151,0.131378,0.292303,798.075,0.168598,isolation_0.4_0.3_0.4,abc_mk
0.231666,0.112123,0.320965,1474.76,0.178041,isolation_0.4_0.3_0.4,abc_mk
0.215747,0.12556,0.323159,824.813,0.176353,isolation_0.4_0.3_0.4,abc_mk
0.231248,0.107431,0.323103,1494.08,0.175311,isolation_0.4_0.3_0.4,abc_mk
0.249063,0.108284,0.345958,1597.89,0.181639,isolation_0.4_0.3_0.4,abc_mk
0.213479,0.130589,0.318161,1523.03,0.176528,isolation_0.4_0.3_0.4,abc_mk
0.257984,0.103288,0.336244,1563.12,0.177875,isolation_0.4_0.3_0.4,abc_mk
0.277674,0.109696,0.354802,1533.49,0.187069,isolation_0.4_0.3_0.4,abc_mk
0.201282,0.117017,0.309189,754.155,0.173525,isolation_0.4_0.3_0.4,abc_mk
0.242689,0.0995851,0.32441,1439.52,0.173791,isolation_0.4_0.3_0.4,abc_mk
0.233607,0.117553,0.332316,1470.9,0.179998,isolation_0.4_0.3_0.4,abc_mk
0.251225,0.100242,0.32558,1505.0,0.175385,isolation_0.4_0.3_0.4,abc_mk
0.195366,0.122425,0.298209,1537.79,0.171973,isolation_0.4_0.3_0.4,abc_mk
0.20183,0.1223,0.305151,1591.88,0.173999,isolation_0.4_0.3_0.4,abc_mk
0.206409,0.122254,0.315849,1402.77,0.175622,isolation_0.4_0.3_0.4,abc_mk
0.218725,0.117913,0.3117,822.889,0.173391,isolation_0.4_0.3_0.4,abc_mk
0.31988,0.101926,0.402465,1635.13,0.197696,isolation_0.4_0.3_0.4,abc_mk
0.280434,0.102619,0.377632,1512.04,0.193265,isolation_0.4_0.3_0.4,abc_mk
0.225048,0.119751,0.32381,799.853,0.177285,isolation_0.4_0.3_0.4,abc_mk
0.248901,0.102736,0.339457,1449.96,0.181361,isolation_0.4_0.3_0.4,abc_mk
0.242048,0.119862,0.340764,784.02,0.185241,isolation_0.4_0.3_0.4,abc_mk
0.23325,0.112791,0.323318,792.642,0.17897,isolation_0.4_0.3_0.4,abc_mk
0.271731,0.100451,0.347228,1480.69,0.183773,isolation_0.4_0.3_0.4,abc_mk
0.253979,0.110192,0.339726,1334.03,0.184262,isolation_0.4_0.3_0.4,abc_mk
0.206414,0.128548,0.315142,627.602,0.17761,isolation_0.4_0.3_0.4,abc_mk
0.296539,0.0865985,0.374271,1602.33,0.190495,isolation_0.4_0.3_0.4,abc_mk
0.266637,0.103089,0.350546,791.753,0.189356,isolation_0.4_0.3_0.4,abc_mk
0.205227,0.125731,0.305921,1536.9,0.172068,isolation_0.4_0.3_0.4,abc_mk
0.207583,0.11903,0.307028,818.952,0.17201,isolation_0.4_0.3_0.4,abc_mk
0.284676,0.104839,0.373978,1532.12,0.190334,isolation_0.4_0.3_0.4,abc_mk
0.226583,0.123884,0.323714,696.578,0.175266,isolation_0.4_0.3_0.4,abc_mk
0.262092,0.107282,0.34349,1465.76,0.184375,isolation_0.4_0.3_0.4,abc_mk
0.270329,0.107141,0.35128,761.012,0.186871,isolation_0.4_0.3_0.4,abc_mk
0.224454,0.104565,0.31804,1504.05,0.175225,isolation_0.4_0.3_0.4,abc_mk
0.311526,0.0972401,0.37469,1538.37,0.190246,isolation_0.4_0.3_0.4,abc_mk
0.254985,0.108028,0.339263,1582.44,0.183457,isolation_0.4_0.3_0.4,abc_mk
0.235866,0.117494,0.333967,796.444,0.181908,isolation_0.4_0.3_0.4,abc_mk
0.28285,0.0974913,0.35633,824.238,0.190654,isolation_0.4_0.3_0.4,abc_mk
0.219832,0.116535,0.314563,700.7,0.175251,isolation_0.4_0.3_0.4,abc_mk
0.24244,0.102593,0.330048,1572.44,0.177685,isolation_0.4_0.3_0.4,abc_mk
0.20632,0.115963,0.305929,1485.97,0.169451,isolation_0.4_0.3_0.4,abc_mk
0.261356,0.102511,0.342799,1392.17,0.187562,isolation_0.4_0.3_0.4,abc_mk
0.225064,0.100506,0.310768,1466.67,0.172189,isolation_0.4_0.3_0.4,abc_mk
0.216544,0.103558,0.309391,1468.98,0.173905,isolation_0.4_0.3_0.4,abc_mk
0.236259,0.0960048,0.312456,1455.74,0.176542,isolation_0.4_0.3_0.4,abc_mk
0.246824,0.113899,0.343912,714.974,0.182034,isolation_0.4_0.3_0.4,abc_mk
0.234594,0.114178,0.325509,1589.09,0.17731,isolation_0.4_0.3_0.4,abc_mk
0.217416,0.127126,0.31427,812.111,0.173098,isolation_0.4_0.3_0.4,abc_mk
0.186204,0.123138,0.287316,753.129,0.164284,isolation_0.4_0.3_0.4,abc_mk
0.241376,0.106858,0.328044,1517.45,0.177116,isolation_0.4_0.3_0.4,abc_mk
0.198971,0.113661,0.298413,783.976,0.168958,isolation_0.4_0.3_0.4,abc_mk
0.219985,0.122549,0.325389,1430.03,0.180103,isolation_0.4_0.3_0.4,abc_mk
0.263528,0.101842,0.352386,796.152,0.184602,isolation_0.4_0.3_0.4,abc_mk
0.164996,0.136244,0.277479,1548.68,0.16316,isolation_0.4_0.3_0.4,abc_mk
0.236067,0.106844,0.326807,1463.27,0.178652,isolation_0.4_0.3_0.4,abc_mk
0.230528,0.109628,0.317706,1426.4,0.174939,isolation_0.4_0.3_0.4,abc_mk
0.244961,0.100651,0.332322,836.888,0.179027,isolation_0.4_0.3_0.4,abc_mk
0.200398,0.113395,0.29562,1532.3,0.168719,isolation_0.4_0.3_0.4,abc_mk
0.262023,0.114368,0.356751,765.147,0.1862,isolation_0.4_0.3_0.4,abc_mk
0.200554,0.1163,0.299097,728.266,0.17327,isolation_0.4_0.3_0.4,abc_mk
0.23059,0.100598,0.317966,1477.24,0.173199,isolation_0.4_0.3_0.4,abc_mk
0.272337,0.0977908,0.352598,1511.98,0.182729,isolation_0.4_0.3_0.4,abc_mk
0.283068,0.0934898,0.360417,1542.08,0.181965,isolation_0.4_0.3_0.4,abc_mk
0.237266,0.106004,0.326864,1471.87,0.177375,isolation_0.4_0.3_0.4,abc_mk
0.243925,0.109081,0.331376,1488.62,0.179675,isolation_0.4_0.3_0.4,abc_mk
0.203511,0.115769,0.3089,815.097,0.174211,isolation_0.4_0.3_0.4,abc_mk
0.236366,0.118128,0.322389,778.667,0.180176,isolation_0.4_0.3_0.4,abc_mk
0.267816,0.106626,0.35788,774.517,0.185781,isolation_0.4_0.3_0.4,abc_mk
0.270583,0.110403,0.346774,1446.6,0.18241,isolation_0.4_0.3_0.4,abc_mk
0.291845,0.108051,0.377659,769.28,0.194083,isolation_0.4_0.3_0.4,abc_mk
0.263102,0.145643,0.392306,1578.14,0.174822,isolation_0.4_0.3_0.8,abc_mk
0.253943,0.145789,0.378246,1581.56,0.174077,isolation_0.4_0.3_0.8,abc_mk
0.259074,0.162582,0.405727,729.717,0.181603,isolation_0.4_0.3_0.8,abc_mk
0.226019,0.160024,0.36303,612.268,0.167314,isolation_0.4_0.3_0.8,abc_mk
0.266284,0.144284,0.396136,687.735,0.178238,isolation_0.4_0.3_0.8,abc_mk
0.295097,0.124363,0.412155,1514.76,0.181897,isolation_0.4_0.3_0.8,abc_mk
0.272955,0.143917,0.401394,1496.72,0.178711,isolation_0.4_0.3_0.8,abc_mk
0.296562,0.137555,0.414192,724.396,0.183428,isolation_0.4_0.3_0.8,abc_mk
0.277794,0.135673,0.392121,641.632,0.177073,isolation_0.4_0.3_0.8,abc_mk
0.221792,0.161207,0.372193,759.726,0.171423,isolation_0.4_0.3_0.8,abc_mk
0.279015,0.134271,0.393096,1527.98,0.176583,isolation_0.4_0.3_0.8,abc_mk
0.287114,0.123098,0.391936,1618.29,0.176293,isolation_0.4_0.3_0.8,abc_mk
0.265881,0.131988,0.379615,627.738,0.172474,isolation_0.4_0.3_0.8,abc_mk
0.261885,0.137596,0.387699,1463.91,0.173071,isolation_0.4_0.3_0.8,abc_mk
0.194495,0.171805,0.354827,771.179,0.160478,isolation_0.4_0.3_0.8,abc_mk
0.286577,0.130964,0.394665,1591.97,0.176733,isolation_0.4_0.3_0.8,abc_mk
0.239014,0.16124,0.380453,779.644,0.17008,isolation_0.4_0.3_0.8,abc_mk
0.229473,0.167921,0.370633,1526.27,0.170151,isolation_0.4_0.3_0.8,abc_mk
0.255335,0.143215,0.380008,1495.65,0.171753,isolation_0.4_0.3_0.8,abc_mk
0.303458,0.124887,0.413072,1514.35,0.180949,isolation_0.4_0.3_0.8,abc_mk
0.28692,0.126137,0.39498,1570.17,0.174346,isolation_0.4_0.3_0.8,abc_mk
0.297379,0.133,0.408356,734.244,0.179395,isolation_0.4_0.3_0.8,abc_mk
0.268306,0.13898,0.385142,675.787,0.171122,isolation_0.4_0.3_0.8,abc_mk
0.251577,0.157557,0.38341,1387.35,0.171908,isolation_0.4_0.3_0.8,abc_mk
0.269982,0.144792,0.397613,641.442,0.180797,isolation_0.4_0.3_0.8,abc_mk
0.240633,0.146502,0.374362,1561.51,0.16993,isolation_0.4_0.3_0.8,abc_mk
0.26731,0.149695,0.392137,1505.55,0.177777,isolation_0.4_0.3_0.8,abc_mk
0.259871,0.140235,0.381082,1593.75,0.169363,isolation_0.4_0.3_0.8,abc_mk
0.286682,0.127218,0.397901,641.412,0.176475,isolation_0.4_0.3_0.8,abc_mk
0.233524,0.155442,0.372097,695.091,0.169034,isolation_0.4_0.3_0.8,abc_mk
0.247172,0.154071,0.383914,1416.34,0.174392,isolation_0.4_0.3_0.8,abc_mk
0.232723,0.144772,0.366333,576.929,0.166569,isolation_0.4_0.3_0.8,abc_mk
0.248125,0.143403,0.372298,1576.58,0.167511,isolation_0.4_0.3_0.8,abc_mk
0.239748,0.147391,0.371068,1580.11,0.166403,isolation_0.4_0.3_0.8,abc_mk
0.236674,0.169074,0.384304,782.623,0.174619,isolation_0.4_0.3_0.8,abc_mk
0.294474,0.130339,0.401225,1633.45,0.175703,isolation_0.4_0.3_0.8,abc_mk
0.246033,0.135278,0.377515,767.528,0.170916,isolation_0.4_0.3_0.8,abc_mk
0.24485,0.144725,0.377997,717.749,0.174033,isolation_0.4_0.3_0.8,abc_mk
0.256494,0.138048,0.381,1541.34,0.17117,isolation_0.4_0.3_0.8,abc_mk
0.26467,0.152435,0.394717,1574.19,0.176809,isolation_0.4_0.3_0.8,abc_mk
0.241362,0.159824,0.372441,681.336,0.166229,isolation_0.4_0.3_0.8,abc_mk
0.271431,0.123028,0.378253,641.989,0.170585,isolation_0.4_0.3_0.8,abc_mk
0.273479,0.16062,0.413708,643.56,0.184453,isolation_0.4_0.3_0.8,abc_mk
0.276183,0.132786,0.397453,1622.84,0.17525,isolation_0.4_0.3_0.8,abc_mk
0.250073,0.158107,0.386332,1143.84,0.173746,isolation_0.4_0.3_0.8,abc_mk
0.260879,0.145469,0.396768,1519.74,0.177792,isolation_0.4_0.3_0.8,abc_mk
0.220596,0.164454,0.374436,837.412,0.168847,isolation_0.4_0.3_0.8,abc_mk
0.265721,0.146247,0.397348,680.641,0.18031,isolation_0.4_0.3_0.8,abc_mk
0.290504,0.131813,0.398308,1539.47,0.178856,isolation_0.4_0.3_0.8,abc_mk
0.273922,0.137863,0.389904,1506.9,0.17362,isolation_0.4_0.3_0.8,abc_mk
0.287092,0.126492,0.399174,1612.29,0.174064,isolation_0.4_0.3_0.8,abc_mk
0.248337,0.148543,0.379216,794.281,0.169814,isolation_0.4_0.3_0.8,abc_mk
0.229513,0.15975,0.36807,1080.24,0.167968,isolation_0.4_0.3_0.8,abc_mk
0.26802,0.133485,0.384126,709.627,0.174188,isolation_0.4_0.3_0.8,abc_mk
0.282167,0.134173,0.403418,681.874,0.179237,isolation_0.4_0.3_0.8,abc_mk
0.224602,0.155761,0.362537,765.933,0.167894,isolation_0.4_0.3_0.8,abc_mk
0.296912,0.131407,0.415341,1533.08,0.183374,isolation_0.4_0.3_0.8,abc_mk
0.248809,0.15106,0.377815,689.271,0.169426,isolation_0.4_0.3_0.8,abc_mk
0.248763,0.142331,0.374215,716.395,0.168585,isolation_0.4_0.3_0.8,abc_mk
0.285373,0.137023,0.397174,702.17,0.175653,isolation_0.4_0.3_0.8,abc_mk
0.258576,0.141631,0.385032,691.7,0.176862,isolation_0.4_0.3_0.8,abc_mk
0.239863,0.155,0.374329,676.171,0.168127,isolation_0.4_0.3_0.8,abc_mk
0.232421,0.154944,0.382366,772.847,0.171612,isolation_0.4_0.3_0.8,abc_mk
0.304368,0.127097,0.414864,1624.73,0.181841,isolation_0.4_0.3_0.8,abc_mk
0.298748,0.133188,0.410672,697.269,0.182171,isolation_0.4_0.3_0.8,abc_mk
0.228611,0.159885,0.3681,782.452,0.165785,isolation_0.4_0.3_0.8,abc_mk
0.298657,0.129119,0.400966,1610.07,0.178603,isolation_0.4_0.3_0.8,abc_mk
0.25835,0.142094,0.388398,702.794,0.172197,isolation_0.4_0.3_0.8,abc_mk
0.261746,0.135758,0.374644,1570.98,0.16929,isolation_0.4_0.3_0.8,abc_mk
0.260662,0.143227,0.386814,745.537,0.174005,isolation_0.4_0.3_0.8,abc_mk
0.290733,0.13505,0.40129,1527.42,0.179368,isolation_0.4_0.3_0.8,abc_mk
0.27489,0.129785,0.39623,1544.45,0.176467,isolation_0.4_0.3_0.8,abc_mk
0.248079,0.148618,0.381668,828.458,0.170702,isolation_0.4_0.3_0.8,abc_mk
0.290295,0.12322,0.403057,1533.79,0.177937,isolation_0.4_0.3_0.8,abc_mk
0.260268,0.141119,0.37895,695.122,0.169399,isolation_0.4_0.3_0.8,abc_mk
0.271915,0.134618,0.396852,1526.23,0.178454,isolation_0.4_0.3_0.8,abc_mk
0.322623,0.12669,0.420904,1580.41,0.183307,isolation_0.4_0.3_0.8,abc_mk
0.25312,0.143086,0.390034,737.247,0.17375,isolation_0.4_0.3_0.8,abc_mk
0.268523,0.128401,0.388653,631.772,0.172414,isolation_0.4_0.3_0.8,abc_mk
0.259978,0.13138,0.373305,1607.0,0.166928,isolation_0.4_0.3_0.8,abc_mk
0.220629,0.16341,0.367439,1413.35,0.170772,isolation_0.4_0.3_0.8,abc_mk
0.276786,0.147483,0.408063,1527.4,0.183706,isolation_0.4_0.3_0.8,abc_mk
0.323218,0.12037,0.421233,1588.53,0.184696,isolation_0.4_0.3_0.8,abc_mk
0.224375,0.16295,0.366333,690.936,0.167132,isolation_0.4_0.3_0.8,abc_mk
0.283216,0.145447,0.400134,1533.06,0.180464,isolation_0.4_0.3_0.8,abc_mk
0.237974,0.15718,0.370185,1389.55,0.169875,isolation_0.4_0.3_0.8,abc_mk
0.275474,0.142661,0.393326,684.05,0.174848,isolation_0.4_0.3_0.8,abc_mk
0.228811,0.166619,0.377433,678.378,0.170046,isolation_0.4_0.3_0.8,abc_mk
0.250501,0.138687,0.372756,1582.38,0.166961,isolation_0.4_0.3_0.8,abc_mk
0.299383,0.128164,0.410439,1617.35,0.180501,isolation_0.4_0.3_0.8,abc_mk
0.206357,0.164725,0.361658,767.835,0.163378,isolation_0.4_0.3_0.8,abc_mk
0.290939,0.132746,0.401768,714.573,0.180562,isolation_0.4_0.3_0.8,abc_mk
0.240117,0.146924,0.36995,1503.67,0.169627,isolation_0.4_0.3_0.8,abc_mk
0.242122,0.143959,0.365179,651.169,0.16641,isolation_0.4_0.3_0.8,abc_mk
0.281675,0.139681,0.405322,1587.23,0.177124,isolation_0.4_0.3_0.8,abc_mk
0.333978,0.112742,0.426014,752.706,0.184942,isolation_0.4_0.3_0.8,abc_mk
0.252347,0.135088,0.376377,1570.09,0.168819,isolation_0.4_0.3_0.8,abc_mk
0.2454,0.144977,0.373547,643.321,0.168205,isolation_0.4_0.3_0.8,abc_mk
0.284721,0.128322,0.393509,682.144,0.177342,isolation_0.4_0.3_0.8,abc_mk
0.193919,0.169875,0.347778,1064.11,0.16375,isolation_0.4_0.3_0.8,abc_mk
0.226487,0.167795,0.375733,714.617,0.172957,isolation_0.4_0.3_0.8,abc_mk
0.26584,0.156429,0.407092,1462.69,0.176303,isolation_0.4_0.3_0.999,abc_mk
0.232643,0.180512,0.401858,1415.43,0.177391,isolation_0.4_0.3_0.999,abc_mk
0.294698,0.137125,0.417822,1537.75,0.185324,isolation_0.4_0.3_0.999,abc_mk
0.250264,0.162484,0.390433,1485.63,0.168508,isolation_0.4_0.3_0.999,abc_mk
0.326724,0.134434,0.441135,671.334,0.189303,isolation_0.4_0.3_0.999,abc_mk
0.257216,0.157902,0.401139,1400.84,0.173257,isolation_0.4_0.3_0.999,abc_mk
0.314103,0.123257,0.42689,1555.19,0.183583,isolation_0.4_0.3_0.999,abc_mk
0.2808,0.129786,0.389218,1473.31,0.170921,isolation_0.4_0.3_0.999,abc_mk
0.24319,0.170158,0.394734,1462.11,0.171748,isolation_0.4_0.3_0.999,abc_mk
0.241847,0.172668,0.398416,1503.14,0.175104,isolation_0.4_0.3_0.999,abc_mk
0.263457,0.168017,0.411889,1457.48,0.177709,isolation_0.4_0.3_0.999,abc_mk
0.318939,0.131086,0.427302,1566.3,0.185855,isolation_0.4_0.3_0.999,abc_mk
0.23904,0.175543,0.38974,1451.34,0.168713,isolation_0.4_0.3_0.999,abc_mk
0.321538,0.127416,0.426369,1564.95,0.182197,isolation_0.4_0.3_0.999,abc_mk
0.250437,0.163633,0.395369,1493.37,0.174872,isolation_0.4_0.3_0.999,abc_mk
0.266264,0.160213,0.401615,1437.23,0.175064,isolation_0.4_0.3_0.999,abc_mk
0.295174,0.123074,0.405639,1448.71,0.181733,isolation_0.4_0.3_0.999,abc_mk
0.279627,0.144239,0.400466,1520.67,0.172963,isolation_0.4_0.3_0.999,abc_mk
0.266803,0.159752,0.41335,1483.05,0.178733,isolation_0.4_0.3_0.999,abc_mk
0.272897,0.148435,0.409185,1438.84,0.177827,isolation_0.4_0.3_0.999,abc_mk
0.212,0.181979,0.383406,1491.16,0.170886,isolation_0.4_0.3_0.999,abc_mk
0.250643,0.177743,0.409588,1512.29,0.177976,isolation_0.4_0.3_0.999,abc_mk
0.314647,0.126014,0.427953,1571.11,0.184348,isolation_0.4_0.3_0.999,abc_mk
0.256204,0.160484,0.394928,1540.24,0.173333,isolation_0.4_0.3_0.999,abc_mk
0.213655,0.185756,0.388974,1372.75,0.171146,isolation_0.4_0.3_0.999,abc_mk
0.27496,0.161917,0.411662,1480.91,0.179653,isolation_0.4_0.3_0.999,abc_mk
0.28993,0.129606,0.404241,1433.29,0.179028,isolation_0.4_0.3_0.999,abc_mk
0.278983,0.144859,0.412644,1516.35,0.18028,isolation_0.4_0.3_0.999,abc_mk
0.273839,0.150834,0.401792,1554.12,0.174943,isolation_0.4_0.3_0.999,abc_mk
0.237885,0.165272,0.386686,1437.75,0.16964,isolation_0.4_0.3_0.999,abc_mk
0.23617,0.149194,0.38078,1483.53,0.169362,isolation_0.4_0.3_0.999,abc_mk
0.269585,0.147532,0.399567,1488.17,0.172465,isolation_0.4_0.3_0.999,abc_mk
0.294861,0.140439,0.419731,1478.12,0.179136,isolation_0.4_0.3_0.999,abc_mk
0.233907,0.169573,0.390956,1465.64,0.169927,isolation_0.4_0.3_0.999,abc_mk
0.274825,0.146591,0.401931,1521.5,0.176031,isolation_0.4_0.3_0.999,abc_mk
0.24018,0.153974,0.384691,1493.77,0.170514,isolation_0.4_0.3_0.999,abc_mk
0.302797,0.133581,0.419775,1345.05,0.182042,isolation_0.4_0.3_0.999,abc_mk
0.26685,0.157111,0.398481,1463.66,0.175126,isolation_0.4_0.3_0.999,abc_mk
0.232592,0.177332,0.394544,1472.58,0.172322,isolation_0.4_0.3_0.999,abc_mk
0.291055,0.138305,0.401839,1461.62,0.176283,isolation_0.4_0.3_0.999,abc_mk
0.241531,0.170217,0.392728,1446.98,0.174158,isolation_0.4_0.3_0.999,abc_mk
0.295865,0.129711,0.407569,1483.69,0.178894,isolation_0.4_0.3_0.999,abc_mk
0.276574,0.143084,0.403808,1544.02,0.175767,isolation_0.4_0.3_0.999,abc_mk
0.287382,0.134816,0.401915,1509.72,0.174034,isolation_0.4_0.3_0.999,abc_mk
0.303621,0.141571,0.426766,1417.18,0.184289,isolation_0.4_0.3_0.999,abc_mk
0.270131,0.163483,0.41504,1456.73,0.182189,isolation_0.4_0.3_0.999,abc_mk
0.308368,0.138285,0.43283,703.914,0.181724,isolation_0.4_0.3_0.999,abc_mk
0.2737,0.149064,0.408698,1420.41,0.178411,isolation_0.4_0.3_0.999,abc_mk
0.310941,0.139363,0.436079,1510.57,0.18996,isolation_0.4_0.3_0.999,abc_mk
0.330661,0.120017,0.43238,668.787,0.186632,isolation_0.4_0.3_0.999,abc_mk
0.267321,0.150684,0.399417,1522.4,0.175781,isolation_0.4_0.3_0.999,abc_mk
0.265893,0.156146,0.401881,1422.93,0.175621,isolation_0.4_0.3_0.999,abc_mk
0.3114,0.128937,0.42505,1518.97,0.179729,isolation_0.4_0.3_0.999,abc_mk
0.268921,0.15426,0.412686,1522.82,0.179177,isolation_0.4_0.3_0.999,abc_mk
0.233357,0.16758,0.385462,1544.95,0.167792,isolation_0.4_0.3_0.999,abc_mk
0.306555,0.132544,0.419039,1494.72,0.180239,isolation_0.4_0.3_0.999,abc_mk
0.295797,0.141529,0.418277,1464.78,0.185256,isolation_0.4_0.3_0.999,abc_mk
0.262518,0.156508,0.402756,1555.27,0.172555,isolation_0.4_0.3_0.999,abc_mk
0.243775,0.173944,0.405466,1549.57,0.176555,isolation_0.4_0.3_0.999,abc_mk
0.293701,0.148559,0.421755,1507.99,0.181242,isolation_0.4_0.3_0.999,abc_mk
0.259772,0.158132,0.402014,1435.68,0.176429,isolation_0.4_0.3_0.999,abc_mk
0.263845,0.162979,0.400374,1531.77,0.173072,isolation_0.4_0.3_0.999,abc_mk
0.295689,0.131461,0.413392,1532.84,0.180591,isolation_0.4_0.3_0.999,abc_mk
0.264242,0.159692,0.411175,1522.86,0.177519,isolation_0.4_0.3_0.999,abc_mk
0.234074,0.175336,0.398437,1471.44,0.175543,isolation_0.4_0.3_0.999,abc_mk
0.287041,0.158279,0.422905,1528.83,0.181138,isolation_0.4_0.3_0.999,abc_mk
0.277705,0.144758,0.404419,1441.33,0.175338,isolation_0.4_0.3_0.999,abc_mk
0.256496,0.162686,0.403711,1527.56,0.176604,isolation_0.4_0.3_0.999,abc_mk
0.258896,0.159562,0.399603,1501.84,0.175063,isolation_0.4_0.3_0.999,abc_mk
0.253594,0.163842,0.401759,1481.15,0.1757,isolation_0.4_0.3_0.999,abc_mk
0.282695,0.147258,0.406469,1546.22,0.176807,isolation_0.4_0.3_0.999,abc_mk
0.272234,0.154243,0.407828,1487.71,0.178078,isolation_0.4_0.3_0.999,abc_mk
0.264457,0.152162,0.398339,1441.19,0.174746,isolation_0.4_0.3_0.999,abc_mk
0.278032,0.139119,0.401599,1556.6,0.173562,isolation_0.4_0.3_0.999,abc_mk
0.285268,0.149897,0.414306,1504.79,0.180496,isolation_0.4_0.3_0.999,abc_mk
0.276672,0.133177,0.39888,1459.97,0.17404,isolation_0.4_0.3_0.999,abc_mk
0.240982,0.160996,0.387913,1427.05,0.169933,isolation_0.4_0.3_0.999,abc_mk
0.264443,0.152737,0.395912,1447.27,0.170509,isolation_0.4_0.3_0.999,abc_mk
0.263834,0.160496,0.41527,1496.3,0.176999,isolation_0.4_0.3_0.999,abc_mk
0.288151,0.146788,0.412355,1441.63,0.178969,isolation_0.4_0.3_0.999,abc_mk
0.304865,0.137479,0.422248,1519.97,0.182149,isolation_0.4_0.3_0.999,abc_mk
0.304209,0.139498,0.419869,1469.35,0.180228,isolation_0.4_0.3_0.999,abc_mk
0.208659,0.18537,0.383854,1496.71,0.169576,isolation_0.4_0.3_0.999,abc_mk
0.257758,0.159721,0.403276,1488.92,0.176685,isolation_0.4_0.3_0.999,abc_mk
0.259148,0.159847,0.411363,1439.86,0.179032,isolation_0.4_0.3_0.999,abc_mk
0.310983,0.129907,0.41818,1500.21,0.179034,isolation_0.4_0.3_0.999,abc_mk
0.279615,0.144362,0.402426,694.302,0.174571,isolation_0.4_0.3_0.999,abc_mk
0.270315,0.14898,0.405752,1444.07,0.178302,isolation_0.4_0.3_0.999,abc_mk
0.248905,0.161698,0.401924,1510.87,0.17494,isolation_0.4_0.3_0.999,abc_mk
0.30856,0.124148,0.419203,1499.28,0.18205,isolation_0.4_0.3_0.999,abc_mk
0.240038,0.160726,0.388883,1452.71,0.171161,isolation_0.4_0.3_0.999,abc_mk
0.252791,0.164644,0.398927,1392.68,0.173094,isolation_0.4_0.3_0.999,abc_mk
0.238395,0.160157,0.383828,1529.97,0.168462,isolation_0.4_0.3_0.999,abc_mk
0.246618,0.161289,0.389666,1446.67,0.172461,isolation_0.4_0.3_0.999,abc_mk
0.306211,0.133497,0.42855,1434.65,0.183686,isolation_0.4_0.3_0.999,abc_mk
0.258122,0.157235,0.400384,1450.45,0.174294,isolation_0.4_0.3_0.999,abc_mk
0.273827,0.139929,0.402204,616.094,0.176212,isolation_0.4_0.3_0.999,abc_mk
0.2433,0.159097,0.389506,1451.89,0.173547,isolation_0.4_0.3_0.999,abc_mk
0.318677,0.140987,0.441082,1552.67,0.186004,isolation_0.4_0.3_0.999,abc_mk
0.286574,0.136851,0.408866,1501.53,0.178402,isolation_0.4_0.3_0.999,abc_mk
0.280771,0.125069,0.39466,1450.8,0.176779,isolation_0.4_0.3_0.999,abc_mk
