aw	as	a	gamNeg	shape	analysis	b	w	method
0.106899	0.0176495	0.126099	576.338	0.146677	noDemog_0.4_0.1_0.2	0.2	0.1	abc
0.0997858	0.0397406	0.141502	814.431	0.148965	noDemog_0.4_0.1_0.2	0.2	0.1	abc
0.0645449	0.0647357	0.126723	335.694	0.146651	noDemog_0.4_0.1_0.2	0.2	0.1	abc
0.072771	0.0456663	0.129801	547.007	0.146448	noDemog_0.4_0.1_0.2	0.2	0.1	abc
0.110609	0.0281334	0.132013	455.487	0.14975	noDemog_0.4_0.1_0.2	0.2	0.1	abc
0.101051	0.0542478	0.153555	600.79	0.160724	noDemog_0.4_0.1_0.2	0.2	0.1	abc
0.0891774	0.0297801	0.128464	726.572	0.148619	noDemog_0.4_0.1_0.2	0.2	0.1	abc
0.0944309	0.046297	0.14329	382.482	0.154823	noDemog_0.4_0.1_0.2	0.2	0.1	abc
0.117117	0.0224406	0.133584	748.333	0.151239	noDemog_0.4_0.1_0.2	0.2	0.1	abc
0.0723054	0.0324502	0.099744	578.25	0.14031	noDemog_0.4_0.1_0.2	0.2	0.1	abc
0.077724	0.0756769	0.149217	435.488	0.153886	noDemog_0.4_0.1_0.2	0.2	0.1	abc
0.111668	0.0123633	0.12364	421.575	0.149138	noDemog_0.4_0.1_0.2	0.2	0.1	abc
0.109958	0.0295536	0.133675	633.445	0.149076	noDemog_0.4_0.1_0.2	0.2	0.1	abc
0.0833863	0.0374091	0.120187	347.373	0.142688	noDemog_0.4_0.1_0.2	0.2	0.1	abc
0.0988878	0.0366105	0.134472	757.649	0.150028	noDemog_0.4_0.1_0.2	0.2	0.1	abc
0.10604	0.0622026	0.160906	410.251	0.156204	noDemog_0.4_0.1_0.2	0.2	0.1	abc
0.0791217	0.0514376	0.130394	718.254	0.146851	noDemog_0.4_0.1_0.2	0.2	0.1	abc
0.0644032	0.0779277	0.141351	330.18	0.154914	noDemog_0.4_0.1_0.2	0.2	0.1	abc
0.137769	0.028337	0.155827	489.446	0.155117	noDemog_0.4_0.1_0.2	0.2	0.1	abc
0.120548	0.0178183	0.135587	791.584	0.150117	noDemog_0.4_0.1_0.2	0.2	0.1	abc
0.0700869	0.0804208	0.146777	493.051	0.153543	noDemog_0.4_0.1_0.2	0.2	0.1	abc
0.0860153	0.0533948	0.145547	450.348	0.154292	noDemog_0.4_0.1_0.2	0.2	0.1	abc
0.0945933	0.0426658	0.13667	382.621	0.149218	noDemog_0.4_0.1_0.2	0.2	0.1	abc
0.123789	0.022587	0.141402	480.989	0.148182	noDemog_0.4_0.1_0.2	0.2	0.1	abc
0.0342066	0.10001	0.135779	847.754	0.148219	noDemog_0.4_0.1_0.2	0.2	0.1	abc
0.0637013	0.0797141	0.137874	381.056	0.151148	noDemog_0.4_0.1_0.2	0.2	0.1	abc
0.0424149	0.0813798	0.122874	547.613	0.143628	noDemog_0.4_0.1_0.2	0.2	0.1	abc
0.0824825	0.0384021	0.122956	471.458	0.147881	noDemog_0.4_0.1_0.2	0.2	0.1	abc
0.0531311	0.0914472	0.143921	433.57	0.151858	noDemog_0.4_0.1_0.2	0.2	0.1	abc
0.130148	0.0150928	0.143638	356.053	0.153032	noDemog_0.4_0.1_0.2	0.2	0.1	abc
0.0690917	0.0811275	0.143025	304.789	0.152297	noDemog_0.4_0.1_0.2	0.2	0.1	abc
0.0891084	0.0527841	0.139097	453.145	0.154315	noDemog_0.4_0.1_0.2	0.2	0.1	abc
0.0798579	0.0516491	0.141041	693.733	0.147817	noDemog_0.4_0.1_0.2	0.2	0.1	abc
0.0531126	0.0792848	0.135243	820.727	0.150252	noDemog_0.4_0.1_0.2	0.2	0.1	abc
0.0947326	0.0271038	0.126855	420.03	0.143514	noDemog_0.4_0.1_0.2	0.2	0.1	abc
0.124421	0.0338891	0.162238	531.537	0.155202	noDemog_0.4_0.1_0.2	0.2	0.1	abc
0.121499	0.0169059	0.138633	402.724	0.148834	noDemog_0.4_0.1_0.2	0.2	0.1	abc
0.150167	0.0018348	0.135849	837.865	0.151021	noDemog_0.4_0.1_0.2	0.2	0.1	abc
0.0644359	0.0756679	0.139928	381.031	0.153697	noDemog_0.4_0.1_0.2	0.2	0.1	abc
0.142042	-0.00586917	0.13322	959.607	0.14953	noDemog_0.4_0.1_0.2	0.2	0.1	abc
0.113228	0.0532029	0.159455	501.873	0.158496	noDemog_0.4_0.1_0.2	0.2	0.1	abc
0.114354	0.059267	0.170737	489.622	0.161321	noDemog_0.4_0.1_0.2	0.2	0.1	abc
0.131166	-0.00033131	0.127941	860.666	0.147562	noDemog_0.4_0.1_0.2	0.2	0.1	abc
0.118229	0.0260748	0.143627	464.983	0.152414	noDemog_0.4_0.1_0.2	0.2	0.1	abc
0.119404	0.0131826	0.132973	377.984	0.146883	noDemog_0.4_0.1_0.2	0.2	0.1	abc
0.10847	0.022131	0.135274	537.778	0.14797	noDemog_0.4_0.1_0.2	0.2	0.1	abc
0.0736786	0.076296	0.14809	449.943	0.155581	noDemog_0.4_0.1_0.2	0.2	0.1	abc
0.140737	0.0147566	0.140426	498.7	0.153015	noDemog_0.4_0.1_0.2	0.2	0.1	abc
0.0727931	0.0472121	0.114774	849.079	0.141471	noDemog_0.4_0.1_0.2	0.2	0.1	abc
0.0713571	0.0635346	0.133485	374.471	0.14739	noDemog_0.4_0.1_0.2	0.2	0.1	abc
0.0940618	0.0325149	0.12737	405.661	0.148385	noDemog_0.4_0.1_0.2	0.2	0.1	abc
0.0729938	0.0419449	0.125415	431.644	0.146202	noDemog_0.4_0.1_0.2	0.2	0.1	abc
0.0685665	0.0721579	0.143663	766.832	0.153128	noDemog_0.4_0.1_0.2	0.2	0.1	abc
0.123923	0.0335937	0.156462	488.845	0.158672	noDemog_0.4_0.1_0.2	0.2	0.1	abc
0.0943778	0.0462205	0.140421	407.586	0.153462	noDemog_0.4_0.1_0.2	0.2	0.1	abc
0.093753	0.0352085	0.13637	490.587	0.148249	noDemog_0.4_0.1_0.2	0.2	0.1	abc
0.069098	0.0610619	0.132662	801.359	0.152021	noDemog_0.4_0.1_0.2	0.2	0.1	abc
0.0790219	0.0649659	0.146316	772.782	0.153674	noDemog_0.4_0.1_0.2	0.2	0.1	abc
0.119635	0.0306535	0.146545	342.527	0.153619	noDemog_0.4_0.1_0.2	0.2	0.1	abc
0.0239015	0.111195	0.132053	513.117	0.148921	noDemog_0.4_0.1_0.2	0.2	0.1	abc
0.117743	0.0438114	0.163899	784.643	0.162333	noDemog_0.4_0.1_0.2	0.2	0.1	abc
0.110873	0.0309555	0.146041	512.139	0.152714	noDemog_0.4_0.1_0.2	0.2	0.1	abc
0.164907	0.00711609	0.160729	455.149	0.155428	noDemog_0.4_0.1_0.2	0.2	0.1	abc
0.0828384	0.0588138	0.1382	384.028	0.151821	noDemog_0.4_0.1_0.2	0.2	0.1	abc
0.123137	0.0339	0.157712	534.977	0.155021	noDemog_0.4_0.1_0.2	0.2	0.1	abc
0.121929	0.0432124	0.16061	872.89	0.159125	noDemog_0.4_0.1_0.2	0.2	0.1	abc
0.0976694	0.0131104	0.116614	643.938	0.139601	noDemog_0.4_0.1_0.2	0.2	0.1	abc
0.107944	0.0206288	0.125551	745.504	0.148258	noDemog_0.4_0.1_0.2	0.2	0.1	abc
0.150722	0.0196456	0.165986	451.103	0.160585	noDemog_0.4_0.1_0.2	0.2	0.1	abc
0.0694633	0.0569801	0.132187	700.551	0.146074	noDemog_0.4_0.1_0.2	0.2	0.1	abc
0.0647173	0.0782439	0.141765	535.145	0.149337	noDemog_0.4_0.1_0.2	0.2	0.1	abc
0.168129	-0.0317853	0.137669	503.557	0.149909	noDemog_0.4_0.1_0.2	0.2	0.1	abc
0.135469	-0.0110776	0.125123	545.39	0.14032	noDemog_0.4_0.1_0.2	0.2	0.1	abc
0.132497	0.0288109	0.162937	502.963	0.15459	noDemog_0.4_0.1_0.2	0.2	0.1	abc
0.142039	0.0153278	0.158067	423.203	0.155668	noDemog_0.4_0.1_0.2	0.2	0.1	abc
0.0387781	0.0991658	0.141918	480.95	0.151699	noDemog_0.4_0.1_0.2	0.2	0.1	abc
0.0361294	0.0718791	0.115589	375.528	0.147718	noDemog_0.4_0.1_0.2	0.2	0.1	abc
0.083446	0.0603664	0.149139	473.171	0.149669	noDemog_0.4_0.1_0.2	0.2	0.1	abc
0.114483	0.0247455	0.137037	907.877	0.14929	noDemog_0.4_0.1_0.2	0.2	0.1	abc
0.0988291	0.0636006	0.160871	508.348	0.159264	noDemog_0.4_0.1_0.2	0.2	0.1	abc
0.0743953	0.0512396	0.12757	458.039	0.144671	noDemog_0.4_0.1_0.2	0.2	0.1	abc
0.0645199	0.0783195	0.147254	483.73	0.15393	noDemog_0.4_0.1_0.2	0.2	0.1	abc
0.12411	0.0234809	0.144979	513.134	0.149423	noDemog_0.4_0.1_0.2	0.2	0.1	abc
0.0441318	0.0773561	0.12259	471.054	0.144316	noDemog_0.4_0.1_0.2	0.2	0.1	abc
0.109864	-0.0041639	0.114961	909.844	0.14414	noDemog_0.4_0.1_0.2	0.2	0.1	abc
0.125754	0.0220292	0.15178	560.154	0.151731	noDemog_0.4_0.1_0.2	0.2	0.1	abc
0.074027	0.061274	0.137766	838.987	0.153993	noDemog_0.4_0.1_0.2	0.2	0.1	abc
0.0948088	0.0281711	0.119476	887.751	0.14182	noDemog_0.4_0.1_0.2	0.2	0.1	abc
0.0239267	0.114544	0.131254	310.205	0.147169	noDemog_0.4_0.1_0.2	0.2	0.1	abc
0.058441	0.0823269	0.134383	397.836	0.145056	noDemog_0.4_0.1_0.2	0.2	0.1	abc
0.0779323	0.056918	0.13215	865.761	0.154113	noDemog_0.4_0.1_0.2	0.2	0.1	abc
0.0943665	0.0507355	0.145326	397.51	0.152053	noDemog_0.4_0.1_0.2	0.2	0.1	abc
0.0698357	0.0723859	0.139672	553.456	0.149396	noDemog_0.4_0.1_0.2	0.2	0.1	abc
0.0824238	0.0755343	0.156021	462.046	0.157718	noDemog_0.4_0.1_0.2	0.2	0.1	abc
0.120016	0.00693949	0.127122	851.212	0.144077	noDemog_0.4_0.1_0.2	0.2	0.1	abc
0.131666	0.0518505	0.185634	902.267	0.165599	noDemog_0.4_0.1_0.2	0.2	0.1	abc
0.110591	0.0201544	0.130556	476.066	0.147076	noDemog_0.4_0.1_0.2	0.2	0.1	abc
0.0864719	0.0608133	0.15072	750.047	0.155424	noDemog_0.4_0.1_0.2	0.2	0.1	abc
0.129481	0.00363735	0.139433	510.06	0.148966	noDemog_0.4_0.1_0.2	0.2	0.1	abc
0.0683154	0.0687764	0.138739	515.792	0.149858	noDemog_0.4_0.1_0.2	0.2	0.1	abc
0.119137	0.0137331	0.133062	437.697	0.157288	noDemog_0.4_0.2_0.2	0.2	0.2	abc
0.0939461	0.0235785	0.116642	358.291	0.1454	noDemog_0.4_0.2_0.2	0.2	0.2	abc
0.127763	0.0138574	0.142281	493.201	0.152931	noDemog_0.4_0.2_0.2	0.2	0.2	abc
0.0812744	0.0311801	0.113413	322.219	0.152396	noDemog_0.4_0.2_0.2	0.2	0.2	abc
0.0664138	0.0345018	0.103404	349.031	0.143003	noDemog_0.4_0.2_0.2	0.2	0.2	abc
0.0602085	0.0432702	0.111342	400.899	0.150904	noDemog_0.4_0.2_0.2	0.2	0.2	abc
0.0720209	0.0284257	0.105306	554.166	0.145493	noDemog_0.4_0.2_0.2	0.2	0.2	abc
0.113062	0.0210285	0.12822	382.75	0.155824	noDemog_0.4_0.2_0.2	0.2	0.2	abc
0.117501	0.00495556	0.121256	798.558	0.149045	noDemog_0.4_0.2_0.2	0.2	0.2	abc
0.0840997	0.0177937	0.105057	802.855	0.144533	noDemog_0.4_0.2_0.2	0.2	0.2	abc
0.096155	0.0165157	0.113875	380.888	0.151379	noDemog_0.4_0.2_0.2	0.2	0.2	abc
0.138339	-0.00806004	0.125589	903.377	0.152723	noDemog_0.4_0.2_0.2	0.2	0.2	abc
0.100584	0.0216359	0.113752	629.273	0.151202	noDemog_0.4_0.2_0.2	0.2	0.2	abc
0.0923886	0.0200168	0.112648	463.911	0.14818	noDemog_0.4_0.2_0.2	0.2	0.2	abc
0.146146	-0.00916882	0.134651	419.392	0.15675	noDemog_0.4_0.2_0.2	0.2	0.2	abc
0.101615	0.0358528	0.143494	660.239	0.164143	noDemog_0.4_0.2_0.2	0.2	0.2	abc
0.0821072	0.0521489	0.140329	444.262	0.152108	noDemog_0.4_0.2_0.2	0.2	0.2	abc
0.10704	0.0364984	0.143278	797.664	0.160048	noDemog_0.4_0.2_0.2	0.2	0.2	abc
0.102	0.0301936	0.131151	839.666	0.155276	noDemog_0.4_0.2_0.2	0.2	0.2	abc
0.109605	0.0204182	0.124541	283.555	0.151174	noDemog_0.4_0.2_0.2	0.2	0.2	abc
0.102783	-0.00599969	0.106564	793.112	0.14809	noDemog_0.4_0.2_0.2	0.2	0.2	abc
0.098375	0.0243455	0.127739	460.968	0.153393	noDemog_0.4_0.2_0.2	0.2	0.2	abc
0.147131	-0.00894016	0.14051	632.794	0.156799	noDemog_0.4_0.2_0.2	0.2	0.2	abc
0.135849	-0.00326498	0.110645	814.912	0.150591	noDemog_0.4_0.2_0.2	0.2	0.2	abc
0.08033	0.0344324	0.11626	496.615	0.151567	noDemog_0.4_0.2_0.2	0.2	0.2	abc
0.0890797	0.0295481	0.124503	477.847	0.153065	noDemog_0.4_0.2_0.2	0.2	0.2	abc
0.1205	-0.0209463	0.0990239	768.082	0.144062	noDemog_0.4_0.2_0.2	0.2	0.2	abc
0.101957	0.0168674	0.120182	831.183	0.150953	noDemog_0.4_0.2_0.2	0.2	0.2	abc
0.142739	-0.0284176	0.128754	380.58	0.149176	noDemog_0.4_0.2_0.2	0.2	0.2	abc
0.11122	-0.00320526	0.110137	979.933	0.149485	noDemog_0.4_0.2_0.2	0.2	0.2	abc
0.0938103	0.0155876	0.118836	842.21	0.151874	noDemog_0.4_0.2_0.2	0.2	0.2	abc
0.120675	0.0160495	0.132582	525.161	0.155264	noDemog_0.4_0.2_0.2	0.2	0.2	abc
0.121942	-0.0112145	0.1069	734.296	0.148608	noDemog_0.4_0.2_0.2	0.2	0.2	abc
0.137848	-0.0034446	0.126227	459.744	0.15139	noDemog_0.4_0.2_0.2	0.2	0.2	abc
0.137909	-0.0186442	0.121138	748.685	0.150458	noDemog_0.4_0.2_0.2	0.2	0.2	abc
0.121809	0.0184455	0.143561	914.375	0.158475	noDemog_0.4_0.2_0.2	0.2	0.2	abc
0.0588547	0.0746564	0.126164	475.987	0.153102	noDemog_0.4_0.2_0.2	0.2	0.2	abc
0.0933746	0.0276762	0.121922	873.548	0.149185	noDemog_0.4_0.2_0.2	0.2	0.2	abc
0.0794774	0.0505118	0.132052	592.236	0.156551	noDemog_0.4_0.2_0.2	0.2	0.2	abc
0.105017	0.0225099	0.12066	426.331	0.151658	noDemog_0.4_0.2_0.2	0.2	0.2	abc
0.0955732	0.0237784	0.126697	425.251	0.155138	noDemog_0.4_0.2_0.2	0.2	0.2	abc
0.078388	0.00499544	0.0978395	616.205	0.147448	noDemog_0.4_0.2_0.2	0.2	0.2	abc
0.132042	-0.00234964	0.124733	940.832	0.152452	noDemog_0.4_0.2_0.2	0.2	0.2	abc
0.143207	-0.0022307	0.13517	405.972	0.154781	noDemog_0.4_0.2_0.2	0.2	0.2	abc
0.0965804	0.0129566	0.112039	734.293	0.147159	noDemog_0.4_0.2_0.2	0.2	0.2	abc
0.123457	-0.000593093	0.120551	591.311	0.147847	noDemog_0.4_0.2_0.2	0.2	0.2	abc
0.0872092	0.0262941	0.125596	420.35	0.155459	noDemog_0.4_0.2_0.2	0.2	0.2	abc
0.115301	0.0227003	0.131613	404.443	0.154327	noDemog_0.4_0.2_0.2	0.2	0.2	abc
0.120859	0.00354587	0.100937	712.995	0.143095	noDemog_0.4_0.2_0.2	0.2	0.2	abc
0.0786349	0.0314429	0.110869	829.93	0.148545	noDemog_0.4_0.2_0.2	0.2	0.2	abc
0.12394	-0.00370178	0.125439	444.336	0.151157	noDemog_0.4_0.2_0.2	0.2	0.2	abc
0.116702	0.0215528	0.132814	419.738	0.15824	noDemog_0.4_0.2_0.2	0.2	0.2	abc
0.120088	0.00287264	0.123984	535.662	0.148191	noDemog_0.4_0.2_0.2	0.2	0.2	abc
0.111431	0.00273087	0.111084	551.003	0.150725	noDemog_0.4_0.2_0.2	0.2	0.2	abc
0.0566173	0.0661707	0.12539	450.869	0.154022	noDemog_0.4_0.2_0.2	0.2	0.2	abc
0.101004	0.0244267	0.11403	484.88	0.145966	noDemog_0.4_0.2_0.2	0.2	0.2	abc
0.114475	0.00326038	0.110491	842.695	0.148658	noDemog_0.4_0.2_0.2	0.2	0.2	abc
0.144804	0.00162792	0.138311	886.699	0.15951	noDemog_0.4_0.2_0.2	0.2	0.2	abc
0.0949047	0.00811944	0.107639	532.31	0.144638	noDemog_0.4_0.2_0.2	0.2	0.2	abc
0.109818	-0.0017269	0.108446	814.35	0.149727	noDemog_0.4_0.2_0.2	0.2	0.2	abc
0.0983875	0.0465784	0.14679	642.379	0.158932	noDemog_0.4_0.2_0.2	0.2	0.2	abc
0.132791	-0.000532067	0.133007	592.344	0.156799	noDemog_0.4_0.2_0.2	0.2	0.2	abc
0.0869435	0.0191316	0.113428	940.851	0.150955	noDemog_0.4_0.2_0.2	0.2	0.2	abc
0.0794513	0.0540322	0.132471	854.956	0.154824	noDemog_0.4_0.2_0.2	0.2	0.2	abc
0.113966	-0.00837976	0.107427	805.175	0.148185	noDemog_0.4_0.2_0.2	0.2	0.2	abc
0.100355	0.00716575	0.106369	552.886	0.149434	noDemog_0.4_0.2_0.2	0.2	0.2	abc
0.0500812	0.0433005	0.0990931	408.831	0.145669	noDemog_0.4_0.2_0.2	0.2	0.2	abc
0.115037	0.00402233	0.116078	1004.01	0.151289	noDemog_0.4_0.2_0.2	0.2	0.2	abc
0.136521	-0.025583	0.102793	847.478	0.141772	noDemog_0.4_0.2_0.2	0.2	0.2	abc
0.0830124	0.0322956	0.120197	355.8	0.155855	noDemog_0.4_0.2_0.2	0.2	0.2	abc
0.162121	-0.0126676	0.138692	858.404	0.160484	noDemog_0.4_0.2_0.2	0.2	0.2	abc
0.115561	0.0285503	0.146412	417.84	0.159583	noDemog_0.4_0.2_0.2	0.2	0.2	abc
0.0931464	0.0213679	0.113707	472.645	0.150079	noDemog_0.4_0.2_0.2	0.2	0.2	abc
0.0913878	0.0335987	0.124049	839.058	0.15498	noDemog_0.4_0.2_0.2	0.2	0.2	abc
0.147871	-0.0232369	0.115201	839.324	0.148221	noDemog_0.4_0.2_0.2	0.2	0.2	abc
0.102986	0.0378931	0.133274	423.77	0.157529	noDemog_0.4_0.2_0.2	0.2	0.2	abc
0.155234	-0.0196646	0.134396	501.338	0.156545	noDemog_0.4_0.2_0.2	0.2	0.2	abc
0.0742748	0.0255386	0.101028	579.078	0.147793	noDemog_0.4_0.2_0.2	0.2	0.2	abc
0.133988	0.00582594	0.14343	536.822	0.15738	noDemog_0.4_0.2_0.2	0.2	0.2	abc
0.105666	0.0179775	0.124765	449.173	0.150394	noDemog_0.4_0.2_0.2	0.2	0.2	abc
0.134315	-0.0118562	0.126762	763.826	0.152434	noDemog_0.4_0.2_0.2	0.2	0.2	abc
0.129233	-0.000502206	0.130903	739.621	0.154783	noDemog_0.4_0.2_0.2	0.2	0.2	abc
0.130342	-0.00507667	0.113975	502.591	0.148455	noDemog_0.4_0.2_0.2	0.2	0.2	abc
0.0869741	-0.00794544	0.0854789	514.665	0.140227	noDemog_0.4_0.2_0.2	0.2	0.2	abc
0.113936	-0.00845519	0.100719	778.264	0.14808	noDemog_0.4_0.2_0.2	0.2	0.2	abc
0.0821938	0.032682	0.119913	734.685	0.153993	noDemog_0.4_0.2_0.2	0.2	0.2	abc
0.0988448	0.0478957	0.14019	419.632	0.157105	noDemog_0.4_0.2_0.2	0.2	0.2	abc
0.130379	-0.02174	0.104707	819.348	0.144486	noDemog_0.4_0.2_0.2	0.2	0.2	abc
0.137292	-0.0271875	0.120326	814.721	0.149824	noDemog_0.4_0.2_0.2	0.2	0.2	abc
0.109521	0.00718058	0.11519	339.08	0.151633	noDemog_0.4_0.2_0.2	0.2	0.2	abc
0.133136	-0.00690127	0.125566	551.27	0.154845	noDemog_0.4_0.2_0.2	0.2	0.2	abc
0.059743	0.0458167	0.108505	832.219	0.147109	noDemog_0.4_0.2_0.2	0.2	0.2	abc
0.133769	0.00962602	0.141724	429.529	0.15869	noDemog_0.4_0.2_0.2	0.2	0.2	abc
0.171604	-0.0433262	0.125002	814.387	0.148559	noDemog_0.4_0.2_0.2	0.2	0.2	abc
0.0978292	0.0250259	0.127314	389.698	0.156449	noDemog_0.4_0.2_0.2	0.2	0.2	abc
0.120665	0.0134815	0.137796	891.426	0.155372	noDemog_0.4_0.2_0.2	0.2	0.2	abc
0.0966072	-0.00791058	0.106078	392.35	0.147405	noDemog_0.4_0.2_0.2	0.2	0.2	abc
0.106982	0.0255529	0.132731	918.472	0.155787	noDemog_0.4_0.2_0.2	0.2	0.2	abc
0.123618	-0.0127403	0.11748	770.664	0.147262	noDemog_0.4_0.2_0.2	0.2	0.2	abc
0.108513	-0.001055	0.10832	662.201	0.141939	noDemog_0.4_0.2_0.2	0.2	0.2	abc
0.0649312	-0.00883208	0.0646011	763.038	0.142494	noDemog_0.4_0.3_0.2	0.2	0.3	abc
0.110776	-0.0130493	0.0942028	855.111	0.155248	noDemog_0.4_0.3_0.2	0.2	0.3	abc
0.0386199	-0.00737414	0.0401255	777.449	0.133965	noDemog_0.4_0.3_0.2	0.2	0.3	abc
0.08444	-0.00260498	0.0880226	710.543	0.148723	noDemog_0.4_0.3_0.2	0.2	0.3	abc
0.065237	0.00561162	0.0653739	764.958	0.145103	noDemog_0.4_0.3_0.2	0.2	0.3	abc
0.0368759	0.0141089	0.0626263	748.336	0.144471	noDemog_0.4_0.3_0.2	0.2	0.3	abc
0.0759185	0.00256321	0.08013	673.288	0.148003	noDemog_0.4_0.3_0.2	0.2	0.3	abc
0.0437886	0.0297001	0.0727739	424.256	0.146996	noDemog_0.4_0.3_0.2	0.2	0.3	abc
0.0446703	-0.00629364	0.0485813	397.37	0.142556	noDemog_0.4_0.3_0.2	0.2	0.3	abc
0.0323056	0.0352024	0.0738923	399.151	0.146586	noDemog_0.4_0.3_0.2	0.2	0.3	abc
0.0660009	0.0131564	0.0849486	505.181	0.150531	noDemog_0.4_0.3_0.2	0.2	0.3	abc
0.0434949	-0.00524987	0.0543961	695.214	0.139985	noDemog_0.4_0.3_0.2	0.2	0.3	abc
0.0177967	0.0513966	0.0792823	414.74	0.150392	noDemog_0.4_0.3_0.2	0.2	0.3	abc
0.0857824	0.00815142	0.0896407	824.658	0.153042	noDemog_0.4_0.3_0.2	0.2	0.3	abc
0.0775741	-0.00323183	0.0839327	942.691	0.147017	noDemog_0.4_0.3_0.2	0.2	0.3	abc
0.0645803	0.010119	0.0831923	411.912	0.152022	noDemog_0.4_0.3_0.2	0.2	0.3	abc
0.00827108	0.0753045	0.0860778	782.426	0.155617	noDemog_0.4_0.3_0.2	0.2	0.3	abc
0.0482263	0.015512	0.0724618	433.084	0.146131	noDemog_0.4_0.3_0.2	0.2	0.3	abc
0.0435508	0.0453828	0.087564	516.698	0.153034	noDemog_0.4_0.3_0.2	0.2	0.3	abc
0.0611147	0.0219809	0.0828101	545.67	0.151438	noDemog_0.4_0.3_0.2	0.2	0.3	abc
0.0536711	0.0148802	0.0714618	418.86	0.145832	noDemog_0.4_0.3_0.2	0.2	0.3	abc
0.0632415	0.0176866	0.0800507	709.211	0.145956	noDemog_0.4_0.3_0.2	0.2	0.3	abc
0.0192982	0.0348474	0.0571711	379.582	0.142227	noDemog_0.4_0.3_0.2	0.2	0.3	abc
0.0732551	-0.00289901	0.0698932	463.959	0.144822	noDemog_0.4_0.3_0.2	0.2	0.3	abc
0.0574618	0.0282801	0.0795983	432.353	0.15172	noDemog_0.4_0.3_0.2	0.2	0.3	abc
0.0518882	0.0267311	0.0774251	799.489	0.147728	noDemog_0.4_0.3_0.2	0.2	0.3	abc
0.0381944	0.0378359	0.0805215	433.015	0.149647	noDemog_0.4_0.3_0.2	0.2	0.3	abc
0.0485015	0.0427759	0.091947	752.633	0.150585	noDemog_0.4_0.3_0.2	0.2	0.3	abc
0.0950261	-0.012501	0.0767796	661.613	0.14478	noDemog_0.4_0.3_0.2	0.2	0.3	abc
0.0507086	0.0142525	0.0679787	361.561	0.142957	noDemog_0.4_0.3_0.2	0.2	0.3	abc
0.0574249	0.000899388	0.0660426	766.561	0.143723	noDemog_0.4_0.3_0.2	0.2	0.3	abc
0.039916	0.0400417	0.0911931	466.882	0.153799	noDemog_0.4_0.3_0.2	0.2	0.3	abc
0.0376272	0.0248291	0.067916	284.422	0.146501	noDemog_0.4_0.3_0.2	0.2	0.3	abc
0.0504967	0.0197808	0.0698077	703.474	0.149244	noDemog_0.4_0.3_0.2	0.2	0.3	abc
2.88347e-5	0.0690371	0.0737523	721.985	0.148027	noDemog_0.4_0.3_0.2	0.2	0.3	abc
0.054606	0.0106104	0.0664648	442.089	0.145315	noDemog_0.4_0.3_0.2	0.2	0.3	abc
0.0353009	0.0359558	0.0778993	481.07	0.146194	noDemog_0.4_0.3_0.2	0.2	0.3	abc
0.0765901	-0.0148657	0.081945	491.679	0.1478	noDemog_0.4_0.3_0.2	0.2	0.3	abc
0.0460522	0.0108171	0.0532599	743.96	0.141763	noDemog_0.4_0.3_0.2	0.2	0.3	abc
0.0643289	-0.00771702	0.0614498	827.406	0.144284	noDemog_0.4_0.3_0.2	0.2	0.3	abc
0.0683973	0.00346843	0.0729062	806.812	0.142101	noDemog_0.4_0.3_0.2	0.2	0.3	abc
0.0670702	0.019936	0.0905944	416.232	0.157358	noDemog_0.4_0.3_0.2	0.2	0.3	abc
0.0672228	-0.0212578	0.0513576	795.466	0.13761	noDemog_0.4_0.3_0.2	0.2	0.3	abc
0.0436759	0.0235507	0.0678775	798.132	0.146734	noDemog_0.4_0.3_0.2	0.2	0.3	abc
0.0695627	0.0108913	0.0769654	779.405	0.149959	noDemog_0.4_0.3_0.2	0.2	0.3	abc
0.0491304	0.00631022	0.057573	445.387	0.139836	noDemog_0.4_0.3_0.2	0.2	0.3	abc
0.039806	0.0215627	0.0704848	558.865	0.146004	noDemog_0.4_0.3_0.2	0.2	0.3	abc
0.0625198	0.00663831	0.0740634	769.11	0.148677	noDemog_0.4_0.3_0.2	0.2	0.3	abc
0.0695717	0.00218933	0.0744909	942.579	0.150851	noDemog_0.4_0.3_0.2	0.2	0.3	abc
0.0703475	-0.00567848	0.0632566	504.603	0.142457	noDemog_0.4_0.3_0.2	0.2	0.3	abc
0.0714277	0.0111508	0.0832359	512.112	0.152121	noDemog_0.4_0.3_0.2	0.2	0.3	abc
0.0534675	0.0195335	0.0794548	416.978	0.149691	noDemog_0.4_0.3_0.2	0.2	0.3	abc
0.0682308	-0.00418185	0.0599617	757.475	0.144908	noDemog_0.4_0.3_0.2	0.2	0.3	abc
0.101895	-0.0220495	0.0806357	878.294	0.14695	noDemog_0.4_0.3_0.2	0.2	0.3	abc
0.00316342	0.0563928	0.0648381	798.378	0.147701	noDemog_0.4_0.3_0.2	0.2	0.3	abc
0.0268758	0.0159823	0.0494675	744.693	0.141696	noDemog_0.4_0.3_0.2	0.2	0.3	abc
0.0479217	0.0232226	0.0831912	490.826	0.154168	noDemog_0.4_0.3_0.2	0.2	0.3	abc
0.0373372	0.024647	0.0650117	478.019	0.14193	noDemog_0.4_0.3_0.2	0.2	0.3	abc
0.0634806	0.0270761	0.0826673	749.736	0.150792	noDemog_0.4_0.3_0.2	0.2	0.3	abc
0.0968373	-0.0144853	0.087255	741.694	0.148876	noDemog_0.4_0.3_0.2	0.2	0.3	abc
0.0802457	-0.00818744	0.0765842	770.667	0.149051	noDemog_0.4_0.3_0.2	0.2	0.3	abc
0.0413416	0.0336817	0.0796667	831.918	0.149983	noDemog_0.4_0.3_0.2	0.2	0.3	abc
0.0540739	0.00972333	0.0679662	718.024	0.144166	noDemog_0.4_0.3_0.2	0.2	0.3	abc
0.0536514	0.0186126	0.0730277	702.559	0.148536	noDemog_0.4_0.3_0.2	0.2	0.3	abc
0.0527018	0.0185389	0.0668284	978.68	0.143991	noDemog_0.4_0.3_0.2	0.2	0.3	abc
0.0295287	0.00433948	0.0364366	546.442	0.133504	noDemog_0.4_0.3_0.2	0.2	0.3	abc
0.0362385	0.054005	0.080535	809.249	0.149537	noDemog_0.4_0.3_0.2	0.2	0.3	abc
0.0803772	-0.0130442	0.0635275	872.423	0.141192	noDemog_0.4_0.3_0.2	0.2	0.3	abc
0.0159562	0.0525724	0.0698491	408.957	0.146974	noDemog_0.4_0.3_0.2	0.2	0.3	abc
0.0954625	-0.010459	0.079477	740.271	0.149915	noDemog_0.4_0.3_0.2	0.2	0.3	abc
0.0443355	0.0111325	0.0580742	690.96	0.140862	noDemog_0.4_0.3_0.2	0.2	0.3	abc
0.020681	0.0399514	0.054789	719.058	0.141544	noDemog_0.4_0.3_0.2	0.2	0.3	abc
0.071231	0.0112205	0.082981	628.279	0.151556	noDemog_0.4_0.3_0.2	0.2	0.3	abc
0.0421218	0.0193469	0.063141	764.018	0.146084	noDemog_0.4_0.3_0.2	0.2	0.3	abc
0.0846069	0.00862376	0.0890092	558.934	0.151887	noDemog_0.4_0.3_0.2	0.2	0.3	abc
0.0395522	0.0273746	0.0702624	746.94	0.144672	noDemog_0.4_0.3_0.2	0.2	0.3	abc
0.0619433	0.0177335	0.0787008	931.123	0.148153	noDemog_0.4_0.3_0.2	0.2	0.3	abc
0.0475359	0.0224596	0.0771247	334.093	0.148829	noDemog_0.4_0.3_0.2	0.2	0.3	abc
0.048629	0.0309527	0.0817609	768.968	0.151353	noDemog_0.4_0.3_0.2	0.2	0.3	abc
0.0745138	0.0103389	0.0799371	555.64	0.15064	noDemog_0.4_0.3_0.2	0.2	0.3	abc
0.0399233	0.0167973	0.0522822	637.316	0.139738	noDemog_0.4_0.3_0.2	0.2	0.3	abc
0.0389123	0.00811679	0.0490689	826.174	0.142057	noDemog_0.4_0.3_0.2	0.2	0.3	abc
0.0629547	-0.0126006	0.0595513	796.419	0.142163	noDemog_0.4_0.3_0.2	0.2	0.3	abc
0.0673128	0.0165108	0.082742	399.528	0.151958	noDemog_0.4_0.3_0.2	0.2	0.3	abc
0.0530038	0.0174885	0.0712211	479.863	0.14556	noDemog_0.4_0.3_0.2	0.2	0.3	abc
0.093427	-0.0144389	0.0682787	839.266	0.149123	noDemog_0.4_0.3_0.2	0.2	0.3	abc
0.0787741	-0.0151445	0.0775673	754.218	0.146966	noDemog_0.4_0.3_0.2	0.2	0.3	abc
0.0600898	0.0100861	0.0647199	441.894	0.145138	noDemog_0.4_0.3_0.2	0.2	0.3	abc
0.0751827	0.000855259	0.0703312	318.758	0.146398	noDemog_0.4_0.3_0.2	0.2	0.3	abc
0.0852231	0.00180438	0.0824648	757.36	0.149477	noDemog_0.4_0.3_0.2	0.2	0.3	abc
0.0284108	0.0336595	0.0635436	889.163	0.143552	noDemog_0.4_0.3_0.2	0.2	0.3	abc
0.0675814	0.000511053	0.0716425	774.454	0.149502	noDemog_0.4_0.3_0.2	0.2	0.3	abc
0.0328595	0.0248564	0.0710485	467.203	0.143177	noDemog_0.4_0.3_0.2	0.2	0.3	abc
0.0742107	0.0121598	0.0780979	398.423	0.149462	noDemog_0.4_0.3_0.2	0.2	0.3	abc
0.00759698	0.0688058	0.0786038	778.362	0.151074	noDemog_0.4_0.3_0.2	0.2	0.3	abc
0.053672	0.0249781	0.0830238	734.767	0.149592	noDemog_0.4_0.3_0.2	0.2	0.3	abc
0.078145	-0.00498788	0.0739856	830.152	0.146296	noDemog_0.4_0.3_0.2	0.2	0.3	abc
0.0537232	0.0197863	0.0679411	803.715	0.146386	noDemog_0.4_0.3_0.2	0.2	0.3	abc
0.0455119	0.00738144	0.0496197	790.789	0.140194	noDemog_0.4_0.3_0.2	0.2	0.3	abc
0.0762856	-0.0146904	0.061199	690.199	0.140983	noDemog_0.4_0.3_0.2	0.2	0.3	abc
0.250715	-0.009405	0.236395	445.319	0.160904	noDemog_0.4_0.1_0.4	0.4	0.1	abc
0.15944	0.0582173	0.218996	467.072	0.156536	noDemog_0.4_0.1_0.4	0.4	0.1	abc
0.0918929	0.140141	0.226821	755.955	0.159697	noDemog_0.4_0.1_0.4	0.4	0.1	abc
0.16369	0.0613386	0.217595	416.35	0.154065	noDemog_0.4_0.1_0.4	0.4	0.1	abc
0.155914	0.0826606	0.235999	603.4	0.161196	noDemog_0.4_0.1_0.4	0.4	0.1	abc
0.150544	0.0758099	0.217539	452.699	0.15453	noDemog_0.4_0.1_0.4	0.4	0.1	abc
0.184135	0.0433442	0.227899	381.547	0.158188	noDemog_0.4_0.1_0.4	0.4	0.1	abc
0.119809	0.102172	0.218193	363.061	0.156496	noDemog_0.4_0.1_0.4	0.4	0.1	abc
0.113972	0.123554	0.234699	840.726	0.155988	noDemog_0.4_0.1_0.4	0.4	0.1	abc
0.149952	0.0923128	0.237104	764.676	0.159613	noDemog_0.4_0.1_0.4	0.4	0.1	abc
0.197256	0.0369588	0.230688	500.202	0.155939	noDemog_0.4_0.1_0.4	0.4	0.1	abc
0.0795964	0.138187	0.217244	358.59	0.152742	noDemog_0.4_0.1_0.4	0.4	0.1	abc
0.129338	0.110451	0.236445	346.375	0.159428	noDemog_0.4_0.1_0.4	0.4	0.1	abc
0.197203	0.0250439	0.222535	894.789	0.153558	noDemog_0.4_0.1_0.4	0.4	0.1	abc
0.143301	0.10142	0.237456	398.392	0.15877	noDemog_0.4_0.1_0.4	0.4	0.1	abc
0.109949	0.12331	0.222329	784.458	0.153972	noDemog_0.4_0.1_0.4	0.4	0.1	abc
0.13251	0.101313	0.237522	557.093	0.160416	noDemog_0.4_0.1_0.4	0.4	0.1	abc
0.131304	0.0708359	0.196011	411.392	0.143593	noDemog_0.4_0.1_0.4	0.4	0.1	abc
0.121293	0.110885	0.227975	420.15	0.157324	noDemog_0.4_0.1_0.4	0.4	0.1	abc
0.229729	-0.00819914	0.22023	347.904	0.152046	noDemog_0.4_0.1_0.4	0.4	0.1	abc
0.152186	0.0569996	0.215048	729.784	0.152576	noDemog_0.4_0.1_0.4	0.4	0.1	abc
0.240791	0.0135371	0.246608	267.357	0.164371	noDemog_0.4_0.1_0.4	0.4	0.1	abc
0.0956853	0.118587	0.213728	439.342	0.151692	noDemog_0.4_0.1_0.4	0.4	0.1	abc
0.141508	0.0851829	0.220063	532.401	0.154242	noDemog_0.4_0.1_0.4	0.4	0.1	abc
0.106294	0.127032	0.237658	384.781	0.157212	noDemog_0.4_0.1_0.4	0.4	0.1	abc
0.160876	0.048329	0.211669	798.604	0.152555	noDemog_0.4_0.1_0.4	0.4	0.1	abc
0.186177	0.0593653	0.254105	816.547	0.165777	noDemog_0.4_0.1_0.4	0.4	0.1	abc
0.101514	0.0982881	0.204594	809.027	0.147661	noDemog_0.4_0.1_0.4	0.4	0.1	abc
0.156708	0.0612386	0.216035	309.904	0.151929	noDemog_0.4_0.1_0.4	0.4	0.1	abc
0.133828	0.097752	0.225714	420.383	0.159706	noDemog_0.4_0.1_0.4	0.4	0.1	abc
0.200393	0.0455224	0.250726	382.704	0.160893	noDemog_0.4_0.1_0.4	0.4	0.1	abc
0.0841126	0.137283	0.224008	365.168	0.152805	noDemog_0.4_0.1_0.4	0.4	0.1	abc
0.177618	0.0546143	0.226073	361.047	0.157356	noDemog_0.4_0.1_0.4	0.4	0.1	abc
0.172332	0.0622478	0.227782	670.099	0.158595	noDemog_0.4_0.1_0.4	0.4	0.1	abc
0.0918725	0.125249	0.21458	344.52	0.153329	noDemog_0.4_0.1_0.4	0.4	0.1	abc
0.102155	0.0911856	0.19128	358.227	0.147466	noDemog_0.4_0.1_0.4	0.4	0.1	abc
0.137953	0.0796415	0.211628	364.154	0.149589	noDemog_0.4_0.1_0.4	0.4	0.1	abc
0.151959	0.0541634	0.211198	443.461	0.149648	noDemog_0.4_0.1_0.4	0.4	0.1	abc
0.174794	0.0578941	0.225619	611.429	0.158392	noDemog_0.4_0.1_0.4	0.4	0.1	abc
0.202333	0.0417016	0.244977	505.408	0.163353	noDemog_0.4_0.1_0.4	0.4	0.1	abc
0.162487	0.0761094	0.238947	385.583	0.161223	noDemog_0.4_0.1_0.4	0.4	0.1	abc
0.155571	0.0773948	0.230132	349.276	0.156568	noDemog_0.4_0.1_0.4	0.4	0.1	abc
0.150126	0.0777624	0.221223	449.092	0.152201	noDemog_0.4_0.1_0.4	0.4	0.1	abc
0.181174	0.0264638	0.205972	765.882	0.149769	noDemog_0.4_0.1_0.4	0.4	0.1	abc
0.104562	0.110301	0.214054	332.515	0.149722	noDemog_0.4_0.1_0.4	0.4	0.1	abc
0.181319	0.0222997	0.214794	744.409	0.151403	noDemog_0.4_0.1_0.4	0.4	0.1	abc
0.162968	0.0664829	0.228929	411.404	0.159638	noDemog_0.4_0.1_0.4	0.4	0.1	abc
0.152521	0.0963695	0.23979	389.723	0.163647	noDemog_0.4_0.1_0.4	0.4	0.1	abc
0.109231	0.117676	0.229152	719.514	0.156152	noDemog_0.4_0.1_0.4	0.4	0.1	abc
0.110449	0.107396	0.21537	593.893	0.152012	noDemog_0.4_0.1_0.4	0.4	0.1	abc
0.154006	0.0714925	0.223217	458.947	0.154384	noDemog_0.4_0.1_0.4	0.4	0.1	abc
0.0951821	0.147389	0.232161	383.877	0.157349	noDemog_0.4_0.1_0.4	0.4	0.1	abc
0.133561	0.0850733	0.225899	319.593	0.156526	noDemog_0.4_0.1_0.4	0.4	0.1	abc
0.169955	0.0610759	0.233739	638.104	0.158111	noDemog_0.4_0.1_0.4	0.4	0.1	abc
0.10851	0.135898	0.243417	322.091	0.163052	noDemog_0.4_0.1_0.4	0.4	0.1	abc
0.140901	0.0821012	0.228032	498.455	0.156197	noDemog_0.4_0.1_0.4	0.4	0.1	abc
0.173953	0.0522805	0.228425	752.628	0.157348	noDemog_0.4_0.1_0.4	0.4	0.1	abc
0.103533	0.122656	0.218736	526.001	0.15273	noDemog_0.4_0.1_0.4	0.4	0.1	abc
0.184169	0.0398818	0.23059	333.76	0.159218	noDemog_0.4_0.1_0.4	0.4	0.1	abc
0.142712	0.0804951	0.222839	531.636	0.156343	noDemog_0.4_0.1_0.4	0.4	0.1	abc
0.140074	0.075277	0.222913	458.611	0.153693	noDemog_0.4_0.1_0.4	0.4	0.1	abc
0.0748021	0.149972	0.220233	370.279	0.150528	noDemog_0.4_0.1_0.4	0.4	0.1	abc
0.173511	0.0760146	0.244998	421.561	0.162	noDemog_0.4_0.1_0.4	0.4	0.1	abc
0.112231	0.107604	0.221196	440.916	0.151719	noDemog_0.4_0.1_0.4	0.4	0.1	abc
0.168911	0.0694993	0.236217	764.092	0.159015	noDemog_0.4_0.1_0.4	0.4	0.1	abc
0.179649	0.0568997	0.231905	431.816	0.158782	noDemog_0.4_0.1_0.4	0.4	0.1	abc
0.21935	0.00492596	0.224819	475.032	0.15508	noDemog_0.4_0.1_0.4	0.4	0.1	abc
0.13219	0.0901589	0.218613	712.284	0.157138	noDemog_0.4_0.1_0.4	0.4	0.1	abc
0.0773094	0.138741	0.212528	388.069	0.149891	noDemog_0.4_0.1_0.4	0.4	0.1	abc
0.195315	0.0526166	0.236197	719.398	0.160311	noDemog_0.4_0.1_0.4	0.4	0.1	abc
0.142615	0.0660509	0.205988	372.904	0.150731	noDemog_0.4_0.1_0.4	0.4	0.1	abc
0.151381	0.0448215	0.200671	380.684	0.150831	noDemog_0.4_0.1_0.4	0.4	0.1	abc
0.0824836	0.138222	0.2221	775.664	0.152147	noDemog_0.4_0.1_0.4	0.4	0.1	abc
0.11826	0.0953265	0.211632	508.224	0.154539	noDemog_0.4_0.1_0.4	0.4	0.1	abc
0.164459	0.0678753	0.230588	360.661	0.157737	noDemog_0.4_0.1_0.4	0.4	0.1	abc
0.108811	0.111395	0.217609	776.596	0.15375	noDemog_0.4_0.1_0.4	0.4	0.1	abc
0.187001	0.0488276	0.227016	434.528	0.156931	noDemog_0.4_0.1_0.4	0.4	0.1	abc
0.0915619	0.117135	0.212662	384.524	0.14986	noDemog_0.4_0.1_0.4	0.4	0.1	abc
0.172628	0.0454558	0.219208	913.685	0.152167	noDemog_0.4_0.1_0.4	0.4	0.1	abc
0.164822	0.07642	0.239831	309.869	0.160844	noDemog_0.4_0.1_0.4	0.4	0.1	abc
0.120757	0.1024	0.215535	439.651	0.157287	noDemog_0.4_0.1_0.4	0.4	0.1	abc
0.183798	0.0481466	0.22783	570.131	0.15882	noDemog_0.4_0.1_0.4	0.4	0.1	abc
0.210353	0.0216209	0.228473	446.684	0.156177	noDemog_0.4_0.1_0.4	0.4	0.1	abc
0.118911	0.0826346	0.203238	613.206	0.146405	noDemog_0.4_0.1_0.4	0.4	0.1	abc
0.174872	0.04539	0.215558	473.97	0.153377	noDemog_0.4_0.1_0.4	0.4	0.1	abc
0.200663	0.0453972	0.240407	487.756	0.163227	noDemog_0.4_0.1_0.4	0.4	0.1	abc
0.216057	0.00861666	0.228118	532.826	0.155014	noDemog_0.4_0.1_0.4	0.4	0.1	abc
0.132833	0.0842593	0.214997	663.168	0.152773	noDemog_0.4_0.1_0.4	0.4	0.1	abc
0.140513	0.0948819	0.228212	507.806	0.155271	noDemog_0.4_0.1_0.4	0.4	0.1	abc
0.166034	0.0569197	0.222176	334.588	0.153004	noDemog_0.4_0.1_0.4	0.4	0.1	abc
0.19486	0.0467584	0.244341	845.584	0.163187	noDemog_0.4_0.1_0.4	0.4	0.1	abc
0.139415	0.100619	0.239908	366.403	0.165265	noDemog_0.4_0.1_0.4	0.4	0.1	abc
0.20328	0.0492459	0.223653	346.741	0.15431	noDemog_0.4_0.1_0.4	0.4	0.1	abc
0.169101	0.0582549	0.224286	373.114	0.154019	noDemog_0.4_0.1_0.4	0.4	0.1	abc
0.13076	0.0939399	0.219917	723.049	0.151568	noDemog_0.4_0.1_0.4	0.4	0.1	abc
0.174985	0.0501538	0.227308	885.64	0.154672	noDemog_0.4_0.1_0.4	0.4	0.1	abc
0.171777	0.0473105	0.218923	441.381	0.148881	noDemog_0.4_0.1_0.4	0.4	0.1	abc
0.142573	0.0969756	0.236521	463.122	0.161292	noDemog_0.4_0.1_0.4	0.4	0.1	abc
0.132811	0.0765871	0.211686	467.384	0.14921	noDemog_0.4_0.1_0.4	0.4	0.1	abc
0.169297	0.0467867	0.209041	767.511	0.152166	noDemog_0.4_0.1_0.4	0.4	0.1	abc
0.23482	-0.0324727	0.206394	526.712	0.161514	noDemog_0.4_0.2_0.4	0.4	0.2	abc
0.274012	-0.0471894	0.21409	845.159	0.162427	noDemog_0.4_0.2_0.4	0.4	0.2	abc
0.219941	-0.0165754	0.198665	463.224	0.156607	noDemog_0.4_0.2_0.4	0.4	0.2	abc
0.198269	0.00513574	0.204564	841.039	0.158916	noDemog_0.4_0.2_0.4	0.4	0.2	abc
0.212451	-0.014794	0.202808	703.124	0.159561	noDemog_0.4_0.2_0.4	0.4	0.2	abc
0.274118	-0.0452464	0.232884	362.116	0.168361	noDemog_0.4_0.2_0.4	0.4	0.2	abc
0.292215	-0.0536436	0.236396	782.893	0.169498	noDemog_0.4_0.2_0.4	0.4	0.2	abc
0.200208	0.0034852	0.219196	452.127	0.164135	noDemog_0.4_0.2_0.4	0.4	0.2	abc
0.176087	0.0367667	0.20809	346.931	0.160344	noDemog_0.4_0.2_0.4	0.4	0.2	abc
0.237847	-0.0247474	0.207041	782.783	0.161049	noDemog_0.4_0.2_0.4	0.4	0.2	abc
0.255143	-0.030335	0.214626	853.905	0.16051	noDemog_0.4_0.2_0.4	0.4	0.2	abc
0.262709	-0.0326277	0.223384	719.692	0.162898	noDemog_0.4_0.2_0.4	0.4	0.2	abc
0.223808	-0.00365988	0.22912	757.274	0.167209	noDemog_0.4_0.2_0.4	0.4	0.2	abc
0.245901	-0.037161	0.205449	345.328	0.158747	noDemog_0.4_0.2_0.4	0.4	0.2	abc
0.240543	-0.0244078	0.216631	924.978	0.161711	noDemog_0.4_0.2_0.4	0.4	0.2	abc
0.225978	-0.0316313	0.191901	465.637	0.151128	noDemog_0.4_0.2_0.4	0.4	0.2	abc
0.249793	-0.0376601	0.217618	965.654	0.160546	noDemog_0.4_0.2_0.4	0.4	0.2	abc
0.197083	0.00650084	0.201228	659.338	0.155552	noDemog_0.4_0.2_0.4	0.4	0.2	abc
0.295874	-0.0735728	0.228747	433.411	0.165822	noDemog_0.4_0.2_0.4	0.4	0.2	abc
0.209491	0.00937399	0.219185	392.999	0.161816	noDemog_0.4_0.2_0.4	0.4	0.2	abc
0.22804	-0.0105163	0.213427	772.9	0.158128	noDemog_0.4_0.2_0.4	0.4	0.2	abc
0.183352	0.0252096	0.209046	361.545	0.160463	noDemog_0.4_0.2_0.4	0.4	0.2	abc
0.279616	-0.0766424	0.206831	347.546	0.156942	noDemog_0.4_0.2_0.4	0.4	0.2	abc
0.202566	-0.00125193	0.202148	290.846	0.158016	noDemog_0.4_0.2_0.4	0.4	0.2	abc
0.241831	-0.0117169	0.227496	706.919	0.173734	noDemog_0.4_0.2_0.4	0.4	0.2	abc
0.328272	-0.0865959	0.236015	947.678	0.169251	noDemog_0.4_0.2_0.4	0.4	0.2	abc
0.166678	0.0395936	0.210438	654.056	0.160117	noDemog_0.4_0.2_0.4	0.4	0.2	abc
0.218386	-0.00835049	0.210573	862.846	0.160275	noDemog_0.4_0.2_0.4	0.4	0.2	abc
0.247095	-0.0186692	0.226453	381.948	0.171056	noDemog_0.4_0.2_0.4	0.4	0.2	abc
0.188567	0.0187735	0.202571	317.581	0.158375	noDemog_0.4_0.2_0.4	0.4	0.2	abc
0.247924	-0.0163458	0.22232	364.855	0.165612	noDemog_0.4_0.2_0.4	0.4	0.2	abc
0.212959	0.00863289	0.224657	896.892	0.163603	noDemog_0.4_0.2_0.4	0.4	0.2	abc
0.242187	-0.0164513	0.217918	698.882	0.161605	noDemog_0.4_0.2_0.4	0.4	0.2	abc
0.19579	0.0281851	0.21875	815.35	0.167466	noDemog_0.4_0.2_0.4	0.4	0.2	abc
0.244972	-0.0388864	0.20199	604.296	0.153533	noDemog_0.4_0.2_0.4	0.4	0.2	abc
0.198968	-0.0228432	0.185087	516.526	0.150724	noDemog_0.4_0.2_0.4	0.4	0.2	abc
0.213947	-0.0057531	0.217849	614.682	0.16405	noDemog_0.4_0.2_0.4	0.4	0.2	abc
0.217884	0.0316381	0.241451	535.656	0.172484	noDemog_0.4_0.2_0.4	0.4	0.2	abc
0.23099	-0.00918295	0.218265	734.489	0.164706	noDemog_0.4_0.2_0.4	0.4	0.2	abc
0.277613	-0.0594232	0.22465	464.104	0.161411	noDemog_0.4_0.2_0.4	0.4	0.2	abc
0.20856	0.00330632	0.208566	853.253	0.163036	noDemog_0.4_0.2_0.4	0.4	0.2	abc
0.193763	-0.0158631	0.182924	458.107	0.150547	noDemog_0.4_0.2_0.4	0.4	0.2	abc
0.242854	-0.0209406	0.228783	548.087	0.166808	noDemog_0.4_0.2_0.4	0.4	0.2	abc
0.232189	-0.0407109	0.196944	748.656	0.154224	noDemog_0.4_0.2_0.4	0.4	0.2	abc
0.211462	-0.00449369	0.213692	446.01	0.162484	noDemog_0.4_0.2_0.4	0.4	0.2	abc
0.239973	-0.0143727	0.222565	312.426	0.1677	noDemog_0.4_0.2_0.4	0.4	0.2	abc
0.219024	0.000104976	0.22282	314.23	0.167846	noDemog_0.4_0.2_0.4	0.4	0.2	abc
0.241012	-0.0113207	0.235239	716.63	0.167424	noDemog_0.4_0.2_0.4	0.4	0.2	abc
0.221082	0.00262	0.222273	366.148	0.169646	noDemog_0.4_0.2_0.4	0.4	0.2	abc
0.205621	-0.0297766	0.177411	884.548	0.143655	noDemog_0.4_0.2_0.4	0.4	0.2	abc
0.259273	-0.0426566	0.207111	449.179	0.16217	noDemog_0.4_0.2_0.4	0.4	0.2	abc
0.23355	-0.0260996	0.204563	422.655	0.157093	noDemog_0.4_0.2_0.4	0.4	0.2	abc
0.243708	-0.0370988	0.210507	746.509	0.159215	noDemog_0.4_0.2_0.4	0.4	0.2	abc
0.248366	-0.0247925	0.222265	466.342	0.16602	noDemog_0.4_0.2_0.4	0.4	0.2	abc
0.153635	0.0444202	0.205274	487.147	0.159181	noDemog_0.4_0.2_0.4	0.4	0.2	abc
0.222479	0.00500185	0.207468	709.951	0.162781	noDemog_0.4_0.2_0.4	0.4	0.2	abc
0.243148	-0.0116735	0.237061	844.594	0.169716	noDemog_0.4_0.2_0.4	0.4	0.2	abc
0.24657	-0.0160231	0.235093	856.624	0.172454	noDemog_0.4_0.2_0.4	0.4	0.2	abc
0.305381	-0.0945284	0.215215	806.444	0.155812	noDemog_0.4_0.2_0.4	0.4	0.2	abc
0.261013	-0.0406897	0.216576	379.407	0.160264	noDemog_0.4_0.2_0.4	0.4	0.2	abc
0.21946	0.00125405	0.220091	556.97	0.165363	noDemog_0.4_0.2_0.4	0.4	0.2	abc
0.236044	-0.0154076	0.219594	832.784	0.162811	noDemog_0.4_0.2_0.4	0.4	0.2	abc
0.270904	-0.0233816	0.238592	870.099	0.172028	noDemog_0.4_0.2_0.4	0.4	0.2	abc
0.247775	-0.01893	0.219857	413.866	0.165158	noDemog_0.4_0.2_0.4	0.4	0.2	abc
0.236857	-0.0217351	0.212652	698.929	0.157716	noDemog_0.4_0.2_0.4	0.4	0.2	abc
0.160596	0.0519703	0.199833	422.443	0.159029	noDemog_0.4_0.2_0.4	0.4	0.2	abc
0.225724	0.0117488	0.229197	748.247	0.170642	noDemog_0.4_0.2_0.4	0.4	0.2	abc
0.232006	-0.0361497	0.204771	414.131	0.155686	noDemog_0.4_0.2_0.4	0.4	0.2	abc
0.180502	0.0439942	0.22169	532.938	0.163814	noDemog_0.4_0.2_0.4	0.4	0.2	abc
0.190096	0.00913994	0.204914	331.011	0.158544	noDemog_0.4_0.2_0.4	0.4	0.2	abc
0.302072	-0.0763838	0.226509	460.267	0.165827	noDemog_0.4_0.2_0.4	0.4	0.2	abc
0.191067	0.0236972	0.215728	513.94	0.163602	noDemog_0.4_0.2_0.4	0.4	0.2	abc
0.254175	-0.0563722	0.189964	941.116	0.152519	noDemog_0.4_0.2_0.4	0.4	0.2	abc
0.271797	-0.0394228	0.228088	389.972	0.167489	noDemog_0.4_0.2_0.4	0.4	0.2	abc
0.179332	0.0251688	0.208968	679.372	0.163375	noDemog_0.4_0.2_0.4	0.4	0.2	abc
0.22018	-0.00562874	0.217794	843.458	0.163777	noDemog_0.4_0.2_0.4	0.4	0.2	abc
0.262342	-0.0371617	0.21611	611.49	0.161073	noDemog_0.4_0.2_0.4	0.4	0.2	abc
0.159128	0.0374701	0.195579	625.526	0.154461	noDemog_0.4_0.2_0.4	0.4	0.2	abc
0.23424	-0.015014	0.210194	475.304	0.160312	noDemog_0.4_0.2_0.4	0.4	0.2	abc
0.259027	-0.0444887	0.208293	689.414	0.158052	noDemog_0.4_0.2_0.4	0.4	0.2	abc
0.236449	-0.0408906	0.191209	358.136	0.154723	noDemog_0.4_0.2_0.4	0.4	0.2	abc
0.196598	0.0215956	0.215861	485.579	0.166177	noDemog_0.4_0.2_0.4	0.4	0.2	abc
0.268072	-0.0377841	0.228793	394.122	0.166621	noDemog_0.4_0.2_0.4	0.4	0.2	abc
0.224331	-0.0151886	0.206529	838.602	0.160817	noDemog_0.4_0.2_0.4	0.4	0.2	abc
0.238187	-0.0255498	0.210476	454.103	0.159849	noDemog_0.4_0.2_0.4	0.4	0.2	abc
0.252593	-0.0354814	0.218299	777.698	0.163724	noDemog_0.4_0.2_0.4	0.4	0.2	abc
0.243361	-0.0349564	0.197222	783.099	0.158319	noDemog_0.4_0.2_0.4	0.4	0.2	abc
0.228824	-0.0175321	0.218297	483.407	0.162119	noDemog_0.4_0.2_0.4	0.4	0.2	abc
0.20117	-0.00591	0.209114	238.776	0.163092	noDemog_0.4_0.2_0.4	0.4	0.2	abc
0.249238	-0.0223058	0.223565	875.889	0.164025	noDemog_0.4_0.2_0.4	0.4	0.2	abc
0.222756	-0.0028923	0.21571	377.582	0.160904	noDemog_0.4_0.2_0.4	0.4	0.2	abc
0.222353	-0.0127567	0.210622	951.522	0.158639	noDemog_0.4_0.2_0.4	0.4	0.2	abc
0.248774	-0.0299456	0.210988	793.528	0.161261	noDemog_0.4_0.2_0.4	0.4	0.2	abc
0.213359	-0.0154715	0.202917	485.68	0.157589	noDemog_0.4_0.2_0.4	0.4	0.2	abc
0.223389	0.00258098	0.215565	357.046	0.163065	noDemog_0.4_0.2_0.4	0.4	0.2	abc
0.185068	0.0037252	0.192751	669.007	0.155551	noDemog_0.4_0.2_0.4	0.4	0.2	abc
0.231516	0.000841493	0.223441	903.726	0.167141	noDemog_0.4_0.2_0.4	0.4	0.2	abc
0.190961	0.0143418	0.206645	800.268	0.157539	noDemog_0.4_0.2_0.4	0.4	0.2	abc
0.253284	-0.0296551	0.227027	874.602	0.1675	noDemog_0.4_0.2_0.4	0.4	0.2	abc
0.256714	-0.03405	0.212241	798.481	0.164149	noDemog_0.4_0.2_0.4	0.4	0.2	abc
0.134588	0.0109858	0.144101	436.652	0.145552	noDemog_0.4_0.3_0.4	0.4	0.3	abc
0.173568	-0.0262529	0.155435	977.179	0.150494	noDemog_0.4_0.3_0.4	0.4	0.3	abc
0.142233	-0.0186054	0.129647	742.647	0.142198	noDemog_0.4_0.3_0.4	0.4	0.3	abc
0.106568	0.0361626	0.156029	460.381	0.147576	noDemog_0.4_0.3_0.4	0.4	0.3	abc
0.173939	-0.0129477	0.169118	861.624	0.153814	noDemog_0.4_0.3_0.4	0.4	0.3	abc
0.183042	-0.0329839	0.165322	293.264	0.155944	noDemog_0.4_0.3_0.4	0.4	0.3	abc
0.158526	-0.0124958	0.146745	771.872	0.14521	noDemog_0.4_0.3_0.4	0.4	0.3	abc
0.204389	-0.0308626	0.166736	687.981	0.156169	noDemog_0.4_0.3_0.4	0.4	0.3	abc
0.128073	-0.00419095	0.125147	460.736	0.136009	noDemog_0.4_0.3_0.4	0.4	0.3	abc
0.170154	-0.0124321	0.166159	883.274	0.152013	noDemog_0.4_0.3_0.4	0.4	0.3	abc
0.16432	-0.0256265	0.136437	812.18	0.141545	noDemog_0.4_0.3_0.4	0.4	0.3	abc
0.174565	-0.00540672	0.159652	509.741	0.150725	noDemog_0.4_0.3_0.4	0.4	0.3	abc
0.174485	-0.00179971	0.167649	842.631	0.151575	noDemog_0.4_0.3_0.4	0.4	0.3	abc
0.18065	-0.0409187	0.153079	798.299	0.149869	noDemog_0.4_0.3_0.4	0.4	0.3	abc
0.144954	-0.00278542	0.149077	439.704	0.147866	noDemog_0.4_0.3_0.4	0.4	0.3	abc
0.214184	-0.0347517	0.169592	940.023	0.153831	noDemog_0.4_0.3_0.4	0.4	0.3	abc
0.163428	-0.0123762	0.152507	821.359	0.150694	noDemog_0.4_0.3_0.4	0.4	0.3	abc
0.178672	0.000630712	0.174996	512.367	0.153904	noDemog_0.4_0.3_0.4	0.4	0.3	abc
0.152433	-0.0176534	0.139022	767.211	0.146902	noDemog_0.4_0.3_0.4	0.4	0.3	abc
0.200382	-0.0322787	0.167987	534.036	0.152434	noDemog_0.4_0.3_0.4	0.4	0.3	abc
0.125538	0.0274048	0.146653	428.294	0.147879	noDemog_0.4_0.3_0.4	0.4	0.3	abc
0.125828	0.0179918	0.140709	763.615	0.143876	noDemog_0.4_0.3_0.4	0.4	0.3	abc
0.16372	-0.00439372	0.15967	731.533	0.151362	noDemog_0.4_0.3_0.4	0.4	0.3	abc
0.15105	-0.0198557	0.136538	548.977	0.141582	noDemog_0.4_0.3_0.4	0.4	0.3	abc
0.157817	-0.00392471	0.162291	624.55	0.154943	noDemog_0.4_0.3_0.4	0.4	0.3	abc
0.18657	-0.0292026	0.150398	923.308	0.147166	noDemog_0.4_0.3_0.4	0.4	0.3	abc
0.206214	-0.0388059	0.166233	752.754	0.152133	noDemog_0.4_0.3_0.4	0.4	0.3	abc
0.185267	-0.0240589	0.156799	406.198	0.147416	noDemog_0.4_0.3_0.4	0.4	0.3	abc
0.132513	0.0183424	0.155886	744.053	0.147339	noDemog_0.4_0.3_0.4	0.4	0.3	abc
0.161651	-0.0194168	0.142313	866.378	0.145565	noDemog_0.4_0.3_0.4	0.4	0.3	abc
0.162795	-0.00152874	0.162173	555.202	0.151911	noDemog_0.4_0.3_0.4	0.4	0.3	abc
0.150053	-0.0101948	0.142665	735.935	0.146532	noDemog_0.4_0.3_0.4	0.4	0.3	abc
0.194183	-0.0344183	0.155885	558.297	0.147735	noDemog_0.4_0.3_0.4	0.4	0.3	abc
0.153767	0.00852846	0.159046	799.73	0.149789	noDemog_0.4_0.3_0.4	0.4	0.3	abc
0.148276	-0.00153229	0.139333	659.608	0.14349	noDemog_0.4_0.3_0.4	0.4	0.3	abc
0.156771	-0.00228267	0.158766	846.708	0.148123	noDemog_0.4_0.3_0.4	0.4	0.3	abc
0.16299	-0.0221898	0.138976	818.208	0.145375	noDemog_0.4_0.3_0.4	0.4	0.3	abc
0.194661	-0.0262641	0.157454	849.849	0.150097	noDemog_0.4_0.3_0.4	0.4	0.3	abc
0.166983	-0.026375	0.138626	569.682	0.142223	noDemog_0.4_0.3_0.4	0.4	0.3	abc
0.192984	-0.0368661	0.158544	939.291	0.148473	noDemog_0.4_0.3_0.4	0.4	0.3	abc
0.192601	-0.0307883	0.161392	332.059	0.150032	noDemog_0.4_0.3_0.4	0.4	0.3	abc
0.207445	-0.045315	0.160005	465.979	0.149511	noDemog_0.4_0.3_0.4	0.4	0.3	abc
0.174113	-0.031766	0.138428	942.669	0.140532	noDemog_0.4_0.3_0.4	0.4	0.3	abc
0.142591	-0.00665317	0.132792	407.633	0.142497	noDemog_0.4_0.3_0.4	0.4	0.3	abc
0.146802	-0.00420154	0.136545	894.006	0.143668	noDemog_0.4_0.3_0.4	0.4	0.3	abc
0.169199	-0.00620142	0.158128	602.318	0.151029	noDemog_0.4_0.3_0.4	0.4	0.3	abc
0.205645	-0.0346989	0.168811	380.202	0.154545	noDemog_0.4_0.3_0.4	0.4	0.3	abc
0.162194	-0.014781	0.141813	438.935	0.146437	noDemog_0.4_0.3_0.4	0.4	0.3	abc
0.156247	-0.0149061	0.156261	465.325	0.149502	noDemog_0.4_0.3_0.4	0.4	0.3	abc
0.149495	-0.00396624	0.136988	539.151	0.145739	noDemog_0.4_0.3_0.4	0.4	0.3	abc
0.155522	0.000492868	0.154274	550.363	0.148271	noDemog_0.4_0.3_0.4	0.4	0.3	abc
0.150559	-0.0165411	0.146556	389.13	0.149074	noDemog_0.4_0.3_0.4	0.4	0.3	abc
0.17811	-0.0329686	0.162358	714.996	0.152345	noDemog_0.4_0.3_0.4	0.4	0.3	abc
0.149193	-0.0202329	0.119795	764.42	0.140216	noDemog_0.4_0.3_0.4	0.4	0.3	abc
0.194569	-0.0356529	0.168555	553.053	0.153595	noDemog_0.4_0.3_0.4	0.4	0.3	abc
0.183633	-0.0326677	0.154446	768.886	0.149517	noDemog_0.4_0.3_0.4	0.4	0.3	abc
0.162014	-0.0108955	0.158113	476.24	0.150848	noDemog_0.4_0.3_0.4	0.4	0.3	abc
0.215894	-0.0473719	0.152479	915.996	0.147301	noDemog_0.4_0.3_0.4	0.4	0.3	abc
0.194356	-0.0191152	0.169054	533.076	0.152958	noDemog_0.4_0.3_0.4	0.4	0.3	abc
0.142816	0.0257446	0.163906	750.022	0.151985	noDemog_0.4_0.3_0.4	0.4	0.3	abc
0.216446	-0.0612291	0.149682	350.265	0.147509	noDemog_0.4_0.3_0.4	0.4	0.3	abc
0.137277	0.0216539	0.147653	446.576	0.148516	noDemog_0.4_0.3_0.4	0.4	0.3	abc
0.127233	0.008843	0.130671	307.629	0.140227	noDemog_0.4_0.3_0.4	0.4	0.3	abc
0.146338	0.000127774	0.152835	733.169	0.15061	noDemog_0.4_0.3_0.4	0.4	0.3	abc
0.172327	-0.0256105	0.155047	743.221	0.150805	noDemog_0.4_0.3_0.4	0.4	0.3	abc
0.135788	0.0217908	0.153278	796.119	0.149008	noDemog_0.4_0.3_0.4	0.4	0.3	abc
0.169942	-0.025086	0.155432	445.475	0.148161	noDemog_0.4_0.3_0.4	0.4	0.3	abc
0.161532	-0.0195514	0.143914	767.397	0.146669	noDemog_0.4_0.3_0.4	0.4	0.3	abc
0.155685	0.0154879	0.166919	407.471	0.15458	noDemog_0.4_0.3_0.4	0.4	0.3	abc
0.204162	-0.0390905	0.163867	818.793	0.154311	noDemog_0.4_0.3_0.4	0.4	0.3	abc
0.162967	-0.0324439	0.137608	792.408	0.143583	noDemog_0.4_0.3_0.4	0.4	0.3	abc
0.190946	-0.0406088	0.151587	415.038	0.147584	noDemog_0.4_0.3_0.4	0.4	0.3	abc
0.172282	-0.0379829	0.138446	612.304	0.145459	noDemog_0.4_0.3_0.4	0.4	0.3	abc
0.0990269	0.0467286	0.152424	782.465	0.149309	noDemog_0.4_0.3_0.4	0.4	0.3	abc
0.133058	-0.00635475	0.130947	758.829	0.140567	noDemog_0.4_0.3_0.4	0.4	0.3	abc
0.173503	-0.0305373	0.148099	798.081	0.147382	noDemog_0.4_0.3_0.4	0.4	0.3	abc
0.187449	-0.0324213	0.150625	374.348	0.148968	noDemog_0.4_0.3_0.4	0.4	0.3	abc
0.147122	0.00387425	0.146798	801.755	0.148821	noDemog_0.4_0.3_0.4	0.4	0.3	abc
0.175186	-0.0261397	0.154708	773.255	0.149924	noDemog_0.4_0.3_0.4	0.4	0.3	abc
0.22703	-0.0623883	0.170051	770.614	0.152231	noDemog_0.4_0.3_0.4	0.4	0.3	abc
0.190269	-0.0264987	0.157045	484.68	0.152539	noDemog_0.4_0.3_0.4	0.4	0.3	abc
0.165067	-0.0217779	0.145293	993.541	0.141806	noDemog_0.4_0.3_0.4	0.4	0.3	abc
0.187978	-0.035489	0.149617	707.94	0.147481	noDemog_0.4_0.3_0.4	0.4	0.3	abc
0.1656	-0.0159018	0.157196	500.359	0.153894	noDemog_0.4_0.3_0.4	0.4	0.3	abc
0.144758	-0.00555339	0.13905	885.709	0.142299	noDemog_0.4_0.3_0.4	0.4	0.3	abc
0.144752	-0.0110473	0.132947	749.785	0.141584	noDemog_0.4_0.3_0.4	0.4	0.3	abc
0.199008	-0.0479243	0.167692	844.956	0.152255	noDemog_0.4_0.3_0.4	0.4	0.3	abc
0.189979	-0.0295951	0.158396	854.552	0.145361	noDemog_0.4_0.3_0.4	0.4	0.3	abc
0.140806	-0.00613634	0.135412	597.096	0.142025	noDemog_0.4_0.3_0.4	0.4	0.3	abc
0.165046	-0.0105221	0.170009	417.671	0.152678	noDemog_0.4_0.3_0.4	0.4	0.3	abc
0.1445	0.0195334	0.165614	379.279	0.153116	noDemog_0.4_0.3_0.4	0.4	0.3	abc
0.155252	-0.0143031	0.134542	339.898	0.143351	noDemog_0.4_0.3_0.4	0.4	0.3	abc
0.149372	0.00350877	0.14748	545.578	0.148848	noDemog_0.4_0.3_0.4	0.4	0.3	abc
0.15917	-0.001697	0.154931	546.475	0.151469	noDemog_0.4_0.3_0.4	0.4	0.3	abc
0.223974	-0.0495705	0.174926	772.448	0.156712	noDemog_0.4_0.3_0.4	0.4	0.3	abc
0.210824	-0.0480074	0.159052	247.438	0.149896	noDemog_0.4_0.3_0.4	0.4	0.3	abc
0.15721	-0.00531664	0.146181	777.831	0.148495	noDemog_0.4_0.3_0.4	0.4	0.3	abc
0.200931	-0.0419563	0.159928	762.84	0.148316	noDemog_0.4_0.3_0.4	0.4	0.3	abc
0.196224	-0.0350773	0.162334	736.448	0.152555	noDemog_0.4_0.3_0.4	0.4	0.3	abc
0.144019	0.00529842	0.140427	816.096	0.143324	noDemog_0.4_0.3_0.4	0.4	0.3	abc
0.147318	0.204211	0.353959	388.174	0.171182	noDemog_0.4_0.1_0.8	0.8	0.1	abc
0.209252	0.128527	0.339528	406.972	0.161741	noDemog_0.4_0.1_0.8	0.8	0.1	abc
0.161406	0.178284	0.338624	452.082	0.162723	noDemog_0.4_0.1_0.8	0.8	0.1	abc
0.222816	0.133492	0.352326	397.952	0.165109	noDemog_0.4_0.1_0.8	0.8	0.1	abc
0.155672	0.182404	0.334752	518.648	0.159353	noDemog_0.4_0.1_0.8	0.8	0.1	abc
0.166762	0.180894	0.352658	326.729	0.167304	noDemog_0.4_0.1_0.8	0.8	0.1	abc
0.16507	0.17999	0.345698	427.692	0.164618	noDemog_0.4_0.1_0.8	0.8	0.1	abc
0.181035	0.163222	0.346769	747.11	0.1633	noDemog_0.4_0.1_0.8	0.8	0.1	abc
0.191801	0.164772	0.345071	347.732	0.166915	noDemog_0.4_0.1_0.8	0.8	0.1	abc
0.172642	0.169326	0.339864	475.771	0.163908	noDemog_0.4_0.1_0.8	0.8	0.1	abc
0.183884	0.168578	0.349815	528.605	0.162343	noDemog_0.4_0.1_0.8	0.8	0.1	abc
0.219716	0.151509	0.362896	374.336	0.173509	noDemog_0.4_0.1_0.8	0.8	0.1	abc
0.145281	0.201903	0.34402	376.422	0.163145	noDemog_0.4_0.1_0.8	0.8	0.1	abc
0.189104	0.163726	0.350018	712.326	0.165841	noDemog_0.4_0.1_0.8	0.8	0.1	abc
0.149258	0.189481	0.333108	375.8	0.157653	noDemog_0.4_0.1_0.8	0.8	0.1	abc
0.177844	0.16285	0.338193	381.163	0.159716	noDemog_0.4_0.1_0.8	0.8	0.1	abc
0.20982	0.148132	0.35497	502.353	0.170306	noDemog_0.4_0.1_0.8	0.8	0.1	abc
0.125988	0.21526	0.348446	395.634	0.165137	noDemog_0.4_0.1_0.8	0.8	0.1	abc
0.203966	0.141434	0.346859	810.788	0.159111	noDemog_0.4_0.1_0.8	0.8	0.1	abc
0.155525	0.189829	0.334138	781.17	0.159168	noDemog_0.4_0.1_0.8	0.8	0.1	abc
0.193373	0.14543	0.33933	716.673	0.160017	noDemog_0.4_0.1_0.8	0.8	0.1	abc
0.18875	0.143429	0.325623	324.355	0.156335	noDemog_0.4_0.1_0.8	0.8	0.1	abc
0.145516	0.212354	0.350387	416.054	0.168848	noDemog_0.4_0.1_0.8	0.8	0.1	abc
0.192148	0.154143	0.339232	303.533	0.159733	noDemog_0.4_0.1_0.8	0.8	0.1	abc
0.185512	0.179556	0.352127	695.217	0.169413	noDemog_0.4_0.1_0.8	0.8	0.1	abc
0.199515	0.149305	0.340743	699.745	0.162256	noDemog_0.4_0.1_0.8	0.8	0.1	abc
0.18068	0.171678	0.347383	383.912	0.163945	noDemog_0.4_0.1_0.8	0.8	0.1	abc
0.170215	0.18074	0.357685	813.174	0.170856	noDemog_0.4_0.1_0.8	0.8	0.1	abc
0.178612	0.16716	0.347612	457.756	0.163179	noDemog_0.4_0.1_0.8	0.8	0.1	abc
0.187943	0.162604	0.350476	473.121	0.162401	noDemog_0.4_0.1_0.8	0.8	0.1	abc
0.183483	0.173718	0.354809	799.367	0.164202	noDemog_0.4_0.1_0.8	0.8	0.1	abc
0.108345	0.216135	0.326741	402.371	0.154322	noDemog_0.4_0.1_0.8	0.8	0.1	abc
0.176964	0.174529	0.347485	479.036	0.168651	noDemog_0.4_0.1_0.8	0.8	0.1	abc
0.134286	0.220878	0.348259	412.749	0.166945	noDemog_0.4_0.1_0.8	0.8	0.1	abc
0.167541	0.180274	0.345181	643.643	0.162293	noDemog_0.4_0.1_0.8	0.8	0.1	abc
0.212533	0.139326	0.348951	390.754	0.164733	noDemog_0.4_0.1_0.8	0.8	0.1	abc
0.102355	0.231648	0.336183	428.779	0.159575	noDemog_0.4_0.1_0.8	0.8	0.1	abc
0.152179	0.194974	0.34631	345.058	0.162456	noDemog_0.4_0.1_0.8	0.8	0.1	abc
0.133408	0.189832	0.328106	280.568	0.156488	noDemog_0.4_0.1_0.8	0.8	0.1	abc
0.11153	0.230908	0.338108	413.485	0.158825	noDemog_0.4_0.1_0.8	0.8	0.1	abc
0.171497	0.170377	0.347771	869.817	0.162274	noDemog_0.4_0.1_0.8	0.8	0.1	abc
0.175361	0.184288	0.354394	633.605	0.166138	noDemog_0.4_0.1_0.8	0.8	0.1	abc
0.162874	0.178083	0.343429	371.846	0.163414	noDemog_0.4_0.1_0.8	0.8	0.1	abc
0.132587	0.211969	0.34925	458.038	0.168372	noDemog_0.4_0.1_0.8	0.8	0.1	abc
0.168105	0.186985	0.340778	325.049	0.164094	noDemog_0.4_0.1_0.8	0.8	0.1	abc
0.208708	0.134196	0.343183	567.879	0.161351	noDemog_0.4_0.1_0.8	0.8	0.1	abc
0.189615	0.158019	0.345302	322.257	0.163597	noDemog_0.4_0.1_0.8	0.8	0.1	abc
0.101718	0.229477	0.333831	448.893	0.158963	noDemog_0.4_0.1_0.8	0.8	0.1	abc
0.15382	0.189214	0.341573	732.124	0.163664	noDemog_0.4_0.1_0.8	0.8	0.1	abc
0.112992	0.220917	0.332808	455.189	0.160816	noDemog_0.4_0.1_0.8	0.8	0.1	abc
0.212622	0.142478	0.35299	401.744	0.166094	noDemog_0.4_0.1_0.8	0.8	0.1	abc
0.128463	0.21655	0.338556	337.402	0.160455	noDemog_0.4_0.1_0.8	0.8	0.1	abc
0.192785	0.157613	0.348734	713.45	0.166944	noDemog_0.4_0.1_0.8	0.8	0.1	abc
0.222058	0.11276	0.341526	752.932	0.162763	noDemog_0.4_0.1_0.8	0.8	0.1	abc
0.123275	0.205204	0.327957	371.059	0.156268	noDemog_0.4_0.1_0.8	0.8	0.1	abc
0.173029	0.16778	0.349232	710.66	0.1641	noDemog_0.4_0.1_0.8	0.8	0.1	abc
0.137555	0.205794	0.341624	378.042	0.164219	noDemog_0.4_0.1_0.8	0.8	0.1	abc
0.11693	0.208983	0.334703	836.197	0.15824	noDemog_0.4_0.1_0.8	0.8	0.1	abc
0.168217	0.194088	0.354579	435.648	0.171083	noDemog_0.4_0.1_0.8	0.8	0.1	abc
0.165882	0.184524	0.341373	725.106	0.161246	noDemog_0.4_0.1_0.8	0.8	0.1	abc
0.115954	0.226911	0.34956	431.768	0.164427	noDemog_0.4_0.1_0.8	0.8	0.1	abc
0.155782	0.187002	0.337676	740.737	0.1603	noDemog_0.4_0.1_0.8	0.8	0.1	abc
0.0973208	0.236717	0.33646	453.153	0.161557	noDemog_0.4_0.1_0.8	0.8	0.1	abc
0.139483	0.207168	0.33878	346.887	0.160296	noDemog_0.4_0.1_0.8	0.8	0.1	abc
0.164356	0.176291	0.33174	786.594	0.153771	noDemog_0.4_0.1_0.8	0.8	0.1	abc
0.162148	0.183784	0.346407	526.878	0.161119	noDemog_0.4_0.1_0.8	0.8	0.1	abc
0.160849	0.188188	0.343652	469.906	0.162385	noDemog_0.4_0.1_0.8	0.8	0.1	abc
0.217225	0.151576	0.360271	834.843	0.170042	noDemog_0.4_0.1_0.8	0.8	0.1	abc
0.158536	0.191739	0.348776	345.942	0.166324	noDemog_0.4_0.1_0.8	0.8	0.1	abc
0.171215	0.173979	0.34662	434.971	0.163721	noDemog_0.4_0.1_0.8	0.8	0.1	abc
0.192056	0.160929	0.35086	370.119	0.168695	noDemog_0.4_0.1_0.8	0.8	0.1	abc
0.0964022	0.245309	0.340114	404.398	0.160975	noDemog_0.4_0.1_0.8	0.8	0.1	abc
0.142745	0.201775	0.33921	416.403	0.160353	noDemog_0.4_0.1_0.8	0.8	0.1	abc
0.195501	0.15289	0.343245	432.557	0.162102	noDemog_0.4_0.1_0.8	0.8	0.1	abc
0.191773	0.16056	0.347853	754.142	0.168647	noDemog_0.4_0.1_0.8	0.8	0.1	abc
0.177224	0.159594	0.337517	387.816	0.161394	noDemog_0.4_0.1_0.8	0.8	0.1	abc
0.132506	0.210963	0.340295	442.872	0.161854	noDemog_0.4_0.1_0.8	0.8	0.1	abc
0.187857	0.152903	0.341928	331.49	0.160451	noDemog_0.4_0.1_0.8	0.8	0.1	abc
0.123793	0.219246	0.345952	351.074	0.162434	noDemog_0.4_0.1_0.8	0.8	0.1	abc
0.115577	0.213621	0.325074	397.705	0.157205	noDemog_0.4_0.1_0.8	0.8	0.1	abc
0.105272	0.226167	0.328094	451.896	0.15461	noDemog_0.4_0.1_0.8	0.8	0.1	abc
0.155645	0.178182	0.332861	366.664	0.160813	noDemog_0.4_0.1_0.8	0.8	0.1	abc
0.153006	0.178194	0.333676	655.768	0.158531	noDemog_0.4_0.1_0.8	0.8	0.1	abc
0.174181	0.175564	0.347113	427.267	0.163637	noDemog_0.4_0.1_0.8	0.8	0.1	abc
0.161206	0.197693	0.354181	456.436	0.17147	noDemog_0.4_0.1_0.8	0.8	0.1	abc
0.137851	0.196515	0.330974	283.904	0.158004	noDemog_0.4_0.1_0.8	0.8	0.1	abc
0.149657	0.190848	0.340554	384.974	0.161602	noDemog_0.4_0.1_0.8	0.8	0.1	abc
0.152886	0.187434	0.33531	605.407	0.161245	noDemog_0.4_0.1_0.8	0.8	0.1	abc
0.112999	0.227376	0.33187	382.203	0.158372	noDemog_0.4_0.1_0.8	0.8	0.1	abc
0.224238	0.127051	0.34558	358.023	0.162319	noDemog_0.4_0.1_0.8	0.8	0.1	abc
0.139068	0.193584	0.339524	431.831	0.162838	noDemog_0.4_0.1_0.8	0.8	0.1	abc
0.198457	0.140439	0.339086	420.446	0.158519	noDemog_0.4_0.1_0.8	0.8	0.1	abc
0.115753	0.223089	0.334934	339.184	0.156977	noDemog_0.4_0.1_0.8	0.8	0.1	abc
0.239855	0.117382	0.353795	681.524	0.165653	noDemog_0.4_0.1_0.8	0.8	0.1	abc
0.183669	0.170712	0.351965	363.084	0.165746	noDemog_0.4_0.1_0.8	0.8	0.1	abc
0.170723	0.175412	0.345351	328.538	0.166164	noDemog_0.4_0.1_0.8	0.8	0.1	abc
0.191745	0.16105	0.351401	387.033	0.167427	noDemog_0.4_0.1_0.8	0.8	0.1	abc
0.246836	0.124271	0.365897	414.223	0.170875	noDemog_0.4_0.1_0.8	0.8	0.1	abc
0.151425	0.201465	0.35563	592.218	0.169134	noDemog_0.4_0.1_0.8	0.8	0.1	abc
0.15744	0.18914	0.34132	370.129	0.166427	noDemog_0.4_0.1_0.8	0.8	0.1	abc
0.250215	0.0640859	0.30638	590.067	0.160626	noDemog_0.4_0.2_0.8	0.8	0.2	abc
0.278351	0.0258678	0.302742	503.31	0.157346	noDemog_0.4_0.2_0.8	0.8	0.2	abc
0.315287	0.017699	0.323646	318.701	0.166721	noDemog_0.4_0.2_0.8	0.8	0.2	abc
0.271402	0.0256371	0.299083	478.933	0.157878	noDemog_0.4_0.2_0.8	0.8	0.2	abc
0.262132	0.051075	0.308051	335.559	0.15885	noDemog_0.4_0.2_0.8	0.8	0.2	abc
0.263638	0.0458831	0.314684	757.148	0.160273	noDemog_0.4_0.2_0.8	0.8	0.2	abc
0.220332	0.0748029	0.295327	401.115	0.154563	noDemog_0.4_0.2_0.8	0.8	0.2	abc
0.242444	0.0705002	0.308828	364.276	0.160121	noDemog_0.4_0.2_0.8	0.8	0.2	abc
0.219135	0.0886608	0.308143	463.13	0.160848	noDemog_0.4_0.2_0.8	0.8	0.2	abc
0.281542	0.0292896	0.308793	358.062	0.16192	noDemog_0.4_0.2_0.8	0.8	0.2	abc
0.207215	0.108451	0.309668	303.934	0.162198	noDemog_0.4_0.2_0.8	0.8	0.2	abc
0.271661	0.0298582	0.294295	436.525	0.154162	noDemog_0.4_0.2_0.8	0.8	0.2	abc
0.250754	0.0494629	0.298417	835.01	0.15649	noDemog_0.4_0.2_0.8	0.8	0.2	abc
0.239591	0.0674789	0.305976	442.81	0.160238	noDemog_0.4_0.2_0.8	0.8	0.2	abc
0.232237	0.0869169	0.316384	380.898	0.163943	noDemog_0.4_0.2_0.8	0.8	0.2	abc
0.246536	0.0676882	0.308984	466.737	0.15696	noDemog_0.4_0.2_0.8	0.8	0.2	abc
0.177609	0.121026	0.293407	330.212	0.153011	noDemog_0.4_0.2_0.8	0.8	0.2	abc
0.290346	0.013044	0.298663	478.743	0.15451	noDemog_0.4_0.2_0.8	0.8	0.2	abc
0.2653	0.0422268	0.304575	391.096	0.157732	noDemog_0.4_0.2_0.8	0.8	0.2	abc
0.239139	0.0859111	0.317415	706.601	0.163187	noDemog_0.4_0.2_0.8	0.8	0.2	abc
0.271146	0.0512921	0.31337	367.173	0.165916	noDemog_0.4_0.2_0.8	0.8	0.2	abc
0.296912	0.0280838	0.31964	300.029	0.164961	noDemog_0.4_0.2_0.8	0.8	0.2	abc
0.215758	0.0807762	0.301916	764.405	0.154691	noDemog_0.4_0.2_0.8	0.8	0.2	abc
0.243916	0.0825316	0.3221	297.067	0.16555	noDemog_0.4_0.2_0.8	0.8	0.2	abc
0.290848	0.0408238	0.33047	340.602	0.169103	noDemog_0.4_0.2_0.8	0.8	0.2	abc
0.213934	0.0849644	0.299575	446.368	0.156782	noDemog_0.4_0.2_0.8	0.8	0.2	abc
0.185833	0.106167	0.288977	707.28	0.153315	noDemog_0.4_0.2_0.8	0.8	0.2	abc
0.250109	0.0603406	0.309501	333.183	0.160556	noDemog_0.4_0.2_0.8	0.8	0.2	abc
0.286784	0.0154269	0.300036	378.676	0.154254	noDemog_0.4_0.2_0.8	0.8	0.2	abc
0.262361	0.0311171	0.295952	271.51	0.152861	noDemog_0.4_0.2_0.8	0.8	0.2	abc
0.284672	0.0204062	0.304562	723.409	0.158929	noDemog_0.4_0.2_0.8	0.8	0.2	abc
0.23088	0.0853252	0.317717	363.772	0.165154	noDemog_0.4_0.2_0.8	0.8	0.2	abc
0.239281	0.048163	0.293636	371.595	0.152267	noDemog_0.4_0.2_0.8	0.8	0.2	abc
0.251171	0.0763804	0.325302	703.102	0.167687	noDemog_0.4_0.2_0.8	0.8	0.2	abc
0.308148	0.0213413	0.323541	462.15	0.163721	noDemog_0.4_0.2_0.8	0.8	0.2	abc
0.272227	0.0401236	0.305928	352.316	0.159957	noDemog_0.4_0.2_0.8	0.8	0.2	abc
0.217293	0.0947877	0.302637	830.581	0.156352	noDemog_0.4_0.2_0.8	0.8	0.2	abc
0.219387	0.0872845	0.315012	781.676	0.163138	noDemog_0.4_0.2_0.8	0.8	0.2	abc
0.316703	-0.0120314	0.299049	329.897	0.157194	noDemog_0.4_0.2_0.8	0.8	0.2	abc
0.310025	0.000811882	0.314189	786.897	0.160643	noDemog_0.4_0.2_0.8	0.8	0.2	abc
0.223997	0.0693827	0.292704	350.737	0.151829	noDemog_0.4_0.2_0.8	0.8	0.2	abc
0.240886	0.0732758	0.316105	629.365	0.163981	noDemog_0.4_0.2_0.8	0.8	0.2	abc
0.236465	0.0633352	0.296135	740.756	0.156828	noDemog_0.4_0.2_0.8	0.8	0.2	abc
0.240005	0.0715264	0.310813	464.276	0.162965	noDemog_0.4_0.2_0.8	0.8	0.2	abc
0.217849	0.0963711	0.3043	414.931	0.158255	noDemog_0.4_0.2_0.8	0.8	0.2	abc
0.295628	0.00926036	0.304413	368.675	0.15756	noDemog_0.4_0.2_0.8	0.8	0.2	abc
0.25872	0.0861398	0.330819	753.094	0.173473	noDemog_0.4_0.2_0.8	0.8	0.2	abc
0.24177	0.0655172	0.304993	750.679	0.160126	noDemog_0.4_0.2_0.8	0.8	0.2	abc
0.256635	0.0650521	0.318378	424.058	0.164097	noDemog_0.4_0.2_0.8	0.8	0.2	abc
0.262079	0.0528649	0.310804	798.657	0.162819	noDemog_0.4_0.2_0.8	0.8	0.2	abc
0.267279	0.0347851	0.296434	689.233	0.152034	noDemog_0.4_0.2_0.8	0.8	0.2	abc
0.195869	0.107905	0.30646	376.882	0.159594	noDemog_0.4_0.2_0.8	0.8	0.2	abc
0.233148	0.0861393	0.312096	351.042	0.16293	noDemog_0.4_0.2_0.8	0.8	0.2	abc
0.222087	0.0819026	0.298357	573.604	0.152197	noDemog_0.4_0.2_0.8	0.8	0.2	abc
0.239477	0.0687189	0.306706	756.766	0.160198	noDemog_0.4_0.2_0.8	0.8	0.2	abc
0.249637	0.0543739	0.305473	659.901	0.155503	noDemog_0.4_0.2_0.8	0.8	0.2	abc
0.243268	0.0691212	0.306736	751.434	0.159905	noDemog_0.4_0.2_0.8	0.8	0.2	abc
0.303002	0.00762953	0.312796	617.629	0.158263	noDemog_0.4_0.2_0.8	0.8	0.2	abc
0.26992	0.0560279	0.326101	334.489	0.165668	noDemog_0.4_0.2_0.8	0.8	0.2	abc
0.237668	0.0799639	0.312902	318.309	0.162126	noDemog_0.4_0.2_0.8	0.8	0.2	abc
0.227278	0.0816622	0.31075	582.636	0.161164	noDemog_0.4_0.2_0.8	0.8	0.2	abc
0.330096	-0.0119782	0.326575	425.199	0.164673	noDemog_0.4_0.2_0.8	0.8	0.2	abc
0.187468	0.126723	0.314507	428.452	0.162388	noDemog_0.4_0.2_0.8	0.8	0.2	abc
0.201033	0.131343	0.330665	408.161	0.170353	noDemog_0.4_0.2_0.8	0.8	0.2	abc
0.1509	0.14903	0.296067	347.866	0.154864	noDemog_0.4_0.2_0.8	0.8	0.2	abc
0.231516	0.0776655	0.299489	745.193	0.159288	noDemog_0.4_0.2_0.8	0.8	0.2	abc
0.216567	0.0845394	0.301233	723.841	0.159076	noDemog_0.4_0.2_0.8	0.8	0.2	abc
0.253272	0.0736905	0.320198	834.269	0.16344	noDemog_0.4_0.2_0.8	0.8	0.2	abc
0.260703	0.055614	0.313933	617.45	0.162598	noDemog_0.4_0.2_0.8	0.8	0.2	abc
0.331295	-0.00647582	0.324464	372.84	0.162381	noDemog_0.4_0.2_0.8	0.8	0.2	abc
0.238464	0.0640916	0.301162	832.289	0.156864	noDemog_0.4_0.2_0.8	0.8	0.2	abc
0.246862	0.0706067	0.311715	442.454	0.158484	noDemog_0.4_0.2_0.8	0.8	0.2	abc
0.217257	0.0910538	0.307196	774.531	0.160038	noDemog_0.4_0.2_0.8	0.8	0.2	abc
0.257884	0.069703	0.318646	434.283	0.164672	noDemog_0.4_0.2_0.8	0.8	0.2	abc
0.228921	0.0901983	0.315332	688.237	0.162382	noDemog_0.4_0.2_0.8	0.8	0.2	abc
0.253264	0.0605002	0.316502	321.068	0.161628	noDemog_0.4_0.2_0.8	0.8	0.2	abc
0.252519	0.0659841	0.308526	456.821	0.158213	noDemog_0.4_0.2_0.8	0.8	0.2	abc
0.270664	0.0240622	0.303946	771.19	0.157248	noDemog_0.4_0.2_0.8	0.8	0.2	abc
0.265727	0.0527304	0.315178	814.492	0.161252	noDemog_0.4_0.2_0.8	0.8	0.2	abc
0.206194	0.107335	0.318434	326.934	0.165343	noDemog_0.4_0.2_0.8	0.8	0.2	abc
0.24865	0.0720815	0.321402	430.137	0.164361	noDemog_0.4_0.2_0.8	0.8	0.2	abc
0.245235	0.0797677	0.320186	476.157	0.165037	noDemog_0.4_0.2_0.8	0.8	0.2	abc
0.235305	0.0678036	0.301889	544.404	0.156693	noDemog_0.4_0.2_0.8	0.8	0.2	abc
0.306329	0.00702972	0.318267	293.337	0.162949	noDemog_0.4_0.2_0.8	0.8	0.2	abc
0.322505	-0.00581336	0.318983	667.25	0.161914	noDemog_0.4_0.2_0.8	0.8	0.2	abc
0.244635	0.0823239	0.322484	273.881	0.164647	noDemog_0.4_0.2_0.8	0.8	0.2	abc
0.285074	0.0247568	0.311491	692.498	0.159448	noDemog_0.4_0.2_0.8	0.8	0.2	abc
0.279284	0.0182252	0.298816	329.873	0.157235	noDemog_0.4_0.2_0.8	0.8	0.2	abc
0.244021	0.0626771	0.299422	284.287	0.154829	noDemog_0.4_0.2_0.8	0.8	0.2	abc
0.222953	0.0774659	0.29745	397.82	0.155501	noDemog_0.4_0.2_0.8	0.8	0.2	abc
0.198759	0.102686	0.301524	310.636	0.159527	noDemog_0.4_0.2_0.8	0.8	0.2	abc
0.245241	0.042618	0.298759	771.969	0.154442	noDemog_0.4_0.2_0.8	0.8	0.2	abc
0.326747	-0.00141936	0.316912	468.092	0.163156	noDemog_0.4_0.2_0.8	0.8	0.2	abc
0.28724	0.037024	0.322671	391.538	0.163496	noDemog_0.4_0.2_0.8	0.8	0.2	abc
0.224793	0.0787166	0.305324	334.924	0.16067	noDemog_0.4_0.2_0.8	0.8	0.2	abc
0.22991	0.0906422	0.308677	336.967	0.158491	noDemog_0.4_0.2_0.8	0.8	0.2	abc
0.206528	0.110223	0.314072	678.001	0.164218	noDemog_0.4_0.2_0.8	0.8	0.2	abc
0.25176	0.0498653	0.301362	418.252	0.158797	noDemog_0.4_0.2_0.8	0.8	0.2	abc
0.200753	0.114983	0.312617	836.613	0.161255	noDemog_0.4_0.2_0.8	0.8	0.2	abc
0.24852	0.0728989	0.318121	326.665	0.165426	noDemog_0.4_0.2_0.8	0.8	0.2	abc
0.285041	0.00345904	0.291998	765.726	0.164623	noDemog_0.4_0.3_0.8	0.8	0.3	abc
0.313164	-0.0288193	0.287362	431.91	0.164763	noDemog_0.4_0.3_0.8	0.8	0.3	abc
0.34487	-0.0431653	0.306691	832.306	0.170383	noDemog_0.4_0.3_0.8	0.8	0.3	abc
0.347411	-0.063455	0.282534	925.74	0.160208	noDemog_0.4_0.3_0.8	0.8	0.3	abc
0.234222	0.0529687	0.286852	798.994	0.160713	noDemog_0.4_0.3_0.8	0.8	0.3	abc
0.340073	-0.0523256	0.28036	382.275	0.163455	noDemog_0.4_0.3_0.8	0.8	0.3	abc
0.297862	-0.0100934	0.279885	793.981	0.160951	noDemog_0.4_0.3_0.8	0.8	0.3	abc
0.326144	-0.0304524	0.292985	685.379	0.165327	noDemog_0.4_0.3_0.8	0.8	0.3	abc
0.318255	-0.00820693	0.31251	363.089	0.172996	noDemog_0.4_0.3_0.8	0.8	0.3	abc
0.320364	-0.026299	0.29721	516.533	0.165278	noDemog_0.4_0.3_0.8	0.8	0.3	abc
0.269949	0.0219458	0.29253	389.77	0.162647	noDemog_0.4_0.3_0.8	0.8	0.3	abc
0.343014	-0.0331179	0.305943	495.953	0.170426	noDemog_0.4_0.3_0.8	0.8	0.3	abc
0.312731	-0.0217277	0.285765	463.409	0.163881	noDemog_0.4_0.3_0.8	0.8	0.3	abc
0.297775	-0.011618	0.284876	588.554	0.159929	noDemog_0.4_0.3_0.8	0.8	0.3	abc
0.295141	-0.0113662	0.286674	793.737	0.160734	noDemog_0.4_0.3_0.8	0.8	0.3	abc
0.252718	0.0175584	0.277018	720.274	0.159341	noDemog_0.4_0.3_0.8	0.8	0.3	abc
0.293461	0.00479391	0.291969	410.618	0.164281	noDemog_0.4_0.3_0.8	0.8	0.3	abc
0.317748	-0.0160682	0.295318	878.09	0.164365	noDemog_0.4_0.3_0.8	0.8	0.3	abc
0.365151	-0.0749634	0.294171	383.904	0.165349	noDemog_0.4_0.3_0.8	0.8	0.3	abc
0.329611	-0.0329969	0.283635	357.168	0.159792	noDemog_0.4_0.3_0.8	0.8	0.3	abc
0.3023	-0.0121046	0.296023	411.676	0.166344	noDemog_0.4_0.3_0.8	0.8	0.3	abc
0.339868	-0.0471287	0.301571	476.456	0.16671	noDemog_0.4_0.3_0.8	0.8	0.3	abc
0.284212	0.00173774	0.285036	518.933	0.161334	noDemog_0.4_0.3_0.8	0.8	0.3	abc
0.296233	-0.00332631	0.289008	458.872	0.162086	noDemog_0.4_0.3_0.8	0.8	0.3	abc
0.313592	-0.0183634	0.296606	713.125	0.167	noDemog_0.4_0.3_0.8	0.8	0.3	abc
0.348335	-0.0371287	0.304015	746.849	0.171437	noDemog_0.4_0.3_0.8	0.8	0.3	abc
0.339433	-0.0394743	0.29677	462.312	0.166786	noDemog_0.4_0.3_0.8	0.8	0.3	abc
0.351003	-0.043406	0.304492	432.434	0.167219	noDemog_0.4_0.3_0.8	0.8	0.3	abc
0.353371	-0.0666005	0.292147	749.84	0.164732	noDemog_0.4_0.3_0.8	0.8	0.3	abc
0.247219	0.012627	0.25343	739.976	0.150074	noDemog_0.4_0.3_0.8	0.8	0.3	abc
0.301597	-0.0115082	0.27822	819.385	0.1587	noDemog_0.4_0.3_0.8	0.8	0.3	abc
0.321564	-0.032984	0.283299	638.389	0.161218	noDemog_0.4_0.3_0.8	0.8	0.3	abc
0.291401	-0.00204361	0.290295	790.56	0.165456	noDemog_0.4_0.3_0.8	0.8	0.3	abc
0.332034	-0.0270262	0.304447	365.804	0.171276	noDemog_0.4_0.3_0.8	0.8	0.3	abc
0.294833	-0.00359838	0.281967	442.613	0.161139	noDemog_0.4_0.3_0.8	0.8	0.3	abc
0.330087	-0.0213865	0.306614	484.012	0.169006	noDemog_0.4_0.3_0.8	0.8	0.3	abc
0.305175	-0.0110231	0.286018	853.938	0.159228	noDemog_0.4_0.3_0.8	0.8	0.3	abc
0.288587	0.00141952	0.288961	760.28	0.163676	noDemog_0.4_0.3_0.8	0.8	0.3	abc
0.312267	-0.000616156	0.311993	371.734	0.176934	noDemog_0.4_0.3_0.8	0.8	0.3	abc
0.308978	-0.0283272	0.272966	398.7	0.156297	noDemog_0.4_0.3_0.8	0.8	0.3	abc
0.277785	-0.000715675	0.27693	379.859	0.15846	noDemog_0.4_0.3_0.8	0.8	0.3	abc
0.295197	-0.00529954	0.285422	416.652	0.159243	noDemog_0.4_0.3_0.8	0.8	0.3	abc
0.329236	-0.0309036	0.301675	517.492	0.167423	noDemog_0.4_0.3_0.8	0.8	0.3	abc
0.348089	-0.048045	0.294666	635.548	0.167102	noDemog_0.4_0.3_0.8	0.8	0.3	abc
0.279399	-0.00712188	0.27493	488.622	0.154996	noDemog_0.4_0.3_0.8	0.8	0.3	abc
0.284618	-0.00540442	0.274899	524.122	0.157368	noDemog_0.4_0.3_0.8	0.8	0.3	abc
0.298894	-0.0279877	0.275706	601.991	0.157175	noDemog_0.4_0.3_0.8	0.8	0.3	abc
0.29713	-0.00416814	0.294337	741.555	0.164946	noDemog_0.4_0.3_0.8	0.8	0.3	abc
0.289513	7.83682e-5	0.280678	821.886	0.159619	noDemog_0.4_0.3_0.8	0.8	0.3	abc
0.299297	-0.00411793	0.287357	634.3	0.162656	noDemog_0.4_0.3_0.8	0.8	0.3	abc
0.300007	-0.00989828	0.283727	656.437	0.16176	noDemog_0.4_0.3_0.8	0.8	0.3	abc
0.285458	0.0136297	0.28909	370.77	0.162357	noDemog_0.4_0.3_0.8	0.8	0.3	abc
0.26277	0.0170073	0.280961	278.868	0.161638	noDemog_0.4_0.3_0.8	0.8	0.3	abc
0.290377	0.00129505	0.288913	343.911	0.16327	noDemog_0.4_0.3_0.8	0.8	0.3	abc
0.351892	-0.0643385	0.273422	883.53	0.157879	noDemog_0.4_0.3_0.8	0.8	0.3	abc
0.306365	-0.0447154	0.259128	687.741	0.149789	noDemog_0.4_0.3_0.8	0.8	0.3	abc
0.340156	-0.0442785	0.297282	779.414	0.166276	noDemog_0.4_0.3_0.8	0.8	0.3	abc
0.336498	-0.0391652	0.29411	877.966	0.164928	noDemog_0.4_0.3_0.8	0.8	0.3	abc
0.299518	0.00911033	0.309805	794.968	0.171755	noDemog_0.4_0.3_0.8	0.8	0.3	abc
0.263234	0.00724523	0.263529	331.067	0.155044	noDemog_0.4_0.3_0.8	0.8	0.3	abc
0.275218	0.0110243	0.285289	644.141	0.16027	noDemog_0.4_0.3_0.8	0.8	0.3	abc
0.320453	-0.0509262	0.27672	755.589	0.156759	noDemog_0.4_0.3_0.8	0.8	0.3	abc
0.326443	-0.0321901	0.280317	390.571	0.161999	noDemog_0.4_0.3_0.8	0.8	0.3	abc
0.297729	0.0098732	0.308642	815.482	0.170053	noDemog_0.4_0.3_0.8	0.8	0.3	abc
0.297334	-0.0102837	0.296771	395.602	0.165163	noDemog_0.4_0.3_0.8	0.8	0.3	abc
0.332476	-0.0279655	0.295	707.657	0.163422	noDemog_0.4_0.3_0.8	0.8	0.3	abc
0.326174	-0.0333673	0.298067	847.009	0.167338	noDemog_0.4_0.3_0.8	0.8	0.3	abc
0.364489	-0.0567106	0.303563	365.33	0.16689	noDemog_0.4_0.3_0.8	0.8	0.3	abc
0.302342	-0.0288707	0.28041	888.674	0.155791	noDemog_0.4_0.3_0.8	0.8	0.3	abc
0.358635	-0.0604449	0.293521	481.901	0.164384	noDemog_0.4_0.3_0.8	0.8	0.3	abc
0.325646	-0.0199579	0.305126	721.553	0.169005	noDemog_0.4_0.3_0.8	0.8	0.3	abc
0.313864	-0.0180373	0.28861	277.358	0.164873	noDemog_0.4_0.3_0.8	0.8	0.3	abc
0.351639	-0.0489694	0.292919	669.112	0.165516	noDemog_0.4_0.3_0.8	0.8	0.3	abc
0.340452	-0.0432603	0.30558	328.69	0.169644	noDemog_0.4_0.3_0.8	0.8	0.3	abc
0.309684	0.00258647	0.308963	425.194	0.171801	noDemog_0.4_0.3_0.8	0.8	0.3	abc
0.256565	0.0221426	0.278252	407.306	0.159143	noDemog_0.4_0.3_0.8	0.8	0.3	abc
0.325257	-0.0314286	0.289363	407.284	0.163456	noDemog_0.4_0.3_0.8	0.8	0.3	abc
0.262639	0.0300888	0.294676	537.588	0.167805	noDemog_0.4_0.3_0.8	0.8	0.3	abc
0.295637	0.00223348	0.29358	620.722	0.16605	noDemog_0.4_0.3_0.8	0.8	0.3	abc
0.343398	-0.0424774	0.298803	392.019	0.165996	noDemog_0.4_0.3_0.8	0.8	0.3	abc
0.314537	-0.00844871	0.302489	355.574	0.167986	noDemog_0.4_0.3_0.8	0.8	0.3	abc
0.323764	-0.0241534	0.310362	290.924	0.170113	noDemog_0.4_0.3_0.8	0.8	0.3	abc
0.301637	-0.00556097	0.297418	284.993	0.166728	noDemog_0.4_0.3_0.8	0.8	0.3	abc
0.325544	-0.0246946	0.297322	353.91	0.167179	noDemog_0.4_0.3_0.8	0.8	0.3	abc
0.288628	-0.0138907	0.271668	558.381	0.155602	noDemog_0.4_0.3_0.8	0.8	0.3	abc
0.278342	0.019082	0.289243	691.128	0.16147	noDemog_0.4_0.3_0.8	0.8	0.3	abc
0.317499	-0.0346691	0.27955	363.875	0.157928	noDemog_0.4_0.3_0.8	0.8	0.3	abc
0.284468	0.0143867	0.30073	836.939	0.163534	noDemog_0.4_0.3_0.8	0.8	0.3	abc
0.326869	-0.0541927	0.276599	756.183	0.156795	noDemog_0.4_0.3_0.8	0.8	0.3	abc
0.35308	-0.0509146	0.303954	353.748	0.165603	noDemog_0.4_0.3_0.8	0.8	0.3	abc
0.349952	-0.0582354	0.293363	757.951	0.165285	noDemog_0.4_0.3_0.8	0.8	0.3	abc
0.31096	-0.0138189	0.290783	500.325	0.159756	noDemog_0.4_0.3_0.8	0.8	0.3	abc
0.337748	-0.0418125	0.29519	271.794	0.167359	noDemog_0.4_0.3_0.8	0.8	0.3	abc
0.29949	-0.0114575	0.284851	483.086	0.162583	noDemog_0.4_0.3_0.8	0.8	0.3	abc
0.31193	-0.0272592	0.286886	970.94	0.158094	noDemog_0.4_0.3_0.8	0.8	0.3	abc
0.337211	-0.0452098	0.290743	676.5	0.163803	noDemog_0.4_0.3_0.8	0.8	0.3	abc
0.27763	-0.00647623	0.277067	423.058	0.157696	noDemog_0.4_0.3_0.8	0.8	0.3	abc
0.278268	0.000717744	0.285957	854.178	0.158593	noDemog_0.4_0.3_0.8	0.8	0.3	abc
0.333222	-0.0405193	0.301133	275.65	0.1698	noDemog_0.4_0.3_0.8	0.8	0.3	abc
0.315545	-0.0334289	0.29049	369.358	0.165576	noDemog_0.4_0.3_0.8	0.8	0.3	abc
0.211065	0.196147	0.391525	389.358	0.168555	noDemog_0.4_0.1_0.999	0.999	0.1	abc
0.174816	0.229953	0.394851	316.681	0.174627	noDemog_0.4_0.1_0.999	0.999	0.1	abc
0.188079	0.210041	0.386453	286.438	0.170255	noDemog_0.4_0.1_0.999	0.999	0.1	abc
0.209077	0.172378	0.383461	331.396	0.169443	noDemog_0.4_0.1_0.999	0.999	0.1	abc
0.255735	0.152111	0.404574	538.931	0.173596	noDemog_0.4_0.1_0.999	0.999	0.1	abc
0.183277	0.189401	0.382554	422.674	0.167941	noDemog_0.4_0.1_0.999	0.999	0.1	abc
0.183514	0.206071	0.388248	369.258	0.169744	noDemog_0.4_0.1_0.999	0.999	0.1	abc
0.187985	0.200429	0.385502	402.741	0.168192	noDemog_0.4_0.1_0.999	0.999	0.1	abc
0.181623	0.205504	0.383519	271.116	0.169991	noDemog_0.4_0.1_0.999	0.999	0.1	abc
0.191378	0.187926	0.377841	781.097	0.167333	noDemog_0.4_0.1_0.999	0.999	0.1	abc
0.219961	0.163046	0.383601	401.585	0.164914	noDemog_0.4_0.1_0.999	0.999	0.1	abc
0.202634	0.188359	0.386277	562.394	0.169424	noDemog_0.4_0.1_0.999	0.999	0.1	abc
0.224766	0.166821	0.392003	386.287	0.170172	noDemog_0.4_0.1_0.999	0.999	0.1	abc
0.201851	0.195483	0.392927	406.645	0.172379	noDemog_0.4_0.1_0.999	0.999	0.1	abc
0.171433	0.220183	0.387083	393.086	0.172584	noDemog_0.4_0.1_0.999	0.999	0.1	abc
0.144993	0.230122	0.376055	304.69	0.166048	noDemog_0.4_0.1_0.999	0.999	0.1	abc
0.151013	0.22979	0.384024	326.785	0.16963	noDemog_0.4_0.1_0.999	0.999	0.1	abc
0.216534	0.170113	0.388308	241.528	0.171561	noDemog_0.4_0.1_0.999	0.999	0.1	abc
0.147531	0.220404	0.367977	404.209	0.163461	noDemog_0.4_0.1_0.999	0.999	0.1	abc
0.160292	0.214798	0.378449	352.416	0.168423	noDemog_0.4_0.1_0.999	0.999	0.1	abc
0.201755	0.197173	0.390043	429.63	0.172538	noDemog_0.4_0.1_0.999	0.999	0.1	abc
0.212747	0.184298	0.398841	331.212	0.173534	noDemog_0.4_0.1_0.999	0.999	0.1	abc
0.150514	0.236989	0.38458	626.504	0.170724	noDemog_0.4_0.1_0.999	0.999	0.1	abc
0.20704	0.177577	0.385455	379.461	0.168759	noDemog_0.4_0.1_0.999	0.999	0.1	abc
0.180207	0.214905	0.392623	415.067	0.174141	noDemog_0.4_0.1_0.999	0.999	0.1	abc
0.21579	0.17365	0.395532	423.568	0.176575	noDemog_0.4_0.1_0.999	0.999	0.1	abc
0.220382	0.165994	0.383723	251.432	0.171215	noDemog_0.4_0.1_0.999	0.999	0.1	abc
0.197919	0.196256	0.392532	350.361	0.172776	noDemog_0.4_0.1_0.999	0.999	0.1	abc
0.194056	0.184872	0.379757	308.217	0.167502	noDemog_0.4_0.1_0.999	0.999	0.1	abc
0.214265	0.169234	0.378513	394.505	0.165895	noDemog_0.4_0.1_0.999	0.999	0.1	abc
0.194278	0.190822	0.385569	431.576	0.167987	noDemog_0.4_0.1_0.999	0.999	0.1	abc
0.154004	0.245763	0.392509	389.441	0.171634	noDemog_0.4_0.1_0.999	0.999	0.1	abc
0.191617	0.200238	0.388086	363.596	0.170038	noDemog_0.4_0.1_0.999	0.999	0.1	abc
0.188778	0.191762	0.379447	818.938	0.163525	noDemog_0.4_0.1_0.999	0.999	0.1	abc
0.2326	0.175642	0.404241	328.176	0.174673	noDemog_0.4_0.1_0.999	0.999	0.1	abc
0.231586	0.15619	0.383517	629.322	0.167728	noDemog_0.4_0.1_0.999	0.999	0.1	abc
0.203216	0.181545	0.378919	626.278	0.162246	noDemog_0.4_0.1_0.999	0.999	0.1	abc
0.179741	0.202064	0.381233	668.407	0.168257	noDemog_0.4_0.1_0.999	0.999	0.1	abc
0.190237	0.197998	0.383512	392.779	0.168837	noDemog_0.4_0.1_0.999	0.999	0.1	abc
0.173421	0.217063	0.383258	384.967	0.168336	noDemog_0.4_0.1_0.999	0.999	0.1	abc
0.215501	0.17443	0.389285	359.025	0.169763	noDemog_0.4_0.1_0.999	0.999	0.1	abc
0.185581	0.205744	0.387016	367.046	0.167268	noDemog_0.4_0.1_0.999	0.999	0.1	abc
0.255879	0.134393	0.384018	563.479	0.166456	noDemog_0.4_0.1_0.999	0.999	0.1	abc
0.230995	0.161319	0.385045	448.672	0.170008	noDemog_0.4_0.1_0.999	0.999	0.1	abc
0.168291	0.216005	0.374343	382.485	0.165039	noDemog_0.4_0.1_0.999	0.999	0.1	abc
0.197925	0.192625	0.38452	753.774	0.167715	noDemog_0.4_0.1_0.999	0.999	0.1	abc
0.174106	0.211189	0.389573	719.66	0.16531	noDemog_0.4_0.1_0.999	0.999	0.1	abc
0.190195	0.202442	0.396731	649.83	0.175212	noDemog_0.4_0.1_0.999	0.999	0.1	abc
0.204633	0.178738	0.377272	384.062	0.165434	noDemog_0.4_0.1_0.999	0.999	0.1	abc
0.216581	0.171412	0.386517	355.697	0.167308	noDemog_0.4_0.1_0.999	0.999	0.1	abc
0.154372	0.232683	0.394285	416.944	0.172708	noDemog_0.4_0.1_0.999	0.999	0.1	abc
0.193739	0.210103	0.399632	252.701	0.176945	noDemog_0.4_0.1_0.999	0.999	0.1	abc
0.172365	0.212735	0.372674	266.141	0.163566	noDemog_0.4_0.1_0.999	0.999	0.1	abc
0.2212	0.167478	0.389802	630.004	0.171623	noDemog_0.4_0.1_0.999	0.999	0.1	abc
0.195765	0.171158	0.372133	311.586	0.160707	noDemog_0.4_0.1_0.999	0.999	0.1	abc
0.160667	0.215066	0.385772	266.529	0.171492	noDemog_0.4_0.1_0.999	0.999	0.1	abc
0.242465	0.137384	0.370509	730.356	0.161104	noDemog_0.4_0.1_0.999	0.999	0.1	abc
0.204548	0.177427	0.380931	344.251	0.166984	noDemog_0.4_0.1_0.999	0.999	0.1	abc
0.169654	0.215212	0.383999	626.402	0.171465	noDemog_0.4_0.1_0.999	0.999	0.1	abc
0.187629	0.199603	0.380785	367.408	0.168365	noDemog_0.4_0.1_0.999	0.999	0.1	abc
0.174193	0.215415	0.395161	292.776	0.173729	noDemog_0.4_0.1_0.999	0.999	0.1	abc
0.236999	0.155011	0.392603	335.879	0.172796	noDemog_0.4_0.1_0.999	0.999	0.1	abc
0.182452	0.196418	0.383232	281.812	0.167935	noDemog_0.4_0.1_0.999	0.999	0.1	abc
0.194864	0.195057	0.387575	336.239	0.172043	noDemog_0.4_0.1_0.999	0.999	0.1	abc
0.202995	0.177174	0.380267	408.331	0.165375	noDemog_0.4_0.1_0.999	0.999	0.1	abc
0.241024	0.155843	0.393028	291.988	0.169915	noDemog_0.4_0.1_0.999	0.999	0.1	abc
0.260636	0.124154	0.381907	443.742	0.164909	noDemog_0.4_0.1_0.999	0.999	0.1	abc
0.156887	0.20621	0.367145	420.986	0.156708	noDemog_0.4_0.1_0.999	0.999	0.1	abc
0.154933	0.232411	0.38212	412.253	0.170367	noDemog_0.4_0.1_0.999	0.999	0.1	abc
0.133079	0.257561	0.387252	489.527	0.171678	noDemog_0.4_0.1_0.999	0.999	0.1	abc
0.176116	0.20766	0.38485	710.035	0.168089	noDemog_0.4_0.1_0.999	0.999	0.1	abc
0.147027	0.234681	0.373947	474.392	0.164851	noDemog_0.4_0.1_0.999	0.999	0.1	abc
0.152522	0.242278	0.386031	412.458	0.171634	noDemog_0.4_0.1_0.999	0.999	0.1	abc
0.201477	0.190052	0.388199	735.201	0.168695	noDemog_0.4_0.1_0.999	0.999	0.1	abc
0.184076	0.205179	0.385884	360.701	0.170221	noDemog_0.4_0.1_0.999	0.999	0.1	abc
0.196147	0.192712	0.387313	712.404	0.170196	noDemog_0.4_0.1_0.999	0.999	0.1	abc
0.18205	0.210481	0.389333	568.646	0.169777	noDemog_0.4_0.1_0.999	0.999	0.1	abc
0.229149	0.167704	0.39203	757.273	0.174757	noDemog_0.4_0.1_0.999	0.999	0.1	abc
0.142612	0.244931	0.384058	391.947	0.167665	noDemog_0.4_0.1_0.999	0.999	0.1	abc
0.217878	0.184416	0.396222	317.542	0.172331	noDemog_0.4_0.1_0.999	0.999	0.1	abc
0.172804	0.21998	0.38171	375.7	0.165381	noDemog_0.4_0.1_0.999	0.999	0.1	abc
0.228801	0.162235	0.387855	345.355	0.170702	noDemog_0.4_0.1_0.999	0.999	0.1	abc
0.18046	0.219664	0.399461	719.55	0.175646	noDemog_0.4_0.1_0.999	0.999	0.1	abc
0.203114	0.189716	0.394099	395.083	0.170785	noDemog_0.4_0.1_0.999	0.999	0.1	abc
0.221768	0.183585	0.387645	364.999	0.16828	noDemog_0.4_0.1_0.999	0.999	0.1	abc
0.128902	0.246731	0.380137	688.01	0.164708	noDemog_0.4_0.1_0.999	0.999	0.1	abc
0.259992	0.125861	0.383376	442.755	0.165618	noDemog_0.4_0.1_0.999	0.999	0.1	abc
0.215245	0.16816	0.3819	706.11	0.167045	noDemog_0.4_0.1_0.999	0.999	0.1	abc
0.183493	0.201713	0.386432	354.988	0.168493	noDemog_0.4_0.1_0.999	0.999	0.1	abc
0.180249	0.206081	0.385405	457.892	0.169231	noDemog_0.4_0.1_0.999	0.999	0.1	abc
0.218228	0.186203	0.39822	663.758	0.170253	noDemog_0.4_0.1_0.999	0.999	0.1	abc
0.226606	0.169274	0.392511	478.949	0.170749	noDemog_0.4_0.1_0.999	0.999	0.1	abc
0.18511	0.198032	0.38058	361.893	0.168893	noDemog_0.4_0.1_0.999	0.999	0.1	abc
0.208368	0.199758	0.401164	563.463	0.176314	noDemog_0.4_0.1_0.999	0.999	0.1	abc
0.130301	0.256647	0.385701	412.899	0.170192	noDemog_0.4_0.1_0.999	0.999	0.1	abc
0.229589	0.15762	0.388037	365.837	0.166276	noDemog_0.4_0.1_0.999	0.999	0.1	abc
0.255464	0.147801	0.402725	357.233	0.17819	noDemog_0.4_0.1_0.999	0.999	0.1	abc
0.204868	0.190644	0.396388	407.59	0.171784	noDemog_0.4_0.1_0.999	0.999	0.1	abc
0.12466	0.254237	0.370616	369.461	0.160344	noDemog_0.4_0.1_0.999	0.999	0.1	abc
0.224207	0.176812	0.395418	387.294	0.176657	noDemog_0.4_0.1_0.999	0.999	0.1	abc
0.207032	0.150689	0.350156	423.337	0.164879	noDemog_0.4_0.2_0.999	0.999	0.2	abc
0.291537	0.0515244	0.338741	475.428	0.154689	noDemog_0.4_0.2_0.999	0.999	0.2	abc
0.3113	0.0361234	0.34474	390.196	0.159294	noDemog_0.4_0.2_0.999	0.999	0.2	abc
0.255139	0.0803545	0.330757	501.341	0.151626	noDemog_0.4_0.2_0.999	0.999	0.2	abc
0.230247	0.12123	0.353401	502.427	0.164307	noDemog_0.4_0.2_0.999	0.999	0.2	abc
0.293304	0.0413224	0.332861	312.191	0.157122	noDemog_0.4_0.2_0.999	0.999	0.2	abc
0.284109	0.0611465	0.344774	339.714	0.161004	noDemog_0.4_0.2_0.999	0.999	0.2	abc
0.30644	0.0412846	0.346711	415.3	0.160304	noDemog_0.4_0.2_0.999	0.999	0.2	abc
0.283936	0.057888	0.344782	416.759	0.160192	noDemog_0.4_0.2_0.999	0.999	0.2	abc
0.310609	0.0131954	0.326712	449.175	0.152556	noDemog_0.4_0.2_0.999	0.999	0.2	abc
0.291033	0.0535742	0.343723	820.067	0.158616	noDemog_0.4_0.2_0.999	0.999	0.2	abc
0.298964	0.0602289	0.349299	449.884	0.160382	noDemog_0.4_0.2_0.999	0.999	0.2	abc
0.316838	0.0342848	0.344431	733.251	0.157934	noDemog_0.4_0.2_0.999	0.999	0.2	abc
0.268514	0.066071	0.337719	467.046	0.15812	noDemog_0.4_0.2_0.999	0.999	0.2	abc
0.348036	0.0149683	0.353519	507.699	0.164325	noDemog_0.4_0.2_0.999	0.999	0.2	abc
0.232271	0.120674	0.346304	721.071	0.161033	noDemog_0.4_0.2_0.999	0.999	0.2	abc
0.321546	0.0350823	0.345166	297.184	0.159848	noDemog_0.4_0.2_0.999	0.999	0.2	abc
0.306624	0.0334112	0.34265	758.018	0.157936	noDemog_0.4_0.2_0.999	0.999	0.2	abc
0.251661	0.103354	0.350585	802.121	0.160447	noDemog_0.4_0.2_0.999	0.999	0.2	abc
0.329518	0.0293044	0.360187	420.531	0.165697	noDemog_0.4_0.2_0.999	0.999	0.2	abc
0.2175	0.118972	0.340338	743.113	0.158097	noDemog_0.4_0.2_0.999	0.999	0.2	abc
0.315842	0.0522426	0.362405	329.821	0.166632	noDemog_0.4_0.2_0.999	0.999	0.2	abc
0.27819	0.0635236	0.342604	716.437	0.158601	noDemog_0.4_0.2_0.999	0.999	0.2	abc
0.302676	0.0519119	0.34882	854.919	0.15976	noDemog_0.4_0.2_0.999	0.999	0.2	abc
0.332082	0.0296095	0.356069	379.449	0.161598	noDemog_0.4_0.2_0.999	0.999	0.2	abc
0.235516	0.114099	0.345494	364.701	0.163429	noDemog_0.4_0.2_0.999	0.999	0.2	abc
0.312743	0.0339488	0.341205	299.86	0.156636	noDemog_0.4_0.2_0.999	0.999	0.2	abc
0.254465	0.0662336	0.327107	622.684	0.155765	noDemog_0.4_0.2_0.999	0.999	0.2	abc
0.241212	0.0863018	0.322716	425.485	0.15157	noDemog_0.4_0.2_0.999	0.999	0.2	abc
0.31658	0.0508838	0.360091	615.235	0.166409	noDemog_0.4_0.2_0.999	0.999	0.2	abc
0.309594	0.0500242	0.359589	321.137	0.166133	noDemog_0.4_0.2_0.999	0.999	0.2	abc
0.228779	0.105698	0.331141	330.864	0.156084	noDemog_0.4_0.2_0.999	0.999	0.2	abc
0.309135	0.0366943	0.342969	390.85	0.157555	noDemog_0.4_0.2_0.999	0.999	0.2	abc
0.29018	0.0457821	0.337494	375.403	0.156254	noDemog_0.4_0.2_0.999	0.999	0.2	abc
0.298539	0.0589675	0.360737	440.946	0.165192	noDemog_0.4_0.2_0.999	0.999	0.2	abc
0.323949	0.024326	0.349569	412.694	0.158521	noDemog_0.4_0.2_0.999	0.999	0.2	abc
0.314671	0.0410317	0.346725	358.566	0.159124	noDemog_0.4_0.2_0.999	0.999	0.2	abc
0.289439	0.0523915	0.338426	664.206	0.158113	noDemog_0.4_0.2_0.999	0.999	0.2	abc
0.291489	0.0702063	0.355326	385.545	0.166493	noDemog_0.4_0.2_0.999	0.999	0.2	abc
0.285348	0.0638134	0.344047	792.52	0.157908	noDemog_0.4_0.2_0.999	0.999	0.2	abc
0.233874	0.117699	0.341234	397.57	0.159709	noDemog_0.4_0.2_0.999	0.999	0.2	abc
0.31489	0.0465736	0.350068	790.389	0.158999	noDemog_0.4_0.2_0.999	0.999	0.2	abc
0.315627	0.0289012	0.346763	521.006	0.158786	noDemog_0.4_0.2_0.999	0.999	0.2	abc
0.299635	0.0493314	0.343075	376.579	0.160223	noDemog_0.4_0.2_0.999	0.999	0.2	abc
0.309791	0.0469785	0.349011	588.893	0.161358	noDemog_0.4_0.2_0.999	0.999	0.2	abc
0.281993	0.064948	0.348085	800.754	0.162824	noDemog_0.4_0.2_0.999	0.999	0.2	abc
0.222431	0.142173	0.353647	392.24	0.16424	noDemog_0.4_0.2_0.999	0.999	0.2	abc
0.335914	0.025305	0.351038	360.868	0.16397	noDemog_0.4_0.2_0.999	0.999	0.2	abc
0.240571	0.10261	0.343991	288.511	0.161162	noDemog_0.4_0.2_0.999	0.999	0.2	abc
0.258389	0.0835976	0.343369	775.477	0.159401	noDemog_0.4_0.2_0.999	0.999	0.2	abc
0.27283	0.105318	0.362124	401.553	0.171233	noDemog_0.4_0.2_0.999	0.999	0.2	abc
0.282572	0.0525016	0.335965	711.088	0.155161	noDemog_0.4_0.2_0.999	0.999	0.2	abc
0.271311	0.0854554	0.338398	407.874	0.154584	noDemog_0.4_0.2_0.999	0.999	0.2	abc
0.302184	0.0560658	0.357063	582.648	0.161633	noDemog_0.4_0.2_0.999	0.999	0.2	abc
0.261613	0.0936987	0.354578	389.113	0.163293	noDemog_0.4_0.2_0.999	0.999	0.2	abc
0.302029	0.0545958	0.3536	244.358	0.16125	noDemog_0.4_0.2_0.999	0.999	0.2	abc
0.35576	0.011732	0.361243	257.131	0.166885	noDemog_0.4_0.2_0.999	0.999	0.2	abc
0.254728	0.0998026	0.346761	430.486	0.159704	noDemog_0.4_0.2_0.999	0.999	0.2	abc
0.259969	0.0941526	0.351048	412.497	0.163984	noDemog_0.4_0.2_0.999	0.999	0.2	abc
0.259894	0.0934499	0.354148	440.507	0.164526	noDemog_0.4_0.2_0.999	0.999	0.2	abc
0.262752	0.100305	0.35599	554.46	0.166373	noDemog_0.4_0.2_0.999	0.999	0.2	abc
0.311877	0.0555258	0.367086	343.307	0.17161	noDemog_0.4_0.2_0.999	0.999	0.2	abc
0.281613	0.0639258	0.346137	711.875	0.16189	noDemog_0.4_0.2_0.999	0.999	0.2	abc
0.252318	0.0866736	0.333793	445.808	0.154275	noDemog_0.4_0.2_0.999	0.999	0.2	abc
0.258241	0.0931788	0.350697	427.14	0.160873	noDemog_0.4_0.2_0.999	0.999	0.2	abc
0.36128	-0.00255516	0.355762	665.57	0.168315	noDemog_0.4_0.2_0.999	0.999	0.2	abc
0.226964	0.123301	0.343405	387.004	0.161017	noDemog_0.4_0.2_0.999	0.999	0.2	abc
0.292356	0.0440033	0.3401	581.147	0.156983	noDemog_0.4_0.2_0.999	0.999	0.2	abc
0.287583	0.0550652	0.347708	321.377	0.161921	noDemog_0.4_0.2_0.999	0.999	0.2	abc
0.275232	0.0818517	0.351762	264.019	0.16304	noDemog_0.4_0.2_0.999	0.999	0.2	abc
0.252986	0.101227	0.353181	456.683	0.16539	noDemog_0.4_0.2_0.999	0.999	0.2	abc
0.271088	0.0736844	0.343268	349.028	0.159974	noDemog_0.4_0.2_0.999	0.999	0.2	abc
0.274839	0.0757687	0.346112	736.645	0.159719	noDemog_0.4_0.2_0.999	0.999	0.2	abc
0.326209	0.0284479	0.352542	423.308	0.163492	noDemog_0.4_0.2_0.999	0.999	0.2	abc
0.330543	0.0266384	0.356846	330.828	0.164983	noDemog_0.4_0.2_0.999	0.999	0.2	abc
0.295034	0.0578037	0.345891	765.361	0.159065	noDemog_0.4_0.2_0.999	0.999	0.2	abc
0.267878	0.0851619	0.345424	310.713	0.162099	noDemog_0.4_0.2_0.999	0.999	0.2	abc
0.347256	-0.00102758	0.343422	403.396	0.154707	noDemog_0.4_0.2_0.999	0.999	0.2	abc
0.298257	0.0602078	0.343972	374.172	0.159283	noDemog_0.4_0.2_0.999	0.999	0.2	abc
0.290615	0.0627317	0.340198	761.507	0.153467	noDemog_0.4_0.2_0.999	0.999	0.2	abc
0.281043	0.0857439	0.365864	413.381	0.169734	noDemog_0.4_0.2_0.999	0.999	0.2	abc
0.310984	0.0525389	0.356023	739.736	0.164039	noDemog_0.4_0.2_0.999	0.999	0.2	abc
0.286488	0.062286	0.346621	708.442	0.157315	noDemog_0.4_0.2_0.999	0.999	0.2	abc
0.313053	0.0302809	0.348663	731.747	0.161336	noDemog_0.4_0.2_0.999	0.999	0.2	abc
0.309141	0.0328888	0.34733	464.529	0.160868	noDemog_0.4_0.2_0.999	0.999	0.2	abc
0.28658	0.066592	0.353336	490.757	0.163749	noDemog_0.4_0.2_0.999	0.999	0.2	abc
0.295983	0.0515815	0.341213	517.256	0.158455	noDemog_0.4_0.2_0.999	0.999	0.2	abc
0.260495	0.0867059	0.348136	651.16	0.158332	noDemog_0.4_0.2_0.999	0.999	0.2	abc
0.26513	0.0685027	0.326649	469.948	0.152179	noDemog_0.4_0.2_0.999	0.999	0.2	abc
0.319791	0.0443355	0.369801	407.157	0.171398	noDemog_0.4_0.2_0.999	0.999	0.2	abc
0.284752	0.0613515	0.339483	330.629	0.158436	noDemog_0.4_0.2_0.999	0.999	0.2	abc
0.324806	0.0404436	0.348776	660.125	0.162455	noDemog_0.4_0.2_0.999	0.999	0.2	abc
0.309567	0.0494171	0.34683	413.018	0.160154	noDemog_0.4_0.2_0.999	0.999	0.2	abc
0.257194	0.0898968	0.347373	346.466	0.159517	noDemog_0.4_0.2_0.999	0.999	0.2	abc
0.290637	0.0624893	0.353219	594.411	0.161566	noDemog_0.4_0.2_0.999	0.999	0.2	abc
0.249763	0.0992334	0.345794	411.089	0.162791	noDemog_0.4_0.2_0.999	0.999	0.2	abc
0.362595	-0.0229603	0.335391	287.622	0.155701	noDemog_0.4_0.2_0.999	0.999	0.2	abc
0.267929	0.0800215	0.343563	804.542	0.159835	noDemog_0.4_0.2_0.999	0.999	0.2	abc
0.322491	0.0337555	0.349515	695.217	0.164683	noDemog_0.4_0.2_0.999	0.999	0.2	abc
0.294835	0.051056	0.346365	800.236	0.156349	noDemog_0.4_0.2_0.999	0.999	0.2	abc
0.309056	0.0127602	0.321045	696.003	0.158884	noDemog_0.4_0.3_0.999	0.999	0.3	abc
0.350432	-0.0361445	0.310641	772.374	0.151289	noDemog_0.4_0.3_0.999	0.999	0.3	abc
0.297656	0.0225926	0.318761	394.936	0.159375	noDemog_0.4_0.3_0.999	0.999	0.3	abc
0.324178	0.00934067	0.332332	464.827	0.162621	noDemog_0.4_0.3_0.999	0.999	0.3	abc
0.355831	-0.0259875	0.3242	745.356	0.161241	noDemog_0.4_0.3_0.999	0.999	0.3	abc
0.359812	-0.0371472	0.323803	606.58	0.15974	noDemog_0.4_0.3_0.999	0.999	0.3	abc
0.330311	-0.0432195	0.28873	410.779	0.141702	noDemog_0.4_0.3_0.999	0.999	0.3	abc
0.314065	0.0113558	0.319759	454.107	0.157609	noDemog_0.4_0.3_0.999	0.999	0.3	abc
0.276114	0.0364461	0.314482	352.727	0.158067	noDemog_0.4_0.3_0.999	0.999	0.3	abc
0.347677	-0.0224989	0.314488	402.885	0.15202	noDemog_0.4_0.3_0.999	0.999	0.3	abc
0.321645	0.000199678	0.318949	367.58	0.158295	noDemog_0.4_0.3_0.999	0.999	0.3	abc
0.296787	0.00805027	0.304668	777.321	0.150041	noDemog_0.4_0.3_0.999	0.999	0.3	abc
0.290348	0.0238741	0.317335	404.102	0.159371	noDemog_0.4_0.3_0.999	0.999	0.3	abc
0.337357	-0.0199137	0.30964	362.635	0.155038	noDemog_0.4_0.3_0.999	0.999	0.3	abc
0.319168	-0.00309599	0.314039	486.075	0.156809	noDemog_0.4_0.3_0.999	0.999	0.3	abc
0.271707	0.0419843	0.300303	875.712	0.15077	noDemog_0.4_0.3_0.999	0.999	0.3	abc
0.343742	-0.00967182	0.330478	829.248	0.162571	noDemog_0.4_0.3_0.999	0.999	0.3	abc
0.304765	0.0224048	0.329377	455.738	0.163453	noDemog_0.4_0.3_0.999	0.999	0.3	abc
0.307351	-0.0024219	0.312909	579.736	0.154095	noDemog_0.4_0.3_0.999	0.999	0.3	abc
0.306795	0.00415748	0.305398	828.337	0.153035	noDemog_0.4_0.3_0.999	0.999	0.3	abc
0.305619	-0.0131702	0.301269	882.544	0.150041	noDemog_0.4_0.3_0.999	0.999	0.3	abc
0.301177	0.00406831	0.306531	799.447	0.152795	noDemog_0.4_0.3_0.999	0.999	0.3	abc
0.284334	0.0203138	0.311793	939.386	0.153543	noDemog_0.4_0.3_0.999	0.999	0.3	abc
0.314343	0.00478038	0.305525	403.866	0.151428	noDemog_0.4_0.3_0.999	0.999	0.3	abc
0.327318	0.00951744	0.328621	722.252	0.162033	noDemog_0.4_0.3_0.999	0.999	0.3	abc
0.325157	-0.0202805	0.307292	743.327	0.155271	noDemog_0.4_0.3_0.999	0.999	0.3	abc
0.336979	-0.0200328	0.307759	391.798	0.153274	noDemog_0.4_0.3_0.999	0.999	0.3	abc
0.358211	-0.0312933	0.329899	405.1	0.166052	noDemog_0.4_0.3_0.999	0.999	0.3	abc
0.296967	0.0045351	0.302394	461.956	0.148942	noDemog_0.4_0.3_0.999	0.999	0.3	abc
0.333197	-0.0198847	0.309253	759.742	0.15308	noDemog_0.4_0.3_0.999	0.999	0.3	abc
0.330251	-0.000538912	0.324574	386.618	0.156106	noDemog_0.4_0.3_0.999	0.999	0.3	abc
0.309867	0.00276814	0.313333	406.185	0.158118	noDemog_0.4_0.3_0.999	0.999	0.3	abc
0.304509	0.0223149	0.313652	699.528	0.15696	noDemog_0.4_0.3_0.999	0.999	0.3	abc
0.376221	-0.0613434	0.314939	746.818	0.152912	noDemog_0.4_0.3_0.999	0.999	0.3	abc
0.275448	0.0287655	0.303333	742.012	0.151013	noDemog_0.4_0.3_0.999	0.999	0.3	abc
0.303569	0.00636279	0.308885	859.574	0.150922	noDemog_0.4_0.3_0.999	0.999	0.3	abc
0.348144	-0.0246112	0.319336	706.275	0.158261	noDemog_0.4_0.3_0.999	0.999	0.3	abc
0.275075	0.0450836	0.313726	406.112	0.154395	noDemog_0.4_0.3_0.999	0.999	0.3	abc
0.298719	-0.00982006	0.290278	806.714	0.146667	noDemog_0.4_0.3_0.999	0.999	0.3	abc
0.295785	0.0295355	0.318867	438.386	0.159353	noDemog_0.4_0.3_0.999	0.999	0.3	abc
0.307083	0.00618204	0.315799	734.889	0.156542	noDemog_0.4_0.3_0.999	0.999	0.3	abc
0.314612	0.0115079	0.321466	386.134	0.158532	noDemog_0.4_0.3_0.999	0.999	0.3	abc
0.301035	0.010962	0.305994	452.462	0.151641	noDemog_0.4_0.3_0.999	0.999	0.3	abc
0.366473	-0.0547113	0.305009	776.556	0.149286	noDemog_0.4_0.3_0.999	0.999	0.3	abc
0.336894	-0.00995554	0.321717	450.179	0.159078	noDemog_0.4_0.3_0.999	0.999	0.3	abc
0.270129	0.0262083	0.3024	358.103	0.148904	noDemog_0.4_0.3_0.999	0.999	0.3	abc
0.340188	-0.0235838	0.316941	635.554	0.158209	noDemog_0.4_0.3_0.999	0.999	0.3	abc
0.342628	-0.0167942	0.326083	372.279	0.159022	noDemog_0.4_0.3_0.999	0.999	0.3	abc
0.308971	0.00177424	0.306686	464.891	0.155717	noDemog_0.4_0.3_0.999	0.999	0.3	abc
0.360179	-0.0292088	0.323144	829.73	0.155132	noDemog_0.4_0.3_0.999	0.999	0.3	abc
0.300557	0.0143071	0.316887	991.804	0.15488	noDemog_0.4_0.3_0.999	0.999	0.3	abc
0.289038	0.00743723	0.296542	372.476	0.145813	noDemog_0.4_0.3_0.999	0.999	0.3	abc
0.346601	-0.0129354	0.316194	321.835	0.155945	noDemog_0.4_0.3_0.999	0.999	0.3	abc
0.340865	-0.010851	0.324834	767.101	0.160252	noDemog_0.4_0.3_0.999	0.999	0.3	abc
0.306015	0.00273842	0.310103	445.056	0.156325	noDemog_0.4_0.3_0.999	0.999	0.3	abc
0.385224	-0.0559064	0.330293	641.343	0.162954	noDemog_0.4_0.3_0.999	0.999	0.3	abc
0.32986	-0.0196183	0.313456	501.823	0.157082	noDemog_0.4_0.3_0.999	0.999	0.3	abc
0.338797	-0.028718	0.31112	513.703	0.151777	noDemog_0.4_0.3_0.999	0.999	0.3	abc
0.316466	0.00796777	0.316408	475.066	0.156255	noDemog_0.4_0.3_0.999	0.999	0.3	abc
0.314043	5.99713e-5	0.319069	390.205	0.159516	noDemog_0.4_0.3_0.999	0.999	0.3	abc
0.324169	0.0042453	0.322922	477.73	0.157339	noDemog_0.4_0.3_0.999	0.999	0.3	abc
0.365619	-0.0540089	0.315212	503.214	0.154767	noDemog_0.4_0.3_0.999	0.999	0.3	abc
0.360457	-0.0253017	0.329106	474.131	0.159788	noDemog_0.4_0.3_0.999	0.999	0.3	abc
0.319369	-0.0154096	0.306658	785.766	0.153413	noDemog_0.4_0.3_0.999	0.999	0.3	abc
0.311651	0.0039138	0.305911	415.053	0.150555	noDemog_0.4_0.3_0.999	0.999	0.3	abc
0.322115	-0.00417126	0.323821	520.714	0.160807	noDemog_0.4_0.3_0.999	0.999	0.3	abc
0.346145	-0.021532	0.316906	848.191	0.156289	noDemog_0.4_0.3_0.999	0.999	0.3	abc
0.281363	0.0328938	0.312921	657.986	0.155496	noDemog_0.4_0.3_0.999	0.999	0.3	abc
0.336516	-0.0390493	0.295159	415.42	0.146869	noDemog_0.4_0.3_0.999	0.999	0.3	abc
0.346866	-0.0228906	0.318452	465.966	0.157364	noDemog_0.4_0.3_0.999	0.999	0.3	abc
0.334703	-0.0185606	0.304877	698.715	0.151442	noDemog_0.4_0.3_0.999	0.999	0.3	abc
0.32966	0.000989697	0.328946	488.972	0.161318	noDemog_0.4_0.3_0.999	0.999	0.3	abc
0.350137	-0.026945	0.316301	374.226	0.156669	noDemog_0.4_0.3_0.999	0.999	0.3	abc
0.341356	-0.0150367	0.318651	458.172	0.156041	noDemog_0.4_0.3_0.999	0.999	0.3	abc
0.365306	-0.0433377	0.312717	809.518	0.152673	noDemog_0.4_0.3_0.999	0.999	0.3	abc
0.343227	-0.0282552	0.312683	778.214	0.152129	noDemog_0.4_0.3_0.999	0.999	0.3	abc
0.394713	-0.0718581	0.311865	797.773	0.154893	noDemog_0.4_0.3_0.999	0.999	0.3	abc
0.310474	0.0219297	0.321637	709.505	0.159646	noDemog_0.4_0.3_0.999	0.999	0.3	abc
0.315804	-0.00446537	0.30869	847.938	0.151487	noDemog_0.4_0.3_0.999	0.999	0.3	abc
0.308032	0.000884741	0.31408	379.758	0.155766	noDemog_0.4_0.3_0.999	0.999	0.3	abc
0.325544	-0.0259266	0.301467	628.015	0.151686	noDemog_0.4_0.3_0.999	0.999	0.3	abc
0.302917	0.00775943	0.308168	427.974	0.153741	noDemog_0.4_0.3_0.999	0.999	0.3	abc
0.304146	0.0091641	0.315302	847.232	0.155872	noDemog_0.4_0.3_0.999	0.999	0.3	abc
0.369522	-0.0413454	0.319981	789.864	0.157708	noDemog_0.4_0.3_0.999	0.999	0.3	abc
0.335227	-0.00691419	0.314649	386.704	0.156397	noDemog_0.4_0.3_0.999	0.999	0.3	abc
0.348956	-0.0206114	0.316584	389.624	0.159365	noDemog_0.4_0.3_0.999	0.999	0.3	abc
0.246472	0.0577433	0.30366	753.597	0.150849	noDemog_0.4_0.3_0.999	0.999	0.3	abc
0.306938	0.0293717	0.316106	489.843	0.156311	noDemog_0.4_0.3_0.999	0.999	0.3	abc
0.318956	-0.0164569	0.304291	458.63	0.153807	noDemog_0.4_0.3_0.999	0.999	0.3	abc
0.346189	-0.0262203	0.315421	409.445	0.157307	noDemog_0.4_0.3_0.999	0.999	0.3	abc
0.291494	0.0229705	0.306224	857.974	0.151402	noDemog_0.4_0.3_0.999	0.999	0.3	abc
0.325569	0.00792473	0.325872	523.477	0.15978	noDemog_0.4_0.3_0.999	0.999	0.3	abc
0.331872	0.00891555	0.33238	483.97	0.163197	noDemog_0.4_0.3_0.999	0.999	0.3	abc
0.337428	-0.00354087	0.32013	548.86	0.159263	noDemog_0.4_0.3_0.999	0.999	0.3	abc
0.32708	-0.0144222	0.311159	472.309	0.154692	noDemog_0.4_0.3_0.999	0.999	0.3	abc
0.309133	-0.00257031	0.307797	414.05	0.153986	noDemog_0.4_0.3_0.999	0.999	0.3	abc
0.328639	-0.00730077	0.31226	442.484	0.153331	noDemog_0.4_0.3_0.999	0.999	0.3	abc
0.269454	0.0488589	0.313535	451.226	0.155714	noDemog_0.4_0.3_0.999	0.999	0.3	abc
0.329787	-0.0244787	0.298996	406.292	0.150866	noDemog_0.4_0.3_0.999	0.999	0.3	abc
0.367182	-0.0494098	0.316808	492.163	0.156767	noDemog_0.4_0.3_0.999	0.999	0.3	abc
