α_weak	α_strong	α	analysis	method
0.032906304948505403	0.050282961715206055	0.08318926666371146	bt_moderate_0.4	slim
0.03174320636050789	0.05139729441082236	0.08314050077133024	bt_moderate_0.4	slim
0.03238931813508035	0.05123534768941508	0.08362466582449543	bt_moderate_0.4	slim
0.032696428047312966	0.049543600129142086	0.08224002817645505	bt_moderate_0.4	slim
0.03369960137093097	0.049012253063265815	0.08271185443419679	bt_moderate_0.4	slim
0.03346235669542607	0.050437300555489895	0.08389965725091597	bt_moderate_0.4	slim
0.0326141643730208	0.0492024031489538	0.08181656752197461	bt_moderate_0.4	slim
0.03282686452452038	0.04976499453131928	0.08259185905583967	bt_moderate_0.4	slim
0.03264683673620468	0.04946625012955094	0.08211308686575562	bt_moderate_0.4	slim
0.03218570606378112	0.04835972433333825	0.08054543039711937	bt_moderate_0.4	slim
0.0331841082694325	0.050189855650606505	0.083373963920039	bt_moderate_0.4	slim
0.033600832218754643	0.050408678852727005	0.08400951107148165	bt_moderate_0.4	slim
0.03340899313127717	0.05091459343985046	0.08432358657112762	bt_moderate_0.4	slim
0.033160331455869774	0.04899590103506237	0.08215623249093215	bt_moderate_0.4	slim
0.03192271497470886	0.05084695918127279	0.08276967415598165	bt_moderate_0.4	slim
0.034137971837652346	0.04926931724056325	0.0834072890782156	bt_moderate_0.4	slim
0.0324466831624838	0.05003240249793802	0.08247908566042182	bt_moderate_0.4	slim
0.03374569835053993	0.05132312804082117	0.0850688263913611	bt_moderate_0.4	slim
0.03205326955160857	0.049903293912684	0.08195656346429257	bt_moderate_0.4	slim
0.03267062314540059	0.0486646884272997	0.0813353115727003	bt_moderate_0.4	slim
0.0325180492117283	0.05065566524237513	0.08317371445410343	bt_moderate_0.4	slim
0.03277136941733215	0.049230996746524695	0.08200236616385685	bt_moderate_0.4	slim
0.032351335801849915	0.05026037440807234	0.08261171020992225	bt_moderate_0.4	slim
0.032616666177807764	0.04946763265186402	0.08208429882967178	bt_moderate_0.4	slim
0.03283104887652091	0.05040113680097102	0.08323218567749194	bt_moderate_0.4	slim
0.032163872708138794	0.051269509537996354	0.08343338224613515	bt_moderate_0.4	slim
0.033652712264150945	0.04985259433962264	0.08350530660377359	bt_moderate_0.4	slim
0.034049070719566435	0.05076433683838473	0.08481340755795116	bt_moderate_0.4	slim
0.032731559943998234	0.05069633777908776	0.083427897723086	bt_moderate_0.4	slim
0.03318437237290386	0.050587732106248985	0.08377210447915284	bt_moderate_0.4	slim
0.03278252779869756	0.049853069301082416	0.08263559709977997	bt_moderate_0.4	slim
0.03247571735745533	0.05077482019722696	0.08325053755468229	bt_moderate_0.4	slim
0.03301288667394061	0.05076523841821238	0.08377812509215299	bt_moderate_0.4	slim
0.033237337450270174	0.051466658749480435	0.08470399619975061	bt_moderate_0.4	slim
0.03228676939504946	0.049624037848339686	0.08191080724338914	bt_moderate_0.4	slim
0.03243283032756717	0.05014354066985646	0.08257637099742363	bt_moderate_0.4	slim
0.033496182749914095	0.05015463224418448	0.08365081499409857	bt_moderate_0.4	slim
0.03293175056702701	0.04910306636425226	0.08203481693127927	bt_moderate_0.4	slim
0.03275183224455488	0.049459543155442175	0.08221137539999705	bt_moderate_0.4	slim
0.03277767095123286	0.052080405875131276	0.08485807682636413	bt_moderate_0.4	slim
0.03263858093126386	0.05155949741315595	0.08419807834441981	bt_moderate_0.4	slim
0.03253414533199314	0.049621592857565185	0.08215573818955833	bt_moderate_0.4	slim
0.03231499332641258	0.05000741509713777	0.08232240842355035	bt_moderate_0.4	slim
0.033775990062405725	0.051492117949779655	0.08526810801218539	bt_moderate_0.4	slim
0.03332444681418288	0.04998667022127433	0.08331111703545721	bt_moderate_0.4	slim
0.032614044767884036	0.050464530175820574	0.0830785749437046	bt_moderate_0.4	slim
0.03273159497808484	0.050531164103707005	0.08326275908179184	bt_moderate_0.4	slim
0.03320251758607923	0.049759348389485376	0.08296186597556461	bt_moderate_0.4	slim
0.032920159324653704	0.050190238392485584	0.0831103977171393	bt_moderate_0.4	slim
0.03263849986732317	0.05025503434855677	0.08289353421587994	bt_moderate_0.4	slim
0.03299301133257487	0.04899454795289668	0.08198755928547155	bt_moderate_0.4	slim
0.03287388516252672	0.05043119333677305	0.08330507849929977	bt_moderate_0.4	slim
0.033205864548420914	0.04898935463390867	0.08219521918232958	bt_moderate_0.4	slim
0.03340668429058794	0.05114383187369851	0.08455051616428645	bt_moderate_0.4	slim
0.032460011435776384	0.050097497324321554	0.08255750876009793	bt_moderate_0.4	slim
0.03254394459606186	0.05020981893946063	0.0827537635355225	bt_moderate_0.4	slim
0.033048726630354776	0.05096422788164287	0.08401295451199764	bt_moderate_0.4	slim
0.03167133795545066	0.05099572208290308	0.08266706003835374	bt_moderate_0.4	slim
0.03214602423884127	0.04963050546851907	0.08177652970736034	bt_moderate_0.4	slim
0.03266000739918609	0.04987051424343322	0.08253052164261931	bt_moderate_0.4	slim
0.03319569385046453	0.05075947500368677	0.0839551688541513	bt_moderate_0.4	slim
0.03373699873302101	0.05053183653024544	0.08426883526326645	bt_moderate_0.4	slim
0.033693972179289024	0.05059247810407007	0.0842864502833591	bt_moderate_0.4	slim
0.03370040151157298	0.04906707605101559	0.08276747756258857	bt_moderate_0.4	slim
0.03253873130021752	0.04924461017149791	0.08178334147171543	bt_moderate_0.4	slim
0.033483096413051486	0.048979892465198495	0.08246298887824999	bt_moderate_0.4	slim
0.032955215085444904	0.05081025338833235	0.08376546847377725	bt_moderate_0.4	slim
0.03328745023163566	0.05121146189482409	0.08449891212645975	bt_moderate_0.4	slim
0.03200988540578708	0.05026552317627503	0.0822754085820621	bt_moderate_0.4	slim
0.03314704751766758	0.049454448682693164	0.08260149620036074	bt_moderate_0.4	slim
0.03257952102024171	0.05025580188329502	0.08283532290353673	bt_moderate_0.4	slim
0.03353025236081852	0.05008912918575701	0.08361938154657553	bt_moderate_0.4	slim
0.0335016536735176	0.05056992676588708	0.08407158043940467	bt_moderate_0.4	slim
0.03345647690687082	0.05173513746086853	0.08519161436773935	bt_moderate_0.4	slim
0.03339501147213381	0.05059581082081267	0.0839908222929465	bt_moderate_0.4	slim
0.0332810233026382	0.05021762946732597	0.08349865276996417	bt_moderate_0.4	slim
0.03349125959810489	0.05082354339011748	0.08431480298822236	bt_moderate_0.4	slim
0.032538411342469	0.050631785015127245	0.08317019635759625	bt_moderate_0.4	slim
0.032844818625922464	0.05012843927717642	0.08297325790309888	bt_moderate_0.4	slim
0.03227387494430417	0.050185652755086886	0.08245952769939106	bt_moderate_0.4	slim
0.03169216695929297	0.05187600513448515	0.08356817209377812	bt_moderate_0.4	slim
0.0319685178634595	0.05129112133003184	0.08325963919349133	bt_moderate_0.4	slim
0.03290006329766093	0.05143302960269677	0.0843330929003577	bt_moderate_0.4	slim
0.0340596635425598	0.049271205984093666	0.08333086952665346	bt_moderate_0.4	slim
0.032135549307385436	0.049815253713326756	0.0819508030207122	bt_moderate_0.4	slim
0.032149527169240806	0.05061808911155249	0.0827676162807933	bt_moderate_0.4	slim
0.03286635534800979	0.05077459046771922	0.083640945815729	bt_moderate_0.4	slim
0.032781101621415024	0.051876460817028534	0.08465756243844356	bt_moderate_0.4	slim
0.031110587611713952	0.0503246514230186	0.08143523903473254	bt_moderate_0.4	slim
0.03352449470006339	0.05100912562102873	0.08453362032109213	bt_moderate_0.4	slim
0.03100970816138705	0.04916426684083959	0.08017397500222664	bt_moderate_0.4	slim
0.033277032032476964	0.051115654724864436	0.08439268675734139	bt_moderate_0.4	slim
0.032394720860304246	0.05048066241057013	0.08287538327087438	bt_moderate_0.4	slim
0.03354356116163098	0.05039601056028161	0.08393957172191259	bt_moderate_0.4	slim
0.031725265739983646	0.04998141678436037	0.08170668252434402	bt_moderate_0.4	slim
0.03294499336381065	0.05134935850169591	0.08429435186550656	bt_moderate_0.4	slim
0.03228290486909134	0.05057161473759033	0.08285451960668168	bt_moderate_0.4	slim
0.033398705339369186	0.05001695740006193	0.08341566273943112	bt_moderate_0.4	slim
0.03292706179140816	0.04807791026825655	0.08100497205966471	bt_moderate_0.4	slim
0.033905541487544905	0.05002650020611271	0.08393204169365762	bt_moderate_0.4	slim
0.03242662427507433	0.05119373546468839	0.08362035973976273	bt_moderate_0.4	slim
0.08948458508760017	0.1147290506586989	0.20421363574629905	bt_moderate_0.999	slim
0.09182245747711602	0.11373712513275232	0.20555958260986834	bt_moderate_0.999	slim
0.09007773205304069	0.11617470236583177	0.20625243441887245	bt_moderate_0.999	slim
0.08997687232161078	0.11361472008706891	0.2035915924086797	bt_moderate_0.999	slim
0.08928875421333969	0.114977358619046	0.2042661128323857	bt_moderate_0.999	slim
0.08982422738244994	0.11707408288851869	0.2068983102709686	bt_moderate_0.999	slim
0.08875507488656136	0.11580976425232847	0.20456483913888984	bt_moderate_0.999	slim
0.08760541783797597	0.11414941647499786	0.20175483431297384	bt_moderate_0.999	slim
0.08981691427797896	0.11573995735896307	0.20555687163694203	bt_moderate_0.999	slim
0.08767928640210836	0.11469261568090822	0.20237190208301659	bt_moderate_0.999	slim
0.09079868432149785	0.1142953529560597	0.20509403727755757	bt_moderate_0.999	slim
0.08898426806806468	0.11586880481251795	0.20485307288058263	bt_moderate_0.999	slim
0.08898636471828351	0.11532184025298378	0.2043082049712673	bt_moderate_0.999	slim
0.09092449792390475	0.11309211083806457	0.20401660876196934	bt_moderate_0.999	slim
0.08617454656096282	0.11644889196910022	0.20262343853006304	bt_moderate_0.999	slim
0.08745009135819179	0.11440075793462814	0.20185084929281993	bt_moderate_0.999	slim
0.08938556981388629	0.1124330755502677	0.201818645364154	bt_moderate_0.999	slim
0.08956977892836461	0.11406138229383112	0.20363116122219574	bt_moderate_0.999	slim
0.0890507002753797	0.11650419827338615	0.20555489854876585	bt_moderate_0.999	slim
0.09009100271826301	0.11455536983572237	0.20464637255398538	bt_moderate_0.999	slim
0.08969052850305724	0.1145061570691329	0.20419668557219015	bt_moderate_0.999	slim
0.09111019652227595	0.1125973179682409	0.20370751449051686	bt_moderate_0.999	slim
0.09039490445859873	0.11340976645435244	0.20380467091295118	bt_moderate_0.999	slim
0.0901775428610151	0.11298028054482619	0.2031578234058413	bt_moderate_0.999	slim
0.08987429812210555	0.1148450355391949	0.20471933366130043	bt_moderate_0.999	slim
0.09086148648648648	0.11277027027027027	0.20363175675675677	bt_moderate_0.999	slim
0.08909967081820341	0.11662198391420911	0.20572165473241252	bt_moderate_0.999	slim
0.08991660348749052	0.11577794625558083	0.20569454974307136	bt_moderate_0.999	slim
0.09019310228518425	0.11581077662534783	0.2060038789105321	bt_moderate_0.999	slim
0.08690427836447333	0.11729962090441376	0.20420389926888707	bt_moderate_0.999	slim
0.08909915572392002	0.11422358876790052	0.20332274449182056	bt_moderate_0.999	slim
0.08914103239175854	0.11526506208278837	0.2044060944745469	bt_moderate_0.999	slim
0.08948791617373669	0.11311475409836065	0.20260267027209736	bt_moderate_0.999	slim
0.0883935434281322	0.11608164659663507	0.20447519002476727	bt_moderate_0.999	slim
0.08799194800320716	0.11260853989320868	0.20060048789641582	bt_moderate_0.999	slim
0.09003045823478364	0.11730674335108646	0.2073372015858701	bt_moderate_0.999	slim
0.08954082932712726	0.11469923726366216	0.20424006659078942	bt_moderate_0.999	slim
0.0906855679717837	0.11361131365201024	0.20429688162379395	bt_moderate_0.999	slim
0.08958156869388446	0.115653057767237	0.20523462646112145	bt_moderate_0.999	slim
0.09038158095658223	0.11533958838799437	0.2057211693445766	bt_moderate_0.999	slim
0.08898003457509915	0.11436900444052744	0.2033490390156266	bt_moderate_0.999	slim
0.09174139871108535	0.1156613359702663	0.20740273468135165	bt_moderate_0.999	slim
0.09008641912426357	0.11438224757635954	0.2044686667006231	bt_moderate_0.999	slim
0.09015697200326175	0.11349891274802935	0.20365588475129112	bt_moderate_0.999	slim
0.08883669055022306	0.11491145058807625	0.2037481411382993	bt_moderate_0.999	slim
0.08973880597014926	0.11726594301221167	0.20700474898236093	bt_moderate_0.999	slim
0.08964897100490321	0.11341850324901172	0.20306747425391494	bt_moderate_0.999	slim
0.08965986394557823	0.11571428571428571	0.20537414965986395	bt_moderate_0.999	slim
0.0923048181926258	0.11246412255226644	0.20476894074489224	bt_moderate_0.999	slim
0.08972370417085684	0.11433636162198095	0.20406006579283778	bt_moderate_0.999	slim
0.08917056194343034	0.11452113685216145	0.2036916987955918	bt_moderate_0.999	slim
0.08924292030917744	0.11551962736692882	0.20476254767610624	bt_moderate_0.999	slim
0.08795972352589812	0.11422476320505162	0.20218448673094974	bt_moderate_0.999	slim
0.09128497110806094	0.11397488688932947	0.2052598579973904	bt_moderate_0.999	slim
0.08970414201183433	0.11394759087066779	0.2036517328825021	bt_moderate_0.999	slim
0.08986524472307876	0.11504454931089116	0.20490979403396992	bt_moderate_0.999	slim
0.09175988762713873	0.11480986308788438	0.2065697507150231	bt_moderate_0.999	slim
0.08946459997292541	0.11296872884797618	0.2024333288209016	bt_moderate_0.999	slim
0.08911327211737201	0.11467827736929488	0.2037915494866669	bt_moderate_0.999	slim
0.08790632350203902	0.11410054655904699	0.202006870061086	bt_moderate_0.999	slim
0.08617143242514162	0.1161485028324791	0.2023199352576207	bt_moderate_0.999	slim
0.08815731330092798	0.11382100003399163	0.2019783133349196	bt_moderate_0.999	slim
0.09045031055900621	0.11451863354037267	0.20496894409937888	bt_moderate_0.999	slim
0.08978317668216212	0.11535068372298192	0.20513386040514403	bt_moderate_0.999	slim
0.090234375	0.11389266304347827	0.20412703804347826	bt_moderate_0.999	slim
0.089261503080646	0.11433573034479208	0.20359723342543806	bt_moderate_0.999	slim
0.09215736256266463	0.11360353470983091	0.20576089727249555	bt_moderate_0.999	slim
0.09158945117605131	0.11397345823575332	0.20556290941180463	bt_moderate_0.999	slim
0.09053085623068302	0.11332065346601909	0.2038515096967021	bt_moderate_0.999	slim
0.09028399587775168	0.11430791843354564	0.20459191431129733	bt_moderate_0.999	slim
0.08866158054814538	0.11499838580870983	0.2036599663568552	bt_moderate_0.999	slim
0.08831542431677807	0.11229376427785769	0.20060918859463575	bt_moderate_0.999	slim
0.08915088762393798	0.11440298633515193	0.20355387395908991	bt_moderate_0.999	slim
0.08842818935999863	0.11505374512375859	0.20348193448375723	bt_moderate_0.999	slim
0.08734375532168523	0.11479513640543579	0.20213889172712102	bt_moderate_0.999	slim
0.09062176077758331	0.11225339428027664	0.20287515505785994	bt_moderate_0.999	slim
0.09007455495257899	0.1122550759919528	0.2023296309445318	bt_moderate_0.999	slim
0.08894475776313107	0.11636203030508935	0.20530678806822042	bt_moderate_0.999	slim
0.0903456334355049	0.11452811976088466	0.20487375319638956	bt_moderate_0.999	slim
0.0904880655504097	0.11562929411165962	0.20611735966206932	bt_moderate_0.999	slim
0.08785993932511907	0.11606189515787332	0.2039218344829924	bt_moderate_0.999	slim
0.08967017281517103	0.11453040833319172	0.20420058114836276	bt_moderate_0.999	slim
0.08853937154672722	0.11367411274194095	0.20221348428866817	bt_moderate_0.999	slim
0.08891275808569042	0.11440165038446456	0.20331440847015497	bt_moderate_0.999	slim
0.09045865644036448	0.11450291008433305	0.20496156652469755	bt_moderate_0.999	slim
0.08993956629932456	0.1138760516648892	0.20381561796421377	bt_moderate_0.999	slim
0.08878785279231363	0.11433473449429528	0.2031225872866089	bt_moderate_0.999	slim
0.09028237651333774	0.11133751040021735	0.2016198869135551	bt_moderate_0.999	slim
0.08828385618492435	0.11340431984364996	0.2016881760285743	bt_moderate_0.999	slim
0.089768864717879	0.11337525492861998	0.20314411964649898	bt_moderate_0.999	slim
0.08994213750850918	0.11356364874063989	0.20350578624914908	bt_moderate_0.999	slim
0.09013918177983973	0.11510754955714889	0.20524673133698862	bt_moderate_0.999	slim
0.08937313026924124	0.11643323361435953	0.20580636388360077	bt_moderate_0.999	slim
0.088016967126193	0.11447678992918961	0.2024937570553826	bt_moderate_0.999	slim
0.08831107593337936	0.11539044475505633	0.2037015206884357	bt_moderate_0.999	slim
0.08857288828337875	0.11702997275204359	0.20560286103542233	bt_moderate_0.999	slim
0.09063102038057255	0.11663906445398317	0.20727008483455572	bt_moderate_0.999	slim
0.08722773116365794	0.11453513009577083	0.20176286125942877	bt_moderate_0.999	slim
0.08942744005030506	0.11408711612651043	0.2035145561768155	bt_moderate_0.999	slim
0.0889282611288097	0.11441421489292833	0.20334247602173802	bt_moderate_0.999	slim
0.08910135788028277	0.11825933648646358	0.20736069436674634	bt_moderate_0.999	slim
0.030576227939613013	0.04842299241618825	0.07899922035580126	bt_strong_0.4	slim
0.030873334743074646	0.04804398392894904	0.07891731867202369	bt_strong_0.4	slim
0.030255184774259623	0.049458052402492104	0.07971323717675173	bt_strong_0.4	slim
0.030645435003959724	0.04778538296187351	0.07843081796583323	bt_strong_0.4	slim
0.031352502662406814	0.04695775647852325	0.07831025914093007	bt_strong_0.4	slim
0.03031546187579573	0.04797000990239072	0.07828547177818644	bt_strong_0.4	slim
0.03146560884040518	0.04831054756676348	0.07977615640716866	bt_strong_0.4	slim
0.02993017711171662	0.04873410535876476	0.07866428247048138	bt_strong_0.4	slim
0.030754137519194678	0.04893931638514474	0.07969345390433942	bt_strong_0.4	slim
0.030808747356918843	0.047979905487675084	0.07878865284459392	bt_strong_0.4	slim
0.0304531174822404	0.04822687006481193	0.07867998754705233	bt_strong_0.4	slim
0.031125140411494546	0.048344210780759005	0.07946935119225355	bt_strong_0.4	slim
0.031560103743797925	0.04644508344609833	0.07800518718989626	bt_strong_0.4	slim
0.02999985889059788	0.04883796407354622	0.0788378229641441	bt_strong_0.4	slim
0.031765752283604634	0.04790275444367579	0.07966850672728043	bt_strong_0.4	slim
0.0302689785642149	0.047252606574399385	0.07752158513861429	bt_strong_0.4	slim
0.0307028708810635	0.04789987271955876	0.07860274360062226	bt_strong_0.4	slim
0.030118433728112428	0.04888932963109877	0.0790077633592112	bt_strong_0.4	slim
0.03209802834520307	0.04838870172146645	0.08048673006666951	bt_strong_0.4	slim
0.030538879864397205	0.04727735009534571	0.07781622995974292	bt_strong_0.4	slim
0.030654279951134976	0.04873718003352368	0.07939145998465866	bt_strong_0.4	slim
0.03134711332858161	0.047712045616536	0.0790591589451176	bt_strong_0.4	slim
0.03138697447606162	0.04921567798401759	0.08060265246007921	bt_strong_0.4	slim
0.03030515019657773	0.04938927986792215	0.07969443006449987	bt_strong_0.4	slim
0.030693556320708314	0.04800787014264633	0.07870142646335465	bt_strong_0.4	slim
0.029457166730396115	0.048406055713699	0.07786322244409512	bt_strong_0.4	slim
0.029719458559289466	0.05089884281993253	0.080618301379222	bt_strong_0.4	slim
0.03049133560241219	0.04889347098450718	0.07938480658691938	bt_strong_0.4	slim
0.03112378908125512	0.048366142288248086	0.0794899313695032	bt_strong_0.4	slim
0.02974009253102053	0.04835948442960427	0.07809957696062479	bt_strong_0.4	slim
0.029562799670893977	0.04811757028967004	0.07768036996056402	bt_strong_0.4	slim
0.031058179406493854	0.04888029689418206	0.07993847630067591	bt_strong_0.4	slim
0.030613975576662143	0.048238919041157846	0.07885289461782	bt_strong_0.4	slim
0.03170159214954328	0.048824976669211845	0.08052656881875513	bt_strong_0.4	slim
0.030978881278538813	0.04853025114155251	0.07950913242009132	bt_strong_0.4	slim
0.030575412272630758	0.047830702809823766	0.07840611508245453	bt_strong_0.4	slim
0.03154846001695394	0.048290477536027124	0.07983893755298106	bt_strong_0.4	slim
0.03051646505850636	0.04947280759947492	0.07998927265798128	bt_strong_0.4	slim
0.031048250084947333	0.047839506172839504	0.07888775625778684	bt_strong_0.4	slim
0.030346820809248554	0.049543805961691036	0.0798906267709396	bt_strong_0.4	slim
0.02986322726950606	0.047211395365317835	0.0770746226348239	bt_strong_0.4	slim
0.0317686776941223	0.04740581695930388	0.07917449465342619	bt_strong_0.4	slim
0.03169044040495704	0.04747185435158665	0.07916229475654368	bt_strong_0.4	slim
0.03023847060661582	0.048688340647946936	0.07892681125456276	bt_strong_0.4	slim
0.030932790454378377	0.04973562925891368	0.08066841971329206	bt_strong_0.4	slim
0.030211906879561785	0.04863552299069643	0.07884742987025821	bt_strong_0.4	slim
0.030253544127377414	0.04886461222248814	0.07911815634986556	bt_strong_0.4	slim
0.031002563372258617	0.049259470236399885	0.0802620336086585	bt_strong_0.4	slim
0.030451048210630337	0.048365920801863485	0.07881696901249383	bt_strong_0.4	slim
0.030113531146279966	0.04874574436261592	0.07885927550889589	bt_strong_0.4	slim
0.03209402192338117	0.0480421516555543	0.08013617357893547	bt_strong_0.4	slim
0.03046234950487996	0.04918429863931039	0.07964664814419035	bt_strong_0.4	slim
0.02951582211572345	0.04858693354006625	0.0781027556557897	bt_strong_0.4	slim
0.02989329870716423	0.048184948907582	0.07807824761474623	bt_strong_0.4	slim
0.03070622909935952	0.048064388142606135	0.07877061724196566	bt_strong_0.4	slim
0.03022595277459833	0.04940155722299942	0.07962750999759775	bt_strong_0.4	slim
0.029604145429833504	0.04976497904632461	0.07936912447615811	bt_strong_0.4	slim
0.02949080622347949	0.0481046676096181	0.07759547383309759	bt_strong_0.4	slim
0.03053943083675492	0.048945207418943794	0.07948463825569871	bt_strong_0.4	slim
0.030333026939121828	0.04908435268330623	0.07941737962242805	bt_strong_0.4	slim
0.030520237790482692	0.04787097875245328	0.07839121654293597	bt_strong_0.4	slim
0.030061201596069467	0.04786788407196513	0.0779290856680346	bt_strong_0.4	slim
0.030527487583490324	0.04788205742992521	0.07840954501341554	bt_strong_0.4	slim
0.029913196414387836	0.04794054238057415	0.07785373879496199	bt_strong_0.4	slim
0.02960741393524178	0.04812803820678284	0.07773545214202462	bt_strong_0.4	slim
0.030698843498030134	0.04836409336741178	0.07906293686544191	bt_strong_0.4	slim
0.029836531627576404	0.048798862828713575	0.07863539445628998	bt_strong_0.4	slim
0.029395900755124056	0.04877079429966502	0.07816669505478907	bt_strong_0.4	slim
0.030559813773916995	0.04955146766592858	0.08011128143984557	bt_strong_0.4	slim
0.03203439782450845	0.04924754758887766	0.08128194541338611	bt_strong_0.4	slim
0.03005091446938021	0.048610518531160225	0.07866143300054043	bt_strong_0.4	slim
0.03171459691907261	0.047260690591713464	0.07897528751078607	bt_strong_0.4	slim
0.0295581873625984	0.04808169633359336	0.07763988369619176	bt_strong_0.4	slim
0.031647897685473374	0.048582423179220194	0.08023032086469356	bt_strong_0.4	slim
0.031164291094089726	0.04972359988062926	0.08088789097471898	bt_strong_0.4	slim
0.030435709716397755	0.04679792451489089	0.07723363423128865	bt_strong_0.4	slim
0.030350349213559707	0.04927318153426836	0.07962353074782806	bt_strong_0.4	slim
0.030960980100559452	0.048480985765880606	0.07944196586644005	bt_strong_0.4	slim
0.030567437365885547	0.04904148133411019	0.07960891869999574	bt_strong_0.4	slim
0.031395151240512065	0.048345983912994224	0.07974113515350628	bt_strong_0.4	slim
0.029360795454545455	0.048792613636363634	0.07815340909090909	bt_strong_0.4	slim
0.030450583458732007	0.04755685528519917	0.07800743874393118	bt_strong_0.4	slim
0.031027539068039366	0.04810119402138461	0.07912873308942397	bt_strong_0.4	slim
0.031090579299399162	0.048194649132751385	0.07928522843215055	bt_strong_0.4	slim
0.0297553542707187	0.0495781483676176	0.0793335026383363	bt_strong_0.4	slim
0.030560966658197113	0.049772733689054514	0.08033370034725162	bt_strong_0.4	slim
0.030690282595098654	0.04824586342184568	0.07893614601694433	bt_strong_0.4	slim
0.030530544791429224	0.04635855937998632	0.07688910417141555	bt_strong_0.4	slim
0.03038537897241661	0.04802804804212839	0.078413427014545	bt_strong_0.4	slim
0.03014533853243531	0.04860687699397377	0.07875221552640907	bt_strong_0.4	slim
0.03148757517303983	0.04765687053216839	0.07914444570520822	bt_strong_0.4	slim
0.029318956856419182	0.04891681170494262	0.0782357685613618	bt_strong_0.4	slim
0.03120036305877014	0.049495121397776266	0.08069548445654641	bt_strong_0.4	slim
0.030410842863193562	0.04773401101228293	0.0781448538754765	bt_strong_0.4	slim
0.030682653696057917	0.049686103727164754	0.08036875742322266	bt_strong_0.4	slim
0.02985201444452312	0.04782270055937124	0.07767471500389436	bt_strong_0.4	slim
0.03132927447995941	0.04838209594678392	0.07971137042674334	bt_strong_0.4	slim
0.031033213466602486	0.04916895546054308	0.08020216892714557	bt_strong_0.4	slim
0.03000480755634739	0.04858459885184242	0.07858940640818982	bt_strong_0.4	slim
0.030316832246861568	0.047937601411938854	0.07825443365880042	bt_strong_0.4	slim
0.029873273529830557	0.04814181973515592	0.07801509326498647	bt_strong_0.4	slim
0.08624859703757567	0.10837983528035536	0.19462843231793103	bt_strong_0.999	slim
0.08693589703045444	0.10908889661933525	0.1960247936497897	bt_strong_0.999	slim
0.08869260183926934	0.10735391713807162	0.19604651897734096	bt_strong_0.999	slim
0.0859340520774226	0.10844209066263161	0.19437614274005421	bt_strong_0.999	slim
0.08570665157802088	0.10849679366276876	0.19420344524078964	bt_strong_0.999	slim
0.08707994354314351	0.10788651537497819	0.1949664589181217	bt_strong_0.999	slim
0.0855622550022827	0.10757072464224429	0.193132979644527	bt_strong_0.999	slim
0.08650854130945577	0.10763955039055058	0.19414809170000635	bt_strong_0.999	slim
0.08525993102567378	0.11016732660620769	0.19542725763188146	bt_strong_0.999	slim
0.08576930361765263	0.10983963634067807	0.1956089399583307	bt_strong_0.999	slim
0.08525630852245675	0.10739565148389145	0.1926519600063482	bt_strong_0.999	slim
0.08768524217603334	0.10842289664315137	0.1961081388191847	bt_strong_0.999	slim
0.08329112321134607	0.10662276813979993	0.189913891351146	bt_strong_0.999	slim
0.08471294106442755	0.10710941096173077	0.19182235202615833	bt_strong_0.999	slim
0.08632524594312467	0.11036598867554487	0.19669123461866952	bt_strong_0.999	slim
0.08841709217952164	0.10781415495518283	0.19623124713470447	bt_strong_0.999	slim
0.08478000126254656	0.10903667697746354	0.1938166782400101	bt_strong_0.999	slim
0.0875612454559823	0.10862968231389283	0.19619092776987515	bt_strong_0.999	slim
0.0855670590459982	0.107896437069604	0.1934634961156022	bt_strong_0.999	slim
0.0857830333539124	0.10859413338398949	0.1943771667379019	bt_strong_0.999	slim
0.08495883470550981	0.10680810639645345	0.19176694110196327	bt_strong_0.999	slim
0.08586722412264032	0.1078328899024452	0.19370011402508552	bt_strong_0.999	slim
0.08624897001964886	0.1078468656905622	0.19409583571021108	bt_strong_0.999	slim
0.08433678121168296	0.10727198415443141	0.19160876536611438	bt_strong_0.999	slim
0.08396826147997413	0.10794567223510482	0.19191393371507895	bt_strong_0.999	slim
0.08628572326352339	0.1090512026897516	0.19533692595327498	bt_strong_0.999	slim
0.08540852027166083	0.1076194848575997	0.19302800512926052	bt_strong_0.999	slim
0.08529018709431081	0.11149293623520427	0.19678312332951509	bt_strong_0.999	slim
0.08625500231182538	0.10683822005388945	0.19309322236571483	bt_strong_0.999	slim
0.08473157013302998	0.10634499320630708	0.19107656333933706	bt_strong_0.999	slim
0.08637758168074137	0.10707847044311604	0.1934560521238574	bt_strong_0.999	slim
0.08857977203504255	0.10787515307564292	0.19645492511068546	bt_strong_0.999	slim
0.08729557365662689	0.108574856349056	0.19587043000568288	bt_strong_0.999	slim
0.08638115090644938	0.10940559661423789	0.19578674752068725	bt_strong_0.999	slim
0.08628010139416983	0.10826996197718632	0.19455006337135614	bt_strong_0.999	slim
0.08624249397153619	0.10805528849942474	0.19429778247096094	bt_strong_0.999	slim
0.08575695645338784	0.10677566420374154	0.1925326206571294	bt_strong_0.999	slim
0.08681937069033843	0.10676071966394547	0.1935800903542839	bt_strong_0.999	slim
0.08619025771646442	0.10871869512253002	0.19490895283899445	bt_strong_0.999	slim
0.08637236084452975	0.11021398772227597	0.19658634856680574	bt_strong_0.999	slim
0.08654165152688036	0.1072844752681717	0.19382612679505207	bt_strong_0.999	slim
0.08692684939768597	0.10805148634278731	0.19497833574047327	bt_strong_0.999	slim
0.08576467068696761	0.10801278518681803	0.19377745587378564	bt_strong_0.999	slim
0.08663571019655238	0.11141148781884104	0.19804719801539342	bt_strong_0.999	slim
0.08700873879995576	0.10913228299173527	0.19614102179169102	bt_strong_0.999	slim
0.08459181094401617	0.10899785163654746	0.19358966258056362	bt_strong_0.999	slim
0.08565438754117999	0.10969247016913353	0.19534685771031352	bt_strong_0.999	slim
0.08715145754119138	0.10757287705956907	0.19472433460076047	bt_strong_0.999	slim
0.08626248082882093	0.10804720022535917	0.1943096810541801	bt_strong_0.999	slim
0.08643527175023176	0.10822871329132819	0.19466398504155996	bt_strong_0.999	slim
0.08657119104014055	0.1063042148358457	0.19287540587598626	bt_strong_0.999	slim
0.08711136324240848	0.10906254431995462	0.1961739075623631	bt_strong_0.999	slim
0.08707382105611915	0.10789959452850133	0.19497341558462047	bt_strong_0.999	slim
0.08637202770721239	0.10975590513908831	0.1961279328463007	bt_strong_0.999	slim
0.08622058496617867	0.10818063450728826	0.19440121947346692	bt_strong_0.999	slim
0.08483791709598161	0.10852025045573432	0.19335816755171595	bt_strong_0.999	slim
0.0863759616597301	0.10780047925337369	0.1941764409131038	bt_strong_0.999	slim
0.08620226565338979	0.11121293033984801	0.19741519599323779	bt_strong_0.999	slim
0.08871688477497607	0.1079476540057453	0.19666453878072135	bt_strong_0.999	slim
0.08637952956134774	0.10843928798474253	0.19481881754609026	bt_strong_0.999	slim
0.08452441183910954	0.1082405767771313	0.19276498861624083	bt_strong_0.999	slim
0.08546429134478953	0.10674759577486993	0.19221188711965947	bt_strong_0.999	slim
0.08867158496706214	0.1065228037471762	0.19519438871423833	bt_strong_0.999	slim
0.08659371801936551	0.10759663071715343	0.19419034873651894	bt_strong_0.999	slim
0.08655550501168609	0.10842182867719723	0.19497733368888331	bt_strong_0.999	slim
0.08470244614822928	0.10946553010460816	0.19416797625283744	bt_strong_0.999	slim
0.08510840473211599	0.11008346134963495	0.19519186608175096	bt_strong_0.999	slim
0.08506922592825676	0.10832284455632474	0.19339207048458149	bt_strong_0.999	slim
0.08594697626061341	0.10956034088939998	0.19550731715001338	bt_strong_0.999	slim
0.08372572334522393	0.1073325406262386	0.19105826397146256	bt_strong_0.999	slim
0.08573238321456848	0.10831353919239906	0.19404592240696752	bt_strong_0.999	slim
0.08751264862130027	0.10839868454338478	0.19591133316468504	bt_strong_0.999	slim
0.08596302051948876	0.10890869303225398	0.19487171355174274	bt_strong_0.999	slim
0.08500403500166147	0.10910328021899773	0.19410731522065922	bt_strong_0.999	slim
0.08486140724946695	0.10885256258390587	0.19371396983337283	bt_strong_0.999	slim
0.0850564133487789	0.10854213942269546	0.19359855277147436	bt_strong_0.999	slim
0.0869299387022434	0.10936397698590622	0.19629391568814963	bt_strong_0.999	slim
0.08707753479125248	0.10934393638170974	0.19642147117296221	bt_strong_0.999	slim
0.08527487117883223	0.10896848228116207	0.1942433534599943	bt_strong_0.999	slim
0.08571609612368718	0.10789361129152343	0.1936097074152106	bt_strong_0.999	slim
0.08636082523271119	0.10962401484277129	0.19598484007548247	bt_strong_0.999	slim
0.0869846785657874	0.10931922287158427	0.19630390143737167	bt_strong_0.999	slim
0.08784115180761015	0.10983308282572582	0.19767423463333597	bt_strong_0.999	slim
0.08625481649927358	0.1085370475649043	0.19479186406417787	bt_strong_0.999	slim
0.08496112270054997	0.10933055186800683	0.1942916745685568	bt_strong_0.999	slim
0.086063165917716	0.11169156993823141	0.1977547358559474	bt_strong_0.999	slim
0.08715494915040112	0.1084107131577285	0.1955656623081296	bt_strong_0.999	slim
0.0856921103068126	0.10511143142255239	0.19080354172936498	bt_strong_0.999	slim
0.08604904890659835	0.10734784877377733	0.19339689768037568	bt_strong_0.999	slim
0.08794292508917954	0.1084423305588585	0.19638525564803805	bt_strong_0.999	slim
0.08735909184595628	0.10643222932157975	0.19379132116753603	bt_strong_0.999	slim
0.08761248082488574	0.10744389796467034	0.1950563787895561	bt_strong_0.999	slim
0.08627209983927389	0.10941981028016766	0.19569191011944156	bt_strong_0.999	slim
0.08567650114928052	0.1087250858024497	0.1944015869517302	bt_strong_0.999	slim
0.08764720700295989	0.10861830090056049	0.19626550790352038	bt_strong_0.999	slim
0.08589831995987963	0.10888916750250752	0.19478748746238717	bt_strong_0.999	slim
0.08897203373707908	0.10883695858963789	0.19780899232671698	bt_strong_0.999	slim
0.08438305068672852	0.10752161337737669	0.1919046640641052	bt_strong_0.999	slim
0.08513662928447323	0.10903490759753594	0.19417153688200917	bt_strong_0.999	slim
0.08632571635836053	0.10829351374367223	0.19461923010203278	bt_strong_0.999	slim
0.08555096856144807	0.11128929818990156	0.19684026675134964	bt_strong_0.999	slim
0.031621995530352554	0.05284521945360841	0.08446721498396095	exp_moderate_0.4	slim
0.03218156666615995	0.0531748324035085	0.08535639906966845	exp_moderate_0.4	slim
0.031075070350086234	0.051000030258101604	0.08207510060818785	exp_moderate_0.4	slim
0.03162639136326953	0.053766388013338814	0.08539277937660834	exp_moderate_0.4	slim
0.031179456101810468	0.05282933111127945	0.08400878721308992	exp_moderate_0.4	slim
0.0325921413341456	0.0534572037770332	0.0860493451111788	exp_moderate_0.4	slim
0.032249765428735734	0.05408759345016496	0.08633735887890069	exp_moderate_0.4	slim
0.03266392819108474	0.0528677924844059	0.08553172067549064	exp_moderate_0.4	slim
0.031157856339483845	0.053074748457306135	0.08423260479678998	exp_moderate_0.4	slim
0.03131195423521044	0.05396734113231533	0.08527929536752576	exp_moderate_0.4	slim
0.031567166467359645	0.050685309539140834	0.08225247600650047	exp_moderate_0.4	slim
0.03195174572305448	0.05401258014524902	0.0859643258683035	exp_moderate_0.4	slim
0.031999756424308856	0.052231762270125444	0.0842315186944343	exp_moderate_0.4	slim
0.031188308210268575	0.05281199785752544	0.08400030606779402	exp_moderate_0.4	slim
0.031232843286768744	0.052080156164216435	0.08331299945098518	exp_moderate_0.4	slim
0.03094566305633931	0.05151542732320014	0.08246109037953946	exp_moderate_0.4	slim
0.032158590308370046	0.050797508734619475	0.08295609904298952	exp_moderate_0.4	slim
0.032425460890675974	0.052848797511569685	0.08527425840224566	exp_moderate_0.4	slim
0.03137742341331797	0.05303845629140077	0.08441587970471874	exp_moderate_0.4	slim
0.03167772945754177	0.052811474784466315	0.08448920424200809	exp_moderate_0.4	slim
0.03189734743595563	0.05268812323149787	0.0845854706674535	exp_moderate_0.4	slim
0.030909697576364244	0.05338672005338672	0.08429641762975096	exp_moderate_0.4	slim
0.032187537957002306	0.052122555569051376	0.08431009352605369	exp_moderate_0.4	slim
0.031482017898251335	0.0552955345844831	0.08677755248273444	exp_moderate_0.4	slim
0.03254415289035429	0.05302926226129963	0.08557341515165393	exp_moderate_0.4	slim
0.0316923310323902	0.052249108700599255	0.08394143973298945	exp_moderate_0.4	slim
0.03225708838926378	0.05221351408599873	0.0844706024752625	exp_moderate_0.4	slim
0.031061624692178696	0.05124563762445045	0.08230726231662915	exp_moderate_0.4	slim
0.03096577946768061	0.05382509505703422	0.08479087452471483	exp_moderate_0.4	slim
0.031589353612167304	0.05253231939163498	0.08412167300380229	exp_moderate_0.4	slim
0.0307525601697114	0.054332066602567036	0.08508462677227843	exp_moderate_0.4	slim
0.032045513475588365	0.05303296066378903	0.0850784741393774	exp_moderate_0.4	slim
0.031261365013941084	0.05167293005212753	0.08293429506606861	exp_moderate_0.4	slim
0.0320028161253788	0.05252686032630322	0.08452967645168202	exp_moderate_0.4	slim
0.031673309815060856	0.05218307600678059	0.08385638582184145	exp_moderate_0.4	slim
0.03227684247614087	0.05061352042770263	0.08289036290384351	exp_moderate_0.4	slim
0.03103296302487804	0.053601009103205116	0.08463397212808316	exp_moderate_0.4	slim
0.030499061684695544	0.0521794852234411	0.08267854690813664	exp_moderate_0.4	slim
0.03139853747714808	0.05329067641681901	0.0846892138939671	exp_moderate_0.4	slim
0.03218302854082179	0.053898538526283575	0.08608156706710536	exp_moderate_0.4	slim
0.03176022921941088	0.05345420917787244	0.08521443839728332	exp_moderate_0.4	slim
0.031941069490929654	0.0532300215487598	0.08517109103968945	exp_moderate_0.4	slim
0.03170548919443892	0.05272012602664301	0.08442561522108193	exp_moderate_0.4	slim
0.03290155440414508	0.05196586406583359	0.08486741846997867	exp_moderate_0.4	slim
0.029422887829967475	0.05166023750094546	0.08108312533091294	exp_moderate_0.4	slim
0.031596368163736295	0.05487230876681546	0.08646867693055175	exp_moderate_0.4	slim
0.03220968108476631	0.051965760169684114	0.08417544125445042	exp_moderate_0.4	slim
0.032521805081532046	0.052954114524080394	0.08547591960561243	exp_moderate_0.4	slim
0.031150512574448962	0.0517753507288763	0.08292586330332526	exp_moderate_0.4	slim
0.030798116378722953	0.05317747528125615	0.0839755916599791	exp_moderate_0.4	slim
0.0330781057342487	0.05343035026562952	0.08650845599987822	exp_moderate_0.4	slim
0.030825749100474708	0.05368427418135639	0.0845100232818311	exp_moderate_0.4	slim
0.03146527364095984	0.053322946738150884	0.08478822037911073	exp_moderate_0.4	slim
0.03120143819129163	0.05128126999603888	0.08248270818733051	exp_moderate_0.4	slim
0.0313626313717176	0.0540782021382924	0.08544083351001	exp_moderate_0.4	slim
0.03189672416180702	0.052053361234632486	0.08395008539643951	exp_moderate_0.4	slim
0.03123246963931046	0.053049714207741405	0.08428218384705187	exp_moderate_0.4	slim
0.031056089548606888	0.053869083830149656	0.08492517337875655	exp_moderate_0.4	slim
0.031627189400127056	0.05371025803914451	0.08533744743927156	exp_moderate_0.4	slim
0.03231017770597738	0.05465297040265797	0.08696314810863535	exp_moderate_0.4	slim
0.031536036855185794	0.05232769594471722	0.08386373279990302	exp_moderate_0.4	slim
0.03167420814479638	0.05210475798711093	0.08377896613190731	exp_moderate_0.4	slim
0.03166897475308548	0.05279177002328377	0.08446074477636925	exp_moderate_0.4	slim
0.03225806451612903	0.05248769819573537	0.0847457627118644	exp_moderate_0.4	slim
0.030975131784829933	0.05265316663375211	0.08362829841858205	exp_moderate_0.4	slim
0.03052281656089453	0.051979449984889695	0.08250226654578423	exp_moderate_0.4	slim
0.03165408871614162	0.053054249028296606	0.08470833774443823	exp_moderate_0.4	slim
0.032225381079119285	0.05173300266150496	0.08395838374062424	exp_moderate_0.4	slim
0.03276481835564053	0.05339961759082218	0.08616443594646271	exp_moderate_0.4	slim
0.03115283697086436	0.05278085329046153	0.0839336902613259	exp_moderate_0.4	slim
0.0333043730089777	0.05322602771045772	0.08653040071943542	exp_moderate_0.4	slim
0.03186404673393521	0.052697063955693804	0.08456111068962902	exp_moderate_0.4	slim
0.030045136092156654	0.052643576845336694	0.08268871293749334	exp_moderate_0.4	slim
0.03037704167302702	0.05217524042130972	0.08255228209433674	exp_moderate_0.4	slim
0.030562644306720135	0.052998541742617575	0.08356118604933771	exp_moderate_0.4	slim
0.031830561599440074	0.052766915691614805	0.08459747729105488	exp_moderate_0.4	slim
0.03221222169587873	0.05334576183126786	0.0855579835271466	exp_moderate_0.4	slim
0.03128305878797038	0.05322653770590902	0.0845095964938794	exp_moderate_0.4	slim
0.03137564291241219	0.05108403756580844	0.08245968047822064	exp_moderate_0.4	slim
0.03182658941865264	0.05257043276212605	0.0843970221807787	exp_moderate_0.4	slim
0.031854741170778904	0.051992622157716495	0.0838473633284954	exp_moderate_0.4	slim
0.03190447030006124	0.05238824249846907	0.08429271279853032	exp_moderate_0.4	slim
0.032446711048677704	0.053090453795883466	0.08553716484456117	exp_moderate_0.4	slim
0.032123799359658485	0.05349900899527367	0.08562280835493215	exp_moderate_0.4	slim
0.03079958431856861	0.05161377773092158	0.0824133620494902	exp_moderate_0.4	slim
0.032455164637583994	0.05262917307897423	0.08508433771655823	exp_moderate_0.4	slim
0.0314766662104831	0.05346471420099448	0.08494138041147758	exp_moderate_0.4	slim
0.03193328278999242	0.051918119787717966	0.08385140257771038	exp_moderate_0.4	slim
0.0324926222276309	0.05249627308406097	0.08498889531169186	exp_moderate_0.4	slim
0.030017217998141065	0.05404622956315044	0.0840634475612915	exp_moderate_0.4	slim
0.03230094580347457	0.053065839534279645	0.08536678533775421	exp_moderate_0.4	slim
0.030920152091254753	0.05414448669201521	0.08506463878326996	exp_moderate_0.4	slim
0.031927162367223066	0.052792109256449164	0.08471927162367222	exp_moderate_0.4	slim
0.03149208487706298	0.051792767690376315	0.0832848525674393	exp_moderate_0.4	slim
0.030887620666626193	0.05353348309149414	0.08442110375812033	exp_moderate_0.4	slim
0.03241023448949683	0.05257694186614558	0.0849871763556424	exp_moderate_0.4	slim
0.031044502217464444	0.05357088239792017	0.08461538461538462	exp_moderate_0.4	slim
0.031241923468689665	0.05211548109521565	0.08335740456390532	exp_moderate_0.4	slim
0.031373268507476376	0.052548695838302295	0.08392196434577867	exp_moderate_0.4	slim
0.03295828549559893	0.05227707615767317	0.0852353616532721	exp_moderate_0.4	slim
0.03166542874899577	0.05385699777174819	0.08552242652074396	exp_moderate_0.4	slim
0.09078219510934188	0.11916455565320788	0.20994675076254976	exp_moderate_0.999	slim
0.08911044796715713	0.11953840580960103	0.20864885377675815	exp_moderate_0.999	slim
0.09363612814092047	0.11655297469993955	0.21018910284086004	exp_moderate_0.999	slim
0.09120728147003263	0.11868452687618067	0.2098918083462133	exp_moderate_0.999	slim
0.08921933085501858	0.11895910780669144	0.20817843866171004	exp_moderate_0.999	slim
0.09190353143841516	0.12032730404823429	0.21223083548664945	exp_moderate_0.999	slim
0.09095610798882874	0.11981519153191049	0.21077129952073922	exp_moderate_0.999	slim
0.08934147764318315	0.11868158264987475	0.2080230602930579	exp_moderate_0.999	slim
0.08843818272522407	0.11823295659802859	0.20667113932325265	exp_moderate_0.999	slim
0.09107835531419706	0.11850702525644341	0.20958538057064047	exp_moderate_0.999	slim
0.09064317363611188	0.12004984768762116	0.21069302132373305	exp_moderate_0.999	slim
0.08983276091196217	0.12077803282649592	0.2106107937384581	exp_moderate_0.999	slim
0.09067793698244167	0.11967838367178642	0.21035632065422807	exp_moderate_0.999	slim
0.0910248249522597	0.11860237067111669	0.2096271956233764	exp_moderate_0.999	slim
0.09258874818351671	0.11692962424745693	0.20951837243097363	exp_moderate_0.999	slim
0.0906380338492296	0.11892040949984489	0.2095584433490745	exp_moderate_0.999	slim
0.09060941449750631	0.11887681902029104	0.20948623351779735	exp_moderate_0.999	slim
0.08988375908941741	0.11985076946992072	0.20973452855933813	exp_moderate_0.999	slim
0.08892006089946457	0.1197974579605522	0.20871751886001677	exp_moderate_0.999	slim
0.08995335116965082	0.11982918295945667	0.2097825341291075	exp_moderate_0.999	slim
0.09044627756877092	0.11754046871224934	0.20798674628102026	exp_moderate_0.999	slim
0.09109064302315573	0.1221141430661961	0.2132047860893518	exp_moderate_0.999	slim
0.09054488557231039	0.11994704173042865	0.21049192730273905	exp_moderate_0.999	slim
0.09093895901781082	0.11962649144042885	0.21056545045823966	exp_moderate_0.999	slim
0.08976478286324345	0.11891724351689224	0.2086820263801357	exp_moderate_0.999	slim
0.0903166213373018	0.11944715280272318	0.20976377414002498	exp_moderate_0.999	slim
0.0907714280797756	0.11973224579698175	0.21050367387675736	exp_moderate_0.999	slim
0.09096736192918024	0.11788857321044972	0.20885593513962997	exp_moderate_0.999	slim
0.09108893858592809	0.12048856012386032	0.2115774987097884	exp_moderate_0.999	slim
0.09094982851036694	0.11861222660760759	0.20956205511797452	exp_moderate_0.999	slim
0.09222788968617619	0.11774876804703034	0.20997665773320653	exp_moderate_0.999	slim
0.09010640315932882	0.11773328504664839	0.2078396882059772	exp_moderate_0.999	slim
0.09105188662961301	0.11846238823488797	0.20951427486450097	exp_moderate_0.999	slim
0.09156456497797356	0.12069796255506608	0.21226252753303965	exp_moderate_0.999	slim
0.09086994712457588	0.11956390692547493	0.2104338540500508	exp_moderate_0.999	slim
0.09311671064659112	0.11960814749659371	0.21272485814318484	exp_moderate_0.999	slim
0.0902142783202788	0.11845692005106793	0.20867119837134673	exp_moderate_0.999	slim
0.09126358295350168	0.11788357220845393	0.2091471551619556	exp_moderate_0.999	slim
0.09261589917762875	0.12092477975277141	0.21354067893040016	exp_moderate_0.999	slim
0.08992936218718157	0.1201188235090931	0.21004818569627468	exp_moderate_0.999	slim
0.09065934065934066	0.11996909340659341	0.21062843406593407	exp_moderate_0.999	slim
0.0920577928915434	0.11746733182579275	0.20952512471733614	exp_moderate_0.999	slim
0.09265236377444465	0.11836995357025736	0.211022317344702	exp_moderate_0.999	slim
0.09036838395819366	0.12094958142093411	0.21131796537912778	exp_moderate_0.999	slim
0.08998573564541908	0.11964871878598313	0.2096344544314022	exp_moderate_0.999	slim
0.09106923887324916	0.12020517780349217	0.21127441667674132	exp_moderate_0.999	slim
0.0914609889824792	0.12037981908435236	0.21184080806683156	exp_moderate_0.999	slim
0.0900432303956184	0.11863385060539777	0.20867708100101617	exp_moderate_0.999	slim
0.09374081184385756	0.11868071049309051	0.21242152233694805	exp_moderate_0.999	slim
0.0913645944918622	0.11717751131690798	0.20854210580877017	exp_moderate_0.999	slim
0.09132316892960832	0.11901740234001495	0.21034057126962327	exp_moderate_0.999	slim
0.09242052109990898	0.11679233292685022	0.20921285402675918	exp_moderate_0.999	slim
0.08863412015309215	0.12037822766395927	0.2090123478170514	exp_moderate_0.999	slim
0.09298027429440012	0.11774968045047846	0.21072995474487857	exp_moderate_0.999	slim
0.09095304702205184	0.11865167763214698	0.20960472465419883	exp_moderate_0.999	slim
0.08972087983902867	0.12095206975424355	0.21067294959327224	exp_moderate_0.999	slim
0.09173833724263748	0.11811310919989575	0.20985144644253323	exp_moderate_0.999	slim
0.09039509303361547	0.11893910838501867	0.20933420141863412	exp_moderate_0.999	slim
0.08891049907963741	0.11931719515159935	0.20822769423123677	exp_moderate_0.999	slim
0.09018818591529913	0.11746998314239515	0.2076581690576943	exp_moderate_0.999	slim
0.09051746420140265	0.11958713145968673	0.21010459566108938	exp_moderate_0.999	slim
0.09071102503804122	0.12162816433808273	0.21233918937612395	exp_moderate_0.999	slim
0.09156784109881409	0.12017418544209023	0.21174202654090432	exp_moderate_0.999	slim
0.09187467722499569	0.1197452229299363	0.211619900154932	exp_moderate_0.999	slim
0.09022582432806872	0.12086104183984483	0.21108686616791356	exp_moderate_0.999	slim
0.09073831517992555	0.11934716668964566	0.2100854818695712	exp_moderate_0.999	slim
0.09160449685426479	0.12173823357513666	0.21334273042940144	exp_moderate_0.999	slim
0.09047067567801151	0.12001106252052617	0.21048173819853766	exp_moderate_0.999	slim
0.09194298162855721	0.11746745115529102	0.20941043278384822	exp_moderate_0.999	slim
0.09069073190817692	0.12097244621349895	0.21166317812167587	exp_moderate_0.999	slim
0.09103593206325146	0.11885485926895649	0.20989079133220795	exp_moderate_0.999	slim
0.09236478592536596	0.12107415297917669	0.21343893890454263	exp_moderate_0.999	slim
0.09152937546073271	0.1196790728772008	0.2112084483379335	exp_moderate_0.999	slim
0.08996658974270658	0.11838253022422761	0.20834911996693417	exp_moderate_0.999	slim
0.08921650055370986	0.1180094130675526	0.20722591362126247	exp_moderate_0.999	slim
0.09101100341485288	0.11941637059777173	0.2104273740126246	exp_moderate_0.999	slim
0.09184942151614574	0.11897772405456743	0.21082714557071316	exp_moderate_0.999	slim
0.08969416158088553	0.11955187496758354	0.20924603654846907	exp_moderate_0.999	slim
0.09193720521912763	0.12013288807794265	0.21207009329707027	exp_moderate_0.999	slim
0.09054894327988011	0.1183319840846065	0.20888092736448663	exp_moderate_0.999	slim
0.09110308036482533	0.11710548958871106	0.2082085699535364	exp_moderate_0.999	slim
0.09148314101344221	0.12002837222981506	0.21151151324325726	exp_moderate_0.999	slim
0.09146836711770094	0.11804655503136503	0.20951492214906597	exp_moderate_0.999	slim
0.09127347488813255	0.12066135692196057	0.21193483181009312	exp_moderate_0.999	slim
0.08936706239646604	0.1208068746548868	0.21017393705135284	exp_moderate_0.999	slim
0.09071049620305836	0.11706369846388572	0.20777419466694408	exp_moderate_0.999	slim
0.09042967061467969	0.11766231520705456	0.20809198582173424	exp_moderate_0.999	slim
0.09090752123765454	0.11646177222183852	0.20736929345949306	exp_moderate_0.999	slim
0.09082117261030999	0.11976513254468527	0.21058630515499524	exp_moderate_0.999	slim
0.09024634626680027	0.11914798051342293	0.2093943267802232	exp_moderate_0.999	slim
0.09208598369274792	0.11964972160452328	0.2117357052972712	exp_moderate_0.999	slim
0.09096252247268705	0.1182409072050892	0.20920342967777625	exp_moderate_0.999	slim
0.09217987831152938	0.11867211334608821	0.2108519916576176	exp_moderate_0.999	slim
0.09053147485140255	0.11957315165629671	0.21010462650769926	exp_moderate_0.999	slim
0.09179590224466314	0.11930891167327871	0.21110481391794184	exp_moderate_0.999	slim
0.09239770071809916	0.11934774080201954	0.2117454415201187	exp_moderate_0.999	slim
0.09006264628941209	0.117444582128597	0.2075072284180091	exp_moderate_0.999	slim
0.09193778956614596	0.11978780937290091	0.21172559893904686	exp_moderate_0.999	slim
0.09025686905355883	0.11830084476024981	0.20855771381380864	exp_moderate_0.999	slim
0.08960118117671297	0.11980016138170206	0.20940134255841503	exp_moderate_0.999	slim
0.09002755769893214	0.11980709610747503	0.20983465380640717	exp_moderate_0.999	slim
0.031326799963591126	0.053718256015049	0.08504505597864014	exp_strong_0.4	slim
0.03132468161055147	0.05354387875487794	0.0848685603654294	exp_strong_0.4	slim
0.03187002268816713	0.05490840984879631	0.08677843253696343	exp_strong_0.4	slim
0.031516466299074994	0.05140257314170358	0.08291903944077857	exp_strong_0.4	slim
0.031582612908598165	0.052642734939211795	0.08422534784780995	exp_strong_0.4	slim
0.0312575867929109	0.052227482398640446	0.08348506919155135	exp_strong_0.4	slim
0.031984806463282285	0.05283070059085976	0.08481550705414205	exp_strong_0.4	slim
0.031563408361107305	0.053356465628757094	0.0849198739898644	exp_strong_0.4	slim
0.03306135424393345	0.05305862940704522	0.08611998365097867	exp_strong_0.4	slim
0.03180802723362867	0.05401133721372016	0.08581936444734882	exp_strong_0.4	slim
0.03047953038042235	0.05287794465197835	0.08335747503240071	exp_strong_0.4	slim
0.03143563610047342	0.0548502849561258	0.08628592105659923	exp_strong_0.4	slim
0.03179112145296304	0.05282403070321235	0.08461515215617539	exp_strong_0.4	slim
0.03267934339006621	0.05508026240212824	0.08775960579219444	exp_strong_0.4	slim
0.03107460643394935	0.05387481937789946	0.0849494258118488	exp_strong_0.4	slim
0.031460365434812475	0.05363984674329502	0.0851002121781075	exp_strong_0.4	slim
0.031047610380549363	0.05481488222535681	0.08586249260590617	exp_strong_0.4	slim
0.03158022592007773	0.05364083566136281	0.08522106158144055	exp_strong_0.4	slim
0.031155548771179972	0.05313692566020455	0.08429247443138452	exp_strong_0.4	slim
0.03198164663698932	0.053419225451617314	0.08540087208860664	exp_strong_0.4	slim
0.03046079371603416	0.05414744790001674	0.0846082416160509	exp_strong_0.4	slim
0.030917684127609295	0.052776683733753445	0.08369436786136274	exp_strong_0.4	slim
0.03058442148635138	0.05503378071318205	0.08561820219953344	exp_strong_0.4	slim
0.03220487686815514	0.05344285109215224	0.08564772796030738	exp_strong_0.4	slim
0.0315664988780399	0.05344472072290618	0.08501121960094608	exp_strong_0.4	slim
0.030401671486320763	0.055262002452724494	0.08566367393904525	exp_strong_0.4	slim
0.031739507695118054	0.054177893470947314	0.08591740116606536	exp_strong_0.4	slim
0.03217388681066731	0.05410582840593701	0.08627971521660432	exp_strong_0.4	slim
0.03100892223614487	0.05578284696326937	0.08679176919941424	exp_strong_0.4	slim
0.03303646190149958	0.05244728629062952	0.0854837481921291	exp_strong_0.4	slim
0.031723908070356174	0.05341857681761025	0.08514248488796643	exp_strong_0.4	slim
0.031219615945551775	0.05481283422459893	0.08603245017015071	exp_strong_0.4	slim
0.03254838170236702	0.05428784262454583	0.08683622432691285	exp_strong_0.4	slim
0.03126705889488688	0.055104021350154665	0.08637108024504155	exp_strong_0.4	slim
0.03214405411169678	0.05412693092836903	0.0862709850400658	exp_strong_0.4	slim
0.0311587147030185	0.05519717624148004	0.08635589094449854	exp_strong_0.4	slim
0.0310790273556231	0.05416413373860182	0.08524316109422492	exp_strong_0.4	slim
0.03136684984180329	0.053302450913604915	0.08466930075540821	exp_strong_0.4	slim
0.031290504582259564	0.05369096814529041	0.08498147272754998	exp_strong_0.4	slim
0.0327361910855193	0.05392560095055297	0.08666179203607227	exp_strong_0.4	slim
0.03158536585365854	0.05448170731707317	0.0860670731707317	exp_strong_0.4	slim
0.03141685952413365	0.05251773532392492	0.08393459484805857	exp_strong_0.4	slim
0.031614734317847226	0.0537283530893803	0.08534308740722753	exp_strong_0.4	slim
0.03100622845739856	0.05415129709137086	0.08515752554876943	exp_strong_0.4	slim
0.03179572915875067	0.05311953795881146	0.08491526711756213	exp_strong_0.4	slim
0.03153371262559012	0.05367086309163539	0.08520457571722552	exp_strong_0.4	slim
0.030959284765011478	0.052676090370907334	0.08363537513591882	exp_strong_0.4	slim
0.03283113239196072	0.05353929671536186	0.08637042910732258	exp_strong_0.4	slim
0.03203883495145631	0.05409587378640777	0.08613470873786408	exp_strong_0.4	slim
0.030043763344791558	0.05357602556142768	0.08361978890621924	exp_strong_0.4	slim
0.0314027259205294	0.05321312570197007	0.08461585162249947	exp_strong_0.4	slim
0.03011627553963387	0.05394820729226753	0.08406448283190139	exp_strong_0.4	slim
0.029307485125614378	0.05328910327616903	0.08259658840178341	exp_strong_0.4	slim
0.03185794689832375	0.05482992781108528	0.08668787470940903	exp_strong_0.4	slim
0.031268490282645306	0.053783017007267155	0.08505150728991245	exp_strong_0.4	slim
0.03189664333753359	0.05351531069243499	0.08541195402996857	exp_strong_0.4	slim
0.03073502086569801	0.05545401931219349	0.0861890401778915	exp_strong_0.4	slim
0.03037778082316934	0.053202990574513116	0.08358077139768245	exp_strong_0.4	slim
0.031071099497001646	0.052293702702294456	0.08336480219929611	exp_strong_0.4	slim
0.03182398734947087	0.05195535822892592	0.0837793455783968	exp_strong_0.4	slim
0.03138442896092093	0.052847621932747654	0.08423205089366859	exp_strong_0.4	slim
0.032141938801748524	0.052395141651415005	0.08453708045316352	exp_strong_0.4	slim
0.03169958916362203	0.05401512969391932	0.08571471885754135	exp_strong_0.4	slim
0.03179383190581399	0.05443237190157683	0.08622620380739082	exp_strong_0.4	slim
0.03139958455007978	0.052638709094740645	0.08403829364482042	exp_strong_0.4	slim
0.0313135727309715	0.0525308539654315	0.083844426696403	exp_strong_0.4	slim
0.0302244857744835	0.052248647173843844	0.08247313294832735	exp_strong_0.4	slim
0.031047040971168435	0.05350531107738998	0.08455235204855842	exp_strong_0.4	slim
0.03157799082193648	0.05556817665500477	0.08714616747694125	exp_strong_0.4	slim
0.02999015971538869	0.05339489819090152	0.08338505790629021	exp_strong_0.4	slim
0.03298067172198762	0.05433713239189333	0.08731780411388095	exp_strong_0.4	slim
0.03181444366604733	0.053927690292711154	0.08574213395875849	exp_strong_0.4	slim
0.03158809008624631	0.05569438941882791	0.08728247950507421	exp_strong_0.4	slim
0.03285065260662787	0.054396547794508684	0.08724720040113655	exp_strong_0.4	slim
0.03166862246064282	0.05452855205205968	0.0861971745127025	exp_strong_0.4	slim
0.0316214568729046	0.05355074672355989	0.08517220359646449	exp_strong_0.4	slim
0.03162307482001276	0.052689935903277745	0.0843130107232905	exp_strong_0.4	slim
0.030850206124404825	0.05278610219511082	0.08363630831951564	exp_strong_0.4	slim
0.03211273587767732	0.055412292943389355	0.08752502882106668	exp_strong_0.4	slim
0.030898239782428043	0.054544080985117475	0.08544232076754552	exp_strong_0.4	slim
0.030724646476907203	0.05371123384111185	0.08443588031801906	exp_strong_0.4	slim
0.03170507190607693	0.053239168817058265	0.0849442407231352	exp_strong_0.4	slim
0.032120531650179036	0.053104327244037144	0.08522485889421617	exp_strong_0.4	slim
0.03142748958727755	0.053191972737599395	0.08461946232487694	exp_strong_0.4	slim
0.03025184508864034	0.05438636536559385	0.0846382104542342	exp_strong_0.4	slim
0.03180313932659319	0.05384521966177855	0.08564835898837174	exp_strong_0.4	slim
0.030927678449362762	0.05353101122571433	0.0844586896750771	exp_strong_0.4	slim
0.03142935645377946	0.05279948711686409	0.08422884357064354	exp_strong_0.4	slim
0.030759658866733437	0.05482715712161219	0.08558681598834562	exp_strong_0.4	slim
0.031412659149885426	0.05453966037907644	0.08595231952896186	exp_strong_0.4	slim
0.03236320235034888	0.054045782837556615	0.08640898518790549	exp_strong_0.4	slim
0.03204656862745098	0.05332414215686274	0.08537071078431373	exp_strong_0.4	slim
0.03188704087655311	0.053165246606232126	0.08505228748278523	exp_strong_0.4	slim
0.03046453879232027	0.05494821634062141	0.08541275513294168	exp_strong_0.4	slim
0.031171019376579612	0.05337585750391142	0.08454687688049103	exp_strong_0.4	slim
0.0320028874785695	0.052470899630041805	0.08447378710861131	exp_strong_0.4	slim
0.031323283082077054	0.05440840566468707	0.08573168874676412	exp_strong_0.4	slim
0.0318332170060389	0.05312111188662641	0.08495432889266531	exp_strong_0.4	slim
0.03134285148333816	0.05515854271739627	0.08650139420073444	exp_strong_0.4	slim
0.03158212560386473	0.05401570048309179	0.08559782608695653	exp_strong_0.4	slim
0.03062615491805762	0.05423949592560056	0.08486565084365817	exp_strong_0.4	slim
0.09041519127959453	0.12112059987502603	0.21153579115462057	exp_strong_0.999	slim
0.09122825312407667	0.12209534734171056	0.21332360046578724	exp_strong_0.999	slim
0.08744516106479297	0.1210039676297345	0.20844912869452747	exp_strong_0.999	slim
0.089791749614832	0.12157460141603338	0.21136635103086537	exp_strong_0.999	slim
0.09105914240044478	0.12163805684898187	0.21269719924942665	exp_strong_0.999	slim
0.09017377237384543	0.12118840125937136	0.2113621736332168	exp_strong_0.999	slim
0.09040947711848142	0.1230699443446098	0.21347942146309123	exp_strong_0.999	slim
0.09031601837887131	0.12360141699694854	0.21391743537581986	exp_strong_0.999	slim
0.09181348592100458	0.11991930013739847	0.21173278605840304	exp_strong_0.999	slim
0.09074176969023476	0.12081539102653147	0.21155716071676622	exp_strong_0.999	slim
0.09290269065270361	0.12276426979107263	0.21566696044377626	exp_strong_0.999	slim
0.0892556240771302	0.12024667766872231	0.20950230174585252	exp_strong_0.999	slim
0.09137232395958331	0.1217022312655432	0.21307455522512653	exp_strong_0.999	slim
0.091495246326707	0.12399308556611928	0.21548833189282626	exp_strong_0.999	slim
0.09037191518943344	0.12170663885992353	0.21207855404935697	exp_strong_0.999	slim
0.09112409571508069	0.12313925987757374	0.21426335559265441	exp_strong_0.999	slim
0.08970723815819229	0.12112303651260285	0.21083027467079513	exp_strong_0.999	slim
0.09037134406835359	0.12280125222685369	0.2131725962952073	exp_strong_0.999	slim
0.09191214920690256	0.12131776189646157	0.21322991110336412	exp_strong_0.999	slim
0.09080668919504375	0.12179187245472663	0.2125985616497704	exp_strong_0.999	slim
0.08991088204367986	0.1222656990674504	0.21217658111113027	exp_strong_0.999	slim
0.08990402138257805	0.1213010049117448	0.21120502629432286	exp_strong_0.999	slim
0.08954419865501242	0.12235216431786192	0.21189636297287434	exp_strong_0.999	slim
0.08782931674872592	0.12277792174138377	0.2106072384901097	exp_strong_0.999	slim
0.09045416896742131	0.12040999447818884	0.21086416344561015	exp_strong_0.999	slim
0.09041980624327234	0.12050765651585124	0.21092746275912358	exp_strong_0.999	slim
0.08981073373087892	0.12064644369544551	0.21045717742632444	exp_strong_0.999	slim
0.0872201411272759	0.12237999825768796	0.20960013938496386	exp_strong_0.999	slim
0.09130706691682301	0.12167326801473143	0.21298033493155444	exp_strong_0.999	slim
0.08958181249348211	0.12105885215698543	0.21064066465046755	exp_strong_0.999	slim
0.08987608707018246	0.12173443245786786	0.21161051952805032	exp_strong_0.999	slim
0.09127971254836927	0.119126589275843	0.21040630182421227	exp_strong_0.999	slim
0.09132570694533651	0.12161716458069331	0.21294287152602984	exp_strong_0.999	slim
0.09031119111080342	0.12098030392190799	0.2112914950327114	exp_strong_0.999	slim
0.08990173531256533	0.12075754407972682	0.21065927939229215	exp_strong_0.999	slim
0.08914715255646391	0.12089510877095747	0.21004226132742138	exp_strong_0.999	slim
0.0912244008714597	0.12012200435729847	0.21134640522875817	exp_strong_0.999	slim
0.09001162447733227	0.12059961483075109	0.21061123930808334	exp_strong_0.999	slim
0.09031989018435822	0.1208145818491425	0.21113447203350072	exp_strong_0.999	slim
0.09223901937193772	0.11773116423427665	0.20997018360621436	exp_strong_0.999	slim
0.09043508588368646	0.12152759612869474	0.2119626820123812	exp_strong_0.999	slim
0.09255177721802407	0.12312832353764344	0.21568010075566751	exp_strong_0.999	slim
0.09046101328874724	0.12175836424752251	0.21221937753626974	exp_strong_0.999	slim
0.08991136236739251	0.11988763260748185	0.20979899497487436	exp_strong_0.999	slim
0.09146341463414634	0.1206729772680163	0.21213639190216266	exp_strong_0.999	slim
0.08901196201322939	0.12241531971041164	0.21142728172364103	exp_strong_0.999	slim
0.08940014163082716	0.11841718914624247	0.20781733077706963	exp_strong_0.999	slim
0.09020591797888908	0.12121474303512718	0.21142066101401627	exp_strong_0.999	slim
0.08998939665212327	0.11948756279441673	0.20947695944654002	exp_strong_0.999	slim
0.09152742352471674	0.12229104853122343	0.21381847205594018	exp_strong_0.999	slim
0.08889928443959319	0.12230365403607256	0.21120293847566574	exp_strong_0.999	slim
0.09039882861525589	0.11957885929438014	0.20997768790963603	exp_strong_0.999	slim
0.09077598828696926	0.12012828557484487	0.21090427386181412	exp_strong_0.999	slim
0.09141937853008551	0.11992235997691783	0.21134173850700333	exp_strong_0.999	slim
0.08966709900562041	0.11965412883700821	0.20932122784262863	exp_strong_0.999	slim
0.09155550942025224	0.12041314164114808	0.2119686510614003	exp_strong_0.999	slim
0.09067245119305857	0.12046854663774403	0.2111409978308026	exp_strong_0.999	slim
0.08966044821531026	0.12373732983291896	0.2133977780482292	exp_strong_0.999	slim
0.09064959778565868	0.12106219185191593	0.21171178963757462	exp_strong_0.999	slim
0.09198997666983497	0.1195022898124946	0.21149226648232955	exp_strong_0.999	slim
0.09131016274990013	0.12233164851579734	0.21364181126569745	exp_strong_0.999	slim
0.09248594898400346	0.12148724600086468	0.21397319498486814	exp_strong_0.999	slim
0.09000155712036541	0.12114396442845032	0.21114552154881572	exp_strong_0.999	slim
0.08966371803256118	0.11862802464461501	0.2082917426771762	exp_strong_0.999	slim
0.08928540433582699	0.12242028708798361	0.2117056914238106	exp_strong_0.999	slim
0.09027395374449339	0.12040542400881057	0.21067937775330398	exp_strong_0.999	slim
0.08945522080066033	0.12023662126840005	0.20969184206906039	exp_strong_0.999	slim
0.08914942846289325	0.12112787926926132	0.21027730773215458	exp_strong_0.999	slim
0.09125772194072326	0.12129520372041369	0.21255292566113695	exp_strong_0.999	slim
0.0927986963456071	0.12131613619027806	0.21411483253588517	exp_strong_0.999	slim
0.09229194852048427	0.12365143788809102	0.2159433864085753	exp_strong_0.999	slim
0.08940174770333856	0.12080525345145555	0.21020700115479413	exp_strong_0.999	slim
0.09191144652346252	0.11939833486230592	0.21130978138576845	exp_strong_0.999	slim
0.08893325232184707	0.12304487457685964	0.2119781268987067	exp_strong_0.999	slim
0.09055940404497512	0.12018310300414245	0.21074250704911757	exp_strong_0.999	slim
0.09087111652597685	0.11936297972326168	0.21023409624923853	exp_strong_0.999	slim
0.09040552200172562	0.12081104400345125	0.21121656600517688	exp_strong_0.999	slim
0.08938332838505737	0.12136083410468224	0.2107441624897396	exp_strong_0.999	slim
0.09018678561471982	0.12100989684973515	0.21119668246445497	exp_strong_0.999	slim
0.08896526710305877	0.12176376103214218	0.21072902813520095	exp_strong_0.999	slim
0.08952840504747192	0.12085813965598043	0.21038654470345233	exp_strong_0.999	slim
0.09251561059607256	0.11728384325048266	0.20979945384655524	exp_strong_0.999	slim
0.09301963767113816	0.12230327755497165	0.2153229152261098	exp_strong_0.999	slim
0.09206177092988685	0.12039385088931251	0.21245562181919936	exp_strong_0.999	slim
0.09098753926340133	0.12231196713955335	0.21329950640295467	exp_strong_0.999	slim
0.0918761244345077	0.1168887879687691	0.2087649124032768	exp_strong_0.999	slim
0.0919773658265639	0.1213636048045546	0.2133409706311185	exp_strong_0.999	slim
0.08907318088760886	0.1216038030466012	0.21067698393421008	exp_strong_0.999	slim
0.08786070693324959	0.11931679402630936	0.20717750095955895	exp_strong_0.999	slim
0.09002218063353434	0.12259998613710404	0.2126221667706384	exp_strong_0.999	slim
0.08958145658651515	0.12511260480909153	0.21469406139560668	exp_strong_0.999	slim
0.08943482161341522	0.12135118349320267	0.2107860051066179	exp_strong_0.999	slim
0.09018046434665701	0.1236017029491356	0.2137821672957926	exp_strong_0.999	slim
0.09123947972456006	0.1199833066703763	0.21122278639493636	exp_strong_0.999	slim
0.09142748197448697	0.1197136716583472	0.21114115363283417	exp_strong_0.999	slim
0.09077352568882108	0.12321617450711796	0.21398970019593902	exp_strong_0.999	slim
0.09159883168282608	0.11937228876099618	0.21097112044382227	exp_strong_0.999	slim
0.09114520623344456	0.12064398500120403	0.2117891912346486	exp_strong_0.999	slim
0.09248514868632986	0.12045584440326296	0.21294099308959283	exp_strong_0.999	slim
0.0894498987065607	0.12195037487230101	0.2114002735788617	exp_strong_0.999	slim
0.08954576224116084	0.12104906878655859	0.21059483102771945	exp_strong_0.999	slim
