α_weak	α_strong	α	gam_neg	shape	analysis	method
0.0393968	0.00955123	0.062319	410.68	0.157987	bt_moderate_0.4	abc_mk
0.0686974	0.00838995	0.0942524	674.267	0.156558	bt_moderate_0.4	abc_mk
0.0255504	0.010754	0.0515449	369.334	0.150909	bt_moderate_0.4	abc_mk
0.0499993	0.00908848	0.0673506	675.187	0.15499	bt_moderate_0.4	abc_mk
0.0231535	0.0137953	0.053705	458.397	0.159079	bt_moderate_0.4	abc_mk
0.0377415	0.00904379	0.0522895	410.173	0.157739	bt_moderate_0.4	abc_mk
0.0345153	0.0129044	0.0610268	401.685	0.153339	bt_moderate_0.4	abc_mk
0.0298948	0.0133564	0.0530029	651.0	0.151979	bt_moderate_0.4	abc_mk
0.0330556	0.00766144	0.0554172	531.804	0.159838	bt_moderate_0.4	abc_mk
0.0382775	0.0134116	0.0651663	626.331	0.161105	bt_moderate_0.4	abc_mk
0.0299722	0.00721711	0.0479605	495.929	0.162362	bt_moderate_0.4	abc_mk
0.0168363	0.0109609	0.0437596	500.815	0.159119	bt_moderate_0.4	abc_mk
0.0202382	0.0116954	0.0508781	412.355	0.145954	bt_moderate_0.4	abc_mk
0.0487998	0.0081259	0.0642423	628.879	0.152035	bt_moderate_0.4	abc_mk
0.054607	0.00738068	0.0740112	522.765	0.160118	bt_moderate_0.4	abc_mk
0.0601979	0.00799882	0.0772027	633.842	0.160064	bt_moderate_0.4	abc_mk
0.0412465	0.00915771	0.0607884	634.82	0.159044	bt_moderate_0.4	abc_mk
0.0426048	0.00948582	0.0661427	617.412	0.157881	bt_moderate_0.4	abc_mk
0.0356487	0.0085576	0.0565783	658.698	0.153358	bt_moderate_0.4	abc_mk
0.0643103	0.00920097	0.0837703	435.403	0.152239	bt_moderate_0.4	abc_mk
0.0356111	0.00898284	0.0544373	530.885	0.159129	bt_moderate_0.4	abc_mk
0.0762846	0.00859734	0.098443	642.727	0.156822	bt_moderate_0.4	abc_mk
0.0463003	0.00945183	0.0665979	439.318	0.155184	bt_moderate_0.4	abc_mk
0.0386064	0.00839903	0.0584749	682.631	0.159661	bt_moderate_0.4	abc_mk
0.0227354	0.00945099	0.0466482	418.8	0.15401	bt_moderate_0.4	abc_mk
0.035164	0.00900043	0.0516483	617.745	0.16599	bt_moderate_0.4	abc_mk
0.0425226	0.0104508	0.0711394	535.433	0.156922	bt_moderate_0.4	abc_mk
0.0547148	0.0102684	0.0745157	434.336	0.146171	bt_moderate_0.4	abc_mk
0.058436	0.00796433	0.077843	426.172	0.161353	bt_moderate_0.4	abc_mk
0.0373422	0.00852139	0.0598529	417.686	0.156378	bt_moderate_0.4	abc_mk
0.0404319	0.00981694	0.0656742	532.717	0.154913	bt_moderate_0.4	abc_mk
0.0354724	0.0100069	0.0617573	413.437	0.160124	bt_moderate_0.4	abc_mk
0.0598835	0.00966231	0.078069	439.159	0.158813	bt_moderate_0.4	abc_mk
0.0496205	0.0147388	0.0748606	678.723	0.153315	bt_moderate_0.4	abc_mk
0.0359968	0.0109065	0.0626507	426.113	0.14818	bt_moderate_0.4	abc_mk
0.0320375	0.0132893	0.056666	499.734	0.150121	bt_moderate_0.4	abc_mk
0.048072	0.00971807	0.0697168	699.798	0.164583	bt_moderate_0.4	abc_mk
0.0201975	0.0143144	0.0513296	421.262	0.168635	bt_moderate_0.4	abc_mk
0.0355493	0.010526	0.0622575	668.416	0.158382	bt_moderate_0.4	abc_mk
0.0310712	0.00866365	0.0552177	441.117	0.174851	bt_moderate_0.4	abc_mk
0.0361191	0.00923437	0.0542778	684.801	0.160627	bt_moderate_0.4	abc_mk
0.0394587	0.00974551	0.062078	598.504	0.160791	bt_moderate_0.4	abc_mk
0.0379653	0.00881662	0.0590084	645.786	0.159103	bt_moderate_0.4	abc_mk
0.0410961	0.00926203	0.0625597	585.846	0.152129	bt_moderate_0.4	abc_mk
0.0708327	0.00837548	0.0916472	580.393	0.158232	bt_moderate_0.4	abc_mk
0.0465489	0.00810565	0.0667573	451.076	0.161751	bt_moderate_0.4	abc_mk
0.0234911	0.00915648	0.0470837	676.382	0.165185	bt_moderate_0.4	abc_mk
0.0311988	0.00912091	0.0480602	417.194	0.142075	bt_moderate_0.4	abc_mk
0.0207757	0.00868401	0.0471032	433.781	0.158231	bt_moderate_0.4	abc_mk
0.0194468	0.00910191	0.0463495	341.439	0.16753	bt_moderate_0.4	abc_mk
0.026753	0.00834423	0.0481209	637.156	0.161475	bt_moderate_0.4	abc_mk
0.0190786	0.0138791	0.0482246	384.406	0.154447	bt_moderate_0.4	abc_mk
0.0202498	0.00837629	0.0446627	448.432	0.17029	bt_moderate_0.4	abc_mk
0.0216934	0.00849859	0.0479701	404.619	0.155885	bt_moderate_0.4	abc_mk
0.0387099	0.00692764	0.0527087	583.69	0.161962	bt_moderate_0.4	abc_mk
0.0217399	0.00969394	0.0468048	632.676	0.153008	bt_moderate_0.4	abc_mk
0.0222973	0.0098631	0.0476577	421.017	0.155632	bt_moderate_0.4	abc_mk
0.0364548	0.00926914	0.0542565	628.997	0.154192	bt_moderate_0.4	abc_mk
0.0674309	0.0088383	0.0902666	658.069	0.156138	bt_moderate_0.4	abc_mk
0.0324663	0.010307	0.0575541	421.842	0.165555	bt_moderate_0.4	abc_mk
0.0408326	0.0103667	0.0608755	394.671	0.153305	bt_moderate_0.4	abc_mk
0.0259444	0.00961898	0.0471569	444.478	0.150954	bt_moderate_0.4	abc_mk
0.018756	0.00997922	0.0417684	416.929	0.158759	bt_moderate_0.4	abc_mk
0.0315988	0.00787021	0.0494561	455.93	0.166976	bt_moderate_0.4	abc_mk
0.0216887	0.0103339	0.0493946	433.281	0.155435	bt_moderate_0.4	abc_mk
0.0454857	0.00897645	0.0688315	660.16	0.15464	bt_moderate_0.4	abc_mk
0.0507598	0.00922273	0.0718499	614.75	0.159624	bt_moderate_0.4	abc_mk
0.0354495	0.00988556	0.0622348	661.2	0.15634	bt_moderate_0.4	abc_mk
0.037843	0.0141404	0.0655866	646.539	0.151394	bt_moderate_0.4	abc_mk
0.0274506	0.00790368	0.0444921	411.267	0.157225	bt_moderate_0.4	abc_mk
0.0267122	0.00903223	0.0482573	411.558	0.156261	bt_moderate_0.4	abc_mk
0.0353712	0.0101003	0.0616716	419.151	0.151884	bt_moderate_0.4	abc_mk
0.0631049	0.00869141	0.0824944	548.388	0.152246	bt_moderate_0.4	abc_mk
0.0334442	0.00867081	0.0584016	538.911	0.156273	bt_moderate_0.4	abc_mk
0.0607133	0.00955965	0.0844308	528.367	0.15492	bt_moderate_0.4	abc_mk
0.0323589	0.00980698	0.0553298	414.119	0.161465	bt_moderate_0.4	abc_mk
0.0360487	0.0105823	0.0594813	633.346	0.155975	bt_moderate_0.4	abc_mk
0.0247644	0.0152193	0.0547077	507.095	0.158775	bt_moderate_0.4	abc_mk
0.0523101	0.0147807	0.0731448	426.252	0.159889	bt_moderate_0.4	abc_mk
0.0491824	0.00901498	0.0677609	427.444	0.15769	bt_moderate_0.4	abc_mk
0.0364726	0.00930844	0.0570171	395.912	0.164684	bt_moderate_0.4	abc_mk
0.0167796	0.0076916	0.037597	604.967	0.159322	bt_moderate_0.4	abc_mk
0.0388561	0.00973208	0.0608007	642.12	0.157982	bt_moderate_0.4	abc_mk
0.0203904	0.00944659	0.0454741	431.869	0.159914	bt_moderate_0.4	abc_mk
0.0410517	0.010094	0.062214	636.923	0.159077	bt_moderate_0.4	abc_mk
0.0698533	0.00824591	0.0852064	539.137	0.157094	bt_moderate_0.4	abc_mk
0.0544858	0.00995158	0.0747593	652.255	0.149926	bt_moderate_0.4	abc_mk
0.0411682	0.00914082	0.060772	417.699	0.153701	bt_moderate_0.4	abc_mk
0.041064	0.00967397	0.0635253	444.667	0.158415	bt_moderate_0.4	abc_mk
0.0168347	0.0107977	0.0441791	406.349	0.15658	bt_moderate_0.4	abc_mk
0.063582	0.00815105	0.0803095	546.283	0.156689	bt_moderate_0.4	abc_mk
0.0525452	0.0079141	0.0734605	670.654	0.157372	bt_moderate_0.4	abc_mk
0.0271639	0.00961234	0.0484954	629.914	0.157113	bt_moderate_0.4	abc_mk
0.0471293	0.0115593	0.0669482	445.784	0.151309	bt_moderate_0.4	abc_mk
0.0196938	0.00899551	0.0452703	401.964	0.151657	bt_moderate_0.4	abc_mk
0.0291137	0.0100873	0.050817	643.71	0.158808	bt_moderate_0.4	abc_mk
0.0317508	0.0108828	0.0566152	641.597	0.155343	bt_moderate_0.4	abc_mk
0.0303303	0.0113445	0.0560803	421.168	0.154877	bt_moderate_0.4	abc_mk
0.0275553	0.0089371	0.0461793	431.793	0.156922	bt_moderate_0.4	abc_mk
0.049785	0.0128332	0.0710808	619.294	0.154833	bt_moderate_0.4	abc_mk
0.0543334	0.00842253	0.0738236	609.175	0.173938	bt_moderate_0.4	abc_mk
0.015586	0.0987618	0.118495	616.098	0.136607	bt_moderate_0.999	abc_mk
0.0181336	0.0902444	0.117554	571.439	0.134416	bt_moderate_0.999	abc_mk
0.0181322	0.076178	0.1074	598.338	0.128433	bt_moderate_0.999	abc_mk
0.0168012	0.111288	0.128907	621.432	0.137445	bt_moderate_0.999	abc_mk
0.0145288	0.0950379	0.113793	586.815	0.139796	bt_moderate_0.999	abc_mk
0.0182293	0.0908382	0.108549	586.548	0.13103	bt_moderate_0.999	abc_mk
0.0135001	0.12904	0.144368	591.125	0.136582	bt_moderate_0.999	abc_mk
0.0136588	0.111118	0.130848	344.013	0.136248	bt_moderate_0.999	abc_mk
0.0149479	0.102753	0.125407	578.348	0.135034	bt_moderate_0.999	abc_mk
0.0141171	0.0812017	0.104568	599.969	0.127486	bt_moderate_0.999	abc_mk
0.0131971	0.106528	0.129678	602.825	0.145772	bt_moderate_0.999	abc_mk
0.0161563	0.103209	0.1205	595.547	0.142946	bt_moderate_0.999	abc_mk
0.0140524	0.114274	0.128602	594.642	0.144147	bt_moderate_0.999	abc_mk
0.0163306	0.118722	0.143135	607.878	0.139303	bt_moderate_0.999	abc_mk
0.0154764	0.0976974	0.123519	582.916	0.137536	bt_moderate_0.999	abc_mk
0.0176613	0.109697	0.133843	419.754	0.139721	bt_moderate_0.999	abc_mk
0.0136448	0.110285	0.125117	606.086	0.141398	bt_moderate_0.999	abc_mk
0.0139309	0.102028	0.12004	559.45	0.143138	bt_moderate_0.999	abc_mk
0.0166928	0.103037	0.12331	586.203	0.135057	bt_moderate_0.999	abc_mk
0.0165498	0.0978711	0.119112	359.307	0.13873	bt_moderate_0.999	abc_mk
0.018042	0.104931	0.13456	368.136	0.144162	bt_moderate_0.999	abc_mk
0.0160034	0.0892097	0.111071	589.116	0.133104	bt_moderate_0.999	abc_mk
0.0115444	0.0911398	0.112363	474.889	0.142341	bt_moderate_0.999	abc_mk
0.0168638	0.0879119	0.112654	389.077	0.13282	bt_moderate_0.999	abc_mk
0.0122615	0.100633	0.116456	485.97	0.143442	bt_moderate_0.999	abc_mk
0.0153387	0.0780663	0.0948121	581.168	0.132177	bt_moderate_0.999	abc_mk
0.0123286	0.0921958	0.109973	499.668	0.140953	bt_moderate_0.999	abc_mk
0.0152259	0.105091	0.128835	595.304	0.132573	bt_moderate_0.999	abc_mk
0.0171646	0.0898191	0.114251	612.798	0.138122	bt_moderate_0.999	abc_mk
0.0147138	0.108818	0.125129	593.942	0.141633	bt_moderate_0.999	abc_mk
0.0140012	0.109301	0.125397	599.916	0.137372	bt_moderate_0.999	abc_mk
0.0132225	0.0967651	0.11101	454.321	0.136022	bt_moderate_0.999	abc_mk
0.0109924	0.112214	0.123823	576.86	0.134045	bt_moderate_0.999	abc_mk
0.00968347	0.117874	0.12644	569.211	0.144683	bt_moderate_0.999	abc_mk
0.0227985	0.0802994	0.11708	608.49	0.129232	bt_moderate_0.999	abc_mk
0.0123676	0.0808587	0.0999231	544.165	0.134374	bt_moderate_0.999	abc_mk
0.0132391	0.110555	0.119285	604.277	0.139765	bt_moderate_0.999	abc_mk
0.0115664	0.106017	0.127969	553.613	0.146675	bt_moderate_0.999	abc_mk
0.0141318	0.120384	0.14473	572.526	0.144828	bt_moderate_0.999	abc_mk
0.0169057	0.103576	0.126747	616.452	0.14126	bt_moderate_0.999	abc_mk
0.0204142	0.0868265	0.118469	361.873	0.128399	bt_moderate_0.999	abc_mk
0.0115325	0.103042	0.114794	479.934	0.126959	bt_moderate_0.999	abc_mk
0.0185	0.0845737	0.109747	600.998	0.132686	bt_moderate_0.999	abc_mk
0.0253281	0.0750202	0.109031	602.591	0.132113	bt_moderate_0.999	abc_mk
0.0165894	0.0914043	0.122723	599.678	0.137416	bt_moderate_0.999	abc_mk
0.0206018	0.0835557	0.116611	588.723	0.137467	bt_moderate_0.999	abc_mk
0.0130594	0.110776	0.132974	584.33	0.135241	bt_moderate_0.999	abc_mk
0.0161754	0.0959408	0.121209	621.191	0.135306	bt_moderate_0.999	abc_mk
0.0137722	0.0903858	0.111093	572.681	0.135669	bt_moderate_0.999	abc_mk
0.0154974	0.112205	0.13421	356.949	0.144478	bt_moderate_0.999	abc_mk
0.0173871	0.0935567	0.114618	585.614	0.136057	bt_moderate_0.999	abc_mk
0.0181193	0.100471	0.123019	356.782	0.137032	bt_moderate_0.999	abc_mk
0.0154227	0.0882974	0.109986	347.152	0.126116	bt_moderate_0.999	abc_mk
0.014195	0.116439	0.138727	574.511	0.140236	bt_moderate_0.999	abc_mk
0.0133677	0.103264	0.123915	474.555	0.159691	bt_moderate_0.999	abc_mk
0.0128248	0.118241	0.131013	568.068	0.141782	bt_moderate_0.999	abc_mk
0.0096411	0.139718	0.153928	518.756	0.14843	bt_moderate_0.999	abc_mk
0.0186627	0.119573	0.1524	376.345	0.143274	bt_moderate_0.999	abc_mk
0.0170798	0.100772	0.121224	562.315	0.132868	bt_moderate_0.999	abc_mk
0.0187255	0.0979084	0.12656	606.818	0.137076	bt_moderate_0.999	abc_mk
0.0189461	0.0974045	0.120387	599.199	0.134995	bt_moderate_0.999	abc_mk
0.0152546	0.0887324	0.108629	597.902	0.137201	bt_moderate_0.999	abc_mk
0.0140385	0.106458	0.128773	602.722	0.144614	bt_moderate_0.999	abc_mk
0.0141528	0.081565	0.101249	573.528	0.130639	bt_moderate_0.999	abc_mk
0.017915	0.0855768	0.111789	364.326	0.131111	bt_moderate_0.999	abc_mk
0.0129069	0.108415	0.120221	606.51	0.127676	bt_moderate_0.999	abc_mk
0.0195204	0.0813431	0.114789	600.797	0.132644	bt_moderate_0.999	abc_mk
0.012615	0.105383	0.118408	615.621	0.148282	bt_moderate_0.999	abc_mk
0.0170755	0.085579	0.11148	576.047	0.132075	bt_moderate_0.999	abc_mk
0.0135175	0.102767	0.115339	635.463	0.136147	bt_moderate_0.999	abc_mk
0.0158807	0.0836058	0.107509	615.277	0.137237	bt_moderate_0.999	abc_mk
0.0159883	0.10673	0.130834	366.048	0.133694	bt_moderate_0.999	abc_mk
0.0121079	0.11137	0.128302	595.387	0.134476	bt_moderate_0.999	abc_mk
0.0104679	0.109398	0.128232	514.461	0.148271	bt_moderate_0.999	abc_mk
0.0144175	0.0928912	0.115125	603.486	0.138256	bt_moderate_0.999	abc_mk
0.0162748	0.101512	0.12568	357.545	0.136138	bt_moderate_0.999	abc_mk
0.0165834	0.0975767	0.110999	602.884	0.131635	bt_moderate_0.999	abc_mk
0.0175646	0.0911052	0.114617	587.765	0.135134	bt_moderate_0.999	abc_mk
0.011984	0.0937779	0.115604	586.692	0.137019	bt_moderate_0.999	abc_mk
0.0145636	0.108254	0.128521	552.649	0.138947	bt_moderate_0.999	abc_mk
0.015185	0.115343	0.135271	611.076	0.139631	bt_moderate_0.999	abc_mk
0.021822	0.0915704	0.123733	608.49	0.133403	bt_moderate_0.999	abc_mk
0.0135535	0.108211	0.14008	640.542	0.145252	bt_moderate_0.999	abc_mk
0.0124637	0.112297	0.12264	598.901	0.146808	bt_moderate_0.999	abc_mk
0.0158873	0.0824026	0.100223	606.072	0.138256	bt_moderate_0.999	abc_mk
0.0121785	0.114473	0.124473	617.603	0.135754	bt_moderate_0.999	abc_mk
0.013315	0.0977497	0.114519	600.784	0.130154	bt_moderate_0.999	abc_mk
0.00945937	0.193787	0.141105	500.486	0.145152	bt_moderate_0.999	abc_mk
0.0140818	0.0867263	0.0997431	356.602	0.132742	bt_moderate_0.999	abc_mk
0.015339	0.0924642	0.114167	578.233	0.140931	bt_moderate_0.999	abc_mk
0.0188692	0.106322	0.138021	582.376	0.139287	bt_moderate_0.999	abc_mk
0.0155919	0.0943454	0.120552	602.959	0.134589	bt_moderate_0.999	abc_mk
0.0176079	0.118749	0.141141	611.434	0.140282	bt_moderate_0.999	abc_mk
0.0160154	0.100832	0.123101	617.666	0.141784	bt_moderate_0.999	abc_mk
0.0159343	0.111514	0.132655	597.378	0.137938	bt_moderate_0.999	abc_mk
0.0164359	0.106326	0.130415	344.179	0.138828	bt_moderate_0.999	abc_mk
0.0212075	0.0976944	0.131351	603.835	0.141179	bt_moderate_0.999	abc_mk
0.0120021	0.0929284	0.107138	344.456	0.138421	bt_moderate_0.999	abc_mk
0.0161676	0.0985618	0.128043	593.226	0.134793	bt_moderate_0.999	abc_mk
0.0138769	0.112322	0.127345	571.893	0.134404	bt_moderate_0.999	abc_mk
0.0106283	0.093061	0.111926	613.401	0.132828	bt_moderate_0.999	abc_mk
0.037597	0.00817223	0.0468883	683.324	0.250262	bt_strong_0.4	abc_mk
0.0475328	0.00859635	0.0740266	362.894	0.222307	bt_strong_0.4	abc_mk
0.0384053	0.00346554	0.0404592	431.771	0.254608	bt_strong_0.4	abc_mk
0.060198	0.00769594	0.0841514	380.573	0.226532	bt_strong_0.4	abc_mk
0.0386831	0.0084394	0.0584378	374.341	0.245983	bt_strong_0.4	abc_mk
0.0640064	0.00721695	0.0826445	357.133	0.244065	bt_strong_0.4	abc_mk
0.0364703	0.00452866	0.0443494	454.926	0.252812	bt_strong_0.4	abc_mk
0.0312161	0.00743923	0.0441099	323.21	0.228085	bt_strong_0.4	abc_mk
0.0431398	0.00905643	0.0703479	410.465	0.2568	bt_strong_0.4	abc_mk
0.0507039	0.00713457	0.0669979	391.258	0.26112	bt_strong_0.4	abc_mk
0.0501196	0.00749637	0.0709795	480.625	0.261694	bt_strong_0.4	abc_mk
0.088014	0.00530574	0.100059	364.745	0.271095	bt_strong_0.4	abc_mk
0.0571844	0.0102029	0.106958	730.224	0.229647	bt_strong_0.4	abc_mk
0.0303958	0.00559097	0.0457809	369.366	0.245255	bt_strong_0.4	abc_mk
0.044639	0.00574777	0.0820115	378.496	0.242842	bt_strong_0.4	abc_mk
0.0451168	0.00532765	0.0866987	617.532	0.269239	bt_strong_0.4	abc_mk
0.0591203	0.00379271	0.144561	351.394	0.264605	bt_strong_0.4	abc_mk
0.0455409	0.00883376	0.0697605	394.348	0.224911	bt_strong_0.4	abc_mk
0.0403424	0.00959337	0.0808154	386.741	0.250822	bt_strong_0.4	abc_mk
0.0413081	0.00844149	0.0620547	366.032	0.246702	bt_strong_0.4	abc_mk
0.035709	0.00881052	0.0564052	372.473	0.211837	bt_strong_0.4	abc_mk
0.064276	0.00769542	0.0751616	522.202	0.272849	bt_strong_0.4	abc_mk
0.0312217	0.00836972	0.048597	456.328	0.264307	bt_strong_0.4	abc_mk
0.0458974	0.00795761	0.0653202	343.698	0.233629	bt_strong_0.4	abc_mk
0.0337926	0.00656311	0.0560858	357.619	0.259661	bt_strong_0.4	abc_mk
0.0465861	0.0100342	0.0716768	399.44	0.217306	bt_strong_0.4	abc_mk
0.0469299	0.0127394	0.0656022	347.526	0.271307	bt_strong_0.4	abc_mk
0.0354515	0.00800051	0.051107	342.749	0.257525	bt_strong_0.4	abc_mk
0.0492747	0.00916626	0.0686469	404.687	0.243845	bt_strong_0.4	abc_mk
0.0501112	0.00483614	0.0735429	669.667	0.256424	bt_strong_0.4	abc_mk
0.0462583	0.00645085	0.0628221	668.834	0.256193	bt_strong_0.4	abc_mk
0.0475996	0.0070048	0.0689359	429.009	0.242739	bt_strong_0.4	abc_mk
0.0398731	0.00745448	0.066022	365.557	0.221877	bt_strong_0.4	abc_mk
0.0422156	0.00716341	0.0649145	624.904	0.259679	bt_strong_0.4	abc_mk
0.0375438	0.00725404	0.0665777	619.61	0.25923	bt_strong_0.4	abc_mk
0.0477824	0.00866018	0.0813052	409.578	0.241592	bt_strong_0.4	abc_mk
0.0505294	0.00493127	0.0655601	373.249	0.253487	bt_strong_0.4	abc_mk
0.0278686	0.00906499	0.0411197	395.856	0.264619	bt_strong_0.4	abc_mk
0.0238192	0.00781115	0.0621645	314.938	0.266041	bt_strong_0.4	abc_mk
0.0382826	0.0114995	0.0659924	661.54	0.264263	bt_strong_0.4	abc_mk
0.0414668	0.0102256	0.0681309	364.349	0.215718	bt_strong_0.4	abc_mk
0.0419551	0.00711798	0.0856262	337.773	0.263781	bt_strong_0.4	abc_mk
0.034259	0.00701276	0.0521676	391.346	0.251626	bt_strong_0.4	abc_mk
0.0537039	0.00740703	0.0737758	428.297	0.253467	bt_strong_0.4	abc_mk
0.0204407	0.00858569	0.0408158	351.237	0.252538	bt_strong_0.4	abc_mk
0.0305	0.00853334	0.0521777	343.88	0.239456	bt_strong_0.4	abc_mk
0.055325	0.0088707	0.0715965	371.204	0.232462	bt_strong_0.4	abc_mk
0.0533631	0.00983082	0.0752256	704.09	0.238372	bt_strong_0.4	abc_mk
0.041135	0.00636991	0.0534998	473.011	0.244447	bt_strong_0.4	abc_mk
0.0422369	0.00833716	0.0606085	401.565	0.227818	bt_strong_0.4	abc_mk
0.0562078	0.00581486	0.0995477	409.686	0.277476	bt_strong_0.4	abc_mk
0.0246053	0.0080856	0.044512	422.553	0.22395	bt_strong_0.4	abc_mk
0.0256956	0.00908978	0.0401278	565.023	0.259465	bt_strong_0.4	abc_mk
0.0629161	0.0077423	0.091398	405.875	0.24317	bt_strong_0.4	abc_mk
0.0167126	0.0110208	0.0429651	372.969	0.254604	bt_strong_0.4	abc_mk
0.0455937	0.008301	0.0631429	666.184	0.240012	bt_strong_0.4	abc_mk
0.0380605	0.00796661	0.0633334	342.025	0.233977	bt_strong_0.4	abc_mk
0.0404399	0.00639656	0.0517013	686.07	0.251015	bt_strong_0.4	abc_mk
0.0480401	0.00648741	0.0695041	351.19	0.252762	bt_strong_0.4	abc_mk
0.0447441	0.00759131	0.0563851	362.539	0.261064	bt_strong_0.4	abc_mk
0.053287	0.00576176	0.0757833	560.59	0.223764	bt_strong_0.4	abc_mk
0.038379	0.00738835	0.0584108	410.443	0.270796	bt_strong_0.4	abc_mk
0.0383751	0.00754025	0.0664087	652.241	0.226212	bt_strong_0.4	abc_mk
0.0368716	0.00779159	0.0600745	361.727	0.238887	bt_strong_0.4	abc_mk
0.0352652	0.00958701	0.05054	423.736	0.261895	bt_strong_0.4	abc_mk
0.0487988	0.00791749	0.0855928	400.79	0.239878	bt_strong_0.4	abc_mk
0.0409696	0.00846787	0.0613371	686.195	0.256434	bt_strong_0.4	abc_mk
0.0409264	0.00834077	0.0600407	358.846	0.24413	bt_strong_0.4	abc_mk
0.03687	0.0065672	0.0667092	396.481	0.247632	bt_strong_0.4	abc_mk
0.0502576	0.00695054	0.0802563	689.38	0.266327	bt_strong_0.4	abc_mk
0.0456068	0.00371537	0.0733851	347.056	0.255991	bt_strong_0.4	abc_mk
0.0357159	0.00916185	0.0590924	352.888	0.252134	bt_strong_0.4	abc_mk
0.0353575	0.00746372	0.0482477	646.433	0.234251	bt_strong_0.4	abc_mk
0.055806	0.00569451	0.0669933	431.682	0.250659	bt_strong_0.4	abc_mk
0.0354557	0.00608823	0.053433	378.201	0.272632	bt_strong_0.4	abc_mk
0.0619927	0.00510601	0.0727652	349.181	0.241738	bt_strong_0.4	abc_mk
0.0392523	0.00851581	0.055276	661.834	0.239898	bt_strong_0.4	abc_mk
0.0413087	0.00751467	0.064443	404.374	0.254474	bt_strong_0.4	abc_mk
0.0251221	0.00975808	0.0402271	635.717	0.245155	bt_strong_0.4	abc_mk
0.0427673	0.00693294	0.0602894	630.38	0.263016	bt_strong_0.4	abc_mk
0.0315684	0.00705549	0.0466292	341.27	0.257958	bt_strong_0.4	abc_mk
0.041888	0.00912217	0.0615922	339.383	0.239106	bt_strong_0.4	abc_mk
0.0502779	0.00486224	0.0491134	294.582	0.295328	bt_strong_0.4	abc_mk
0.0468457	0.00741556	0.0760497	431.056	0.25468	bt_strong_0.4	abc_mk
0.0683268	0.00974661	0.0892185	620.151	0.233557	bt_strong_0.4	abc_mk
0.0592997	0.00945214	0.0809142	650.137	0.24823	bt_strong_0.4	abc_mk
0.0430086	0.00923667	0.061578	596.136	0.246152	bt_strong_0.4	abc_mk
0.0410379	0.0067012	0.0781651	372.034	0.257194	bt_strong_0.4	abc_mk
0.0369476	0.00767271	0.0609215	375.262	0.252712	bt_strong_0.4	abc_mk
0.0368806	0.00604047	0.0576158	377.449	0.231119	bt_strong_0.4	abc_mk
0.0314968	0.00900741	0.04919	655.227	0.249239	bt_strong_0.4	abc_mk
0.0582517	0.00691517	0.0790023	418.694	0.221778	bt_strong_0.4	abc_mk
0.0286915	0.00871367	0.0443109	381.24	0.241238	bt_strong_0.4	abc_mk
0.0424986	0.00790329	0.0644314	373.777	0.227449	bt_strong_0.4	abc_mk
0.0546915	0.00752431	0.071983	656.206	0.254029	bt_strong_0.4	abc_mk
0.0386196	0.00901438	0.0554663	339.128	0.243638	bt_strong_0.4	abc_mk
0.0849544	0.00923419	0.101991	487.5	0.25242	bt_strong_0.4	abc_mk
0.0533226	0.00720188	0.0704413	397.334	0.253764	bt_strong_0.4	abc_mk
0.0545359	0.00850425	0.0746641	672.559	0.248229	bt_strong_0.4	abc_mk
0.037975	0.00511683	0.0577438	520.932	0.244942	bt_strong_0.4	abc_mk
0.0388396	0.0113836	0.0628521	364.769	0.213656	bt_strong_0.4	abc_mk
0.0171005	0.0205222	0.0560594	372.633	0.099427	bt_strong_0.999	abc_mk
0.0179911	0.0353461	0.0658335	380.97	0.10456	bt_strong_0.999	abc_mk
0.0233712	0.0391723	0.0762398	388.539	0.102592	bt_strong_0.999	abc_mk
0.0182016	0.015462	0.0602773	377.421	0.100343	bt_strong_0.999	abc_mk
0.0244779	0.0165936	0.0643221	366.209	0.101708	bt_strong_0.999	abc_mk
0.0159512	0.0203802	0.053358	382.08	0.109531	bt_strong_0.999	abc_mk
0.022027	0.011838	0.0484266	612.687	0.0957132	bt_strong_0.999	abc_mk
0.015724	0.0457002	0.0718559	388.513	0.105687	bt_strong_0.999	abc_mk
0.0183175	0.0173018	0.0594268	349.616	0.0979828	bt_strong_0.999	abc_mk
0.023391	0.0206458	0.070794	378.951	0.105173	bt_strong_0.999	abc_mk
0.0184458	0.0221671	0.0560521	385.807	0.107502	bt_strong_0.999	abc_mk
0.0175823	0.0382748	0.0698775	344.107	0.112232	bt_strong_0.999	abc_mk
0.0203818	0.0189826	0.0719543	388.07	0.0950356	bt_strong_0.999	abc_mk
0.0192909	0.0252519	0.0660242	369.403	0.104801	bt_strong_0.999	abc_mk
0.0182645	0.0192474	0.0544395	377.764	0.10345	bt_strong_0.999	abc_mk
0.0191643	0.0144053	0.0543499	381.619	0.102653	bt_strong_0.999	abc_mk
0.0148346	0.00861726	0.0390139	353.158	0.0985172	bt_strong_0.999	abc_mk
0.0152932	0.0134723	0.0414752	372.681	0.0945069	bt_strong_0.999	abc_mk
0.0196807	0.0139502	0.0534745	375.766	0.0991531	bt_strong_0.999	abc_mk
0.0189525	0.0211066	0.0685433	367.498	0.102844	bt_strong_0.999	abc_mk
0.016945	0.012327	0.046424	364.276	0.0904236	bt_strong_0.999	abc_mk
0.0217227	0.0166086	0.059508	364.995	0.0999174	bt_strong_0.999	abc_mk
0.0176325	0.037365	0.0696969	360.469	0.102406	bt_strong_0.999	abc_mk
0.0168615	0.0398313	0.0601846	360.915	0.103657	bt_strong_0.999	abc_mk
0.015496	0.0170711	0.0520736	394.085	0.10879	bt_strong_0.999	abc_mk
0.0201124	0.0184333	0.0638775	375.323	0.0953898	bt_strong_0.999	abc_mk
0.02088	0.0132155	0.0548406	613.131	0.090352	bt_strong_0.999	abc_mk
0.0141913	0.00926678	0.0365854	601.699	0.0897459	bt_strong_0.999	abc_mk
0.0178284	0.0186999	0.0560092	394.347	0.105129	bt_strong_0.999	abc_mk
0.0173118	0.0140924	0.0558904	370.29	0.102044	bt_strong_0.999	abc_mk
0.0202726	0.0312224	0.0604772	373.147	0.101617	bt_strong_0.999	abc_mk
0.019961	0.0174334	0.0637859	366.754	0.0991396	bt_strong_0.999	abc_mk
0.021914	0.0343422	0.0728715	375.405	0.0924331	bt_strong_0.999	abc_mk
0.0186666	0.0198113	0.0550026	378.96	0.0949097	bt_strong_0.999	abc_mk
0.00882052	0.00576805	0.0250292	601.619	0.0883203	bt_strong_0.999	abc_mk
0.0133507	0.00950997	0.0384341	350.52	0.100399	bt_strong_0.999	abc_mk
0.0198696	0.0148997	0.0519361	376.834	0.097298	bt_strong_0.999	abc_mk
0.0170686	0.0110289	0.0481197	364.92	0.105869	bt_strong_0.999	abc_mk
0.0169907	0.0143199	0.0526677	357.627	0.106576	bt_strong_0.999	abc_mk
0.0191546	0.0177106	0.0593767	370.819	0.0973624	bt_strong_0.999	abc_mk
0.0176366	0.0200446	0.0689056	369.542	0.107368	bt_strong_0.999	abc_mk
0.0177718	0.0158428	0.0506553	389.01	0.104337	bt_strong_0.999	abc_mk
0.0211707	0.0157514	0.0674677	365.805	0.099454	bt_strong_0.999	abc_mk
0.0151578	0.0192269	0.0483301	391.334	0.106465	bt_strong_0.999	abc_mk
0.0196967	0.0175012	0.0610425	376.441	0.102463	bt_strong_0.999	abc_mk
0.017682	0.0305548	0.0618987	381.75	0.108849	bt_strong_0.999	abc_mk
0.0163815	0.0167526	0.051422	345.329	0.10524	bt_strong_0.999	abc_mk
0.0158859	0.0089963	0.0433105	391.84	0.0912191	bt_strong_0.999	abc_mk
0.016659	0.0132195	0.0502172	378.062	0.0960317	bt_strong_0.999	abc_mk
0.0165804	0.0115937	0.0435074	366.883	0.0904181	bt_strong_0.999	abc_mk
0.0396094	0.031066	0.0749592	381.709	0.107621	bt_strong_0.999	abc_mk
0.0176203	0.0140292	0.0491972	371.528	0.0930259	bt_strong_0.999	abc_mk
0.0192603	0.0164993	0.0627551	356.36	0.101355	bt_strong_0.999	abc_mk
0.0159354	0.0172302	0.0501969	372.045	0.104726	bt_strong_0.999	abc_mk
0.017554	0.0135681	0.0445313	373.058	0.0975531	bt_strong_0.999	abc_mk
0.0208887	0.0357355	0.067825	390.93	0.10373	bt_strong_0.999	abc_mk
0.0214052	0.0368288	0.0698228	372.536	0.103771	bt_strong_0.999	abc_mk
0.0183355	0.0105018	0.0473864	367.434	0.0986342	bt_strong_0.999	abc_mk
0.0204361	0.0360151	0.0762688	367.143	0.0986707	bt_strong_0.999	abc_mk
0.0167393	0.0175506	0.0514989	386.924	0.0984564	bt_strong_0.999	abc_mk
0.0192426	0.0347914	0.0609602	381.93	0.10038	bt_strong_0.999	abc_mk
0.0159876	0.0235111	0.0545734	370.918	0.113115	bt_strong_0.999	abc_mk
0.0220501	0.0214324	0.078359	387.285	0.101966	bt_strong_0.999	abc_mk
0.0176789	0.01386	0.0517888	374.711	0.0917407	bt_strong_0.999	abc_mk
0.0154704	0.016323	0.0490269	366.653	0.103142	bt_strong_0.999	abc_mk
0.016305	0.00758466	0.0352089	361.094	0.0914399	bt_strong_0.999	abc_mk
0.0167317	0.0533744	0.0783572	385.946	0.105246	bt_strong_0.999	abc_mk
0.0182631	0.020401	0.0648444	374.086	0.0981104	bt_strong_0.999	abc_mk
0.0181034	0.0229151	0.0613305	335.652	0.107688	bt_strong_0.999	abc_mk
0.0161306	0.0126329	0.048213	367.208	0.0956144	bt_strong_0.999	abc_mk
0.0184698	0.0329745	0.0627177	395.684	0.0957103	bt_strong_0.999	abc_mk
0.0214895	0.0253007	0.0643392	379.833	0.0924878	bt_strong_0.999	abc_mk
0.0133445	0.0117936	0.0352799	379.282	0.0929147	bt_strong_0.999	abc_mk
0.0151339	0.0132322	0.0434871	393.498	0.100515	bt_strong_0.999	abc_mk
0.0165495	0.0123169	0.051442	371.4	0.0917163	bt_strong_0.999	abc_mk
0.0143843	0.0247574	0.0499581	408.346	0.107093	bt_strong_0.999	abc_mk
0.0184377	0.0146903	0.0588017	387.32	0.0945426	bt_strong_0.999	abc_mk
0.0151394	0.0128938	0.0395396	358.385	0.0967049	bt_strong_0.999	abc_mk
0.020108	0.0178382	0.0580307	365.962	0.100094	bt_strong_0.999	abc_mk
0.018807	0.0141656	0.0557041	374.416	0.100529	bt_strong_0.999	abc_mk
0.0181723	0.0426471	0.0656199	406.012	0.108509	bt_strong_0.999	abc_mk
0.0222165	0.0214619	0.07592	387.704	0.106096	bt_strong_0.999	abc_mk
0.0150193	0.0319897	0.0577848	389.83	0.0982383	bt_strong_0.999	abc_mk
0.0224023	0.0191431	0.0628201	373.178	0.101287	bt_strong_0.999	abc_mk
0.0240925	0.0143015	0.0585078	631.543	0.0904955	bt_strong_0.999	abc_mk
0.0199618	0.0141401	0.0578826	375.038	0.105458	bt_strong_0.999	abc_mk
0.0184737	0.0125555	0.0517928	365.021	0.106402	bt_strong_0.999	abc_mk
0.0159121	0.0350038	0.0581451	375.912	0.11343	bt_strong_0.999	abc_mk
0.017718	0.0163762	0.0449547	388.763	0.100302	bt_strong_0.999	abc_mk
0.0166832	0.0394538	0.0645226	409.575	0.0975023	bt_strong_0.999	abc_mk
0.0435837	0.0233196	0.0797343	352.734	0.0990126	bt_strong_0.999	abc_mk
0.0147884	0.00747903	0.0421364	360.24	0.0874315	bt_strong_0.999	abc_mk
0.0188957	0.0209126	0.059052	380.354	0.100226	bt_strong_0.999	abc_mk
0.0189099	0.0129801	0.0524772	386.009	0.104989	bt_strong_0.999	abc_mk
0.0158737	0.0119859	0.0477974	394.975	0.096619	bt_strong_0.999	abc_mk
0.0170373	0.0404077	0.0675332	369.393	0.109733	bt_strong_0.999	abc_mk
0.0171268	0.0200443	0.0577456	389.564	0.105435	bt_strong_0.999	abc_mk
0.0183446	0.0171706	0.057924	375.919	0.0972566	bt_strong_0.999	abc_mk
0.014996	0.0130764	0.0449067	359.861	0.0991013	bt_strong_0.999	abc_mk
0.0199222	0.0531978	0.0854902	397.393	0.107829	bt_strong_0.999	abc_mk
0.014086	0.00761253	0.0339062	385.106	0.0983642	bt_strong_0.999	abc_mk
0.0397498	0.0622932	0.103528	376.516	0.166457	exp_moderate_0.4	abc_mk
0.0225471	0.0755994	0.104502	377.819	0.173186	exp_moderate_0.4	abc_mk
0.0337794	0.0545406	0.0934166	348.946	0.167425	exp_moderate_0.4	abc_mk
0.0446753	0.0501417	0.0983864	359.0	0.167174	exp_moderate_0.4	abc_mk
0.0371192	0.063104	0.110723	632.825	0.173512	exp_moderate_0.4	abc_mk
0.0207403	0.0544341	0.0865994	632.71	0.164925	exp_moderate_0.4	abc_mk
0.0338892	0.0517069	0.0910857	384.129	0.161319	exp_moderate_0.4	abc_mk
0.049792	0.054022	0.10575	396.242	0.164575	exp_moderate_0.4	abc_mk
0.0378273	0.0486147	0.0900357	386.231	0.157216	exp_moderate_0.4	abc_mk
0.0540659	0.0638218	0.123743	395.098	0.165833	exp_moderate_0.4	abc_mk
0.0411339	0.0634861	0.110347	373.613	0.168508	exp_moderate_0.4	abc_mk
0.0290313	0.085003	0.117858	371.287	0.176321	exp_moderate_0.4	abc_mk
0.0740247	0.021405	0.107603	394.952	0.147903	exp_moderate_0.4	abc_mk
0.062293	0.0639019	0.128074	626.85	0.16486	exp_moderate_0.4	abc_mk
0.0437034	0.0481344	0.0966492	646.752	0.152835	exp_moderate_0.4	abc_mk
0.032011	0.0738194	0.110223	634.827	0.173389	exp_moderate_0.4	abc_mk
0.0200109	0.0590286	0.0882005	372.712	0.165539	exp_moderate_0.4	abc_mk
0.0644307	0.0208778	0.0920227	633.012	0.140825	exp_moderate_0.4	abc_mk
0.0601957	0.0597695	0.120774	397.539	0.174588	exp_moderate_0.4	abc_mk
0.0266544	0.0920628	0.123921	375.356	0.176344	exp_moderate_0.4	abc_mk
0.0689246	0.0456752	0.118639	633.437	0.154189	exp_moderate_0.4	abc_mk
0.026387	0.0322704	0.0703559	625.972	0.152311	exp_moderate_0.4	abc_mk
0.0421347	0.0998584	0.15003	379.727	0.184968	exp_moderate_0.4	abc_mk
0.0330553	0.0749521	0.111283	370.518	0.17611	exp_moderate_0.4	abc_mk
0.0383685	0.0424697	0.0852297	386.711	0.156261	exp_moderate_0.4	abc_mk
0.033192	0.0523355	0.0925371	375.986	0.156654	exp_moderate_0.4	abc_mk
0.0608617	0.0654512	0.130318	389.372	0.173207	exp_moderate_0.4	abc_mk
0.0749034	0.0229957	0.107258	652.345	0.148545	exp_moderate_0.4	abc_mk
0.0617176	0.0446131	0.114462	629.481	0.155989	exp_moderate_0.4	abc_mk
0.0263597	0.0700948	0.102709	649.266	0.169016	exp_moderate_0.4	abc_mk
0.040348	0.0536885	0.099533	379.603	0.167898	exp_moderate_0.4	abc_mk
0.0276147	0.0553018	0.0898138	393.528	0.160678	exp_moderate_0.4	abc_mk
0.0464522	0.0630537	0.116435	395.171	0.171585	exp_moderate_0.4	abc_mk
0.0460209	0.0717013	0.115324	384.73	0.163126	exp_moderate_0.4	abc_mk
0.0634983	0.0747903	0.138781	387.827	0.179341	exp_moderate_0.4	abc_mk
0.0597914	0.0558093	0.119171	650.324	0.167469	exp_moderate_0.4	abc_mk
0.0560656	0.0771432	0.134549	392.955	0.182092	exp_moderate_0.4	abc_mk
0.0495178	0.0589496	0.114379	631.28	0.166573	exp_moderate_0.4	abc_mk
0.0575028	0.0510139	0.112541	397.309	0.148295	exp_moderate_0.4	abc_mk
0.061717	0.0415282	0.107599	391.646	0.158535	exp_moderate_0.4	abc_mk
0.0929108	0.0415118	0.140535	631.574	0.153175	exp_moderate_0.4	abc_mk
0.054815	0.0387817	0.0947185	391.135	0.152876	exp_moderate_0.4	abc_mk
0.0433195	0.0270349	0.0868019	630.165	0.149029	exp_moderate_0.4	abc_mk
0.03703	0.0718494	0.110838	638.184	0.169984	exp_moderate_0.4	abc_mk
0.0335403	0.0553351	0.0974489	387.402	0.166179	exp_moderate_0.4	abc_mk
0.0638092	0.0595461	0.126143	376.151	0.176955	exp_moderate_0.4	abc_mk
0.0554692	0.0531129	0.111347	672.838	0.165362	exp_moderate_0.4	abc_mk
0.0382379	0.0672007	0.112347	376.423	0.167461	exp_moderate_0.4	abc_mk
0.0497452	0.0429719	0.0920339	384.411	0.158916	exp_moderate_0.4	abc_mk
0.0441059	0.0459238	0.0909538	639.797	0.154077	exp_moderate_0.4	abc_mk
0.0432274	0.0586776	0.105485	386.072	0.170835	exp_moderate_0.4	abc_mk
0.0601638	0.0309265	0.100073	401.321	0.157789	exp_moderate_0.4	abc_mk
0.0545846	0.0469951	0.0988271	388.927	0.15405	exp_moderate_0.4	abc_mk
0.0439987	0.0495362	0.0953656	389.405	0.166282	exp_moderate_0.4	abc_mk
0.0303551	0.105941	0.142649	369.242	0.184652	exp_moderate_0.4	abc_mk
0.0235655	0.0821247	0.116362	649.87	0.179424	exp_moderate_0.4	abc_mk
0.0899256	0.0400144	0.131145	639.621	0.162205	exp_moderate_0.4	abc_mk
0.0308576	0.0828376	0.121842	624.778	0.177012	exp_moderate_0.4	abc_mk
0.0529023	0.0789927	0.133106	377.991	0.168948	exp_moderate_0.4	abc_mk
0.0266464	0.077789	0.108842	367.628	0.170944	exp_moderate_0.4	abc_mk
0.0416447	0.0696423	0.112844	642.834	0.166098	exp_moderate_0.4	abc_mk
0.0219166	0.0693905	0.0994687	372.704	0.173112	exp_moderate_0.4	abc_mk
0.0405291	0.0330088	0.0856311	631.612	0.162613	exp_moderate_0.4	abc_mk
0.025251	0.0635718	0.105644	630.25	0.172517	exp_moderate_0.4	abc_mk
0.0526252	0.0683605	0.122799	378.439	0.161949	exp_moderate_0.4	abc_mk
0.0397484	0.044136	0.0865629	366.819	0.156001	exp_moderate_0.4	abc_mk
0.032469	0.0561017	0.0890443	615.548	0.164913	exp_moderate_0.4	abc_mk
0.0304936	0.111304	0.149428	370.995	0.185664	exp_moderate_0.4	abc_mk
0.0382432	0.075894	0.117158	393.189	0.17632	exp_moderate_0.4	abc_mk
0.0492965	0.0562141	0.108831	640.292	0.167285	exp_moderate_0.4	abc_mk
0.0432954	0.0409371	0.0841873	385.56	0.150223	exp_moderate_0.4	abc_mk
0.0272772	0.0586451	0.0919038	357.779	0.164638	exp_moderate_0.4	abc_mk
0.0520088	0.0779272	0.13465	634.804	0.17841	exp_moderate_0.4	abc_mk
0.0632531	0.0358801	0.0973239	364.423	0.16244	exp_moderate_0.4	abc_mk
0.0363043	0.0580245	0.0981305	377.071	0.159853	exp_moderate_0.4	abc_mk
0.0352937	0.0474096	0.0868296	372.751	0.167214	exp_moderate_0.4	abc_mk
0.0212362	0.0688626	0.0999703	634.086	0.177484	exp_moderate_0.4	abc_mk
0.0257309	0.101765	0.132753	613.33	0.17866	exp_moderate_0.4	abc_mk
0.0253313	0.0792109	0.111972	361.402	0.174682	exp_moderate_0.4	abc_mk
0.0454101	0.0219682	0.0778336	609.925	0.153044	exp_moderate_0.4	abc_mk
0.0505579	0.0516763	0.107309	378.668	0.162922	exp_moderate_0.4	abc_mk
0.0362822	0.0916549	0.129975	381.652	0.170308	exp_moderate_0.4	abc_mk
0.0239151	0.044375	0.0826917	389.947	0.143497	exp_moderate_0.4	abc_mk
0.0232487	0.0427437	0.0758123	625.912	0.149531	exp_moderate_0.4	abc_mk
0.0453732	0.0457808	0.0947865	643.504	0.158627	exp_moderate_0.4	abc_mk
0.035332	0.0481354	0.0885843	369.455	0.157194	exp_moderate_0.4	abc_mk
0.0421635	0.0786596	0.128395	631.774	0.164098	exp_moderate_0.4	abc_mk
0.0225625	0.0496768	0.083554	634.341	0.160237	exp_moderate_0.4	abc_mk
0.0626882	0.0532495	0.118453	627.723	0.164866	exp_moderate_0.4	abc_mk
0.0464088	0.0394858	0.0893794	628.472	0.153471	exp_moderate_0.4	abc_mk
0.0261762	0.0406921	0.0812773	617.03	0.158503	exp_moderate_0.4	abc_mk
0.0397554	0.0768769	0.118763	376.812	0.166283	exp_moderate_0.4	abc_mk
0.0506961	0.0548736	0.114632	392.715	0.164175	exp_moderate_0.4	abc_mk
0.0631983	0.0542425	0.121701	641.305	0.167276	exp_moderate_0.4	abc_mk
0.0689448	0.0548869	0.125053	397.937	0.170002	exp_moderate_0.4	abc_mk
0.0486953	0.0418376	0.101958	632.833	0.153444	exp_moderate_0.4	abc_mk
0.0369559	0.0678425	0.110724	368.629	0.165407	exp_moderate_0.4	abc_mk
0.035776	0.0590766	0.102652	630.42	0.171837	exp_moderate_0.4	abc_mk
0.04363	0.0520715	0.100484	367.317	0.164527	exp_moderate_0.4	abc_mk
0.0371313	0.0887512	0.125135	366.723	0.184588	exp_moderate_0.4	abc_mk
0.027073	0.0740589	0.106256	384.203	0.169266	exp_moderate_0.4	abc_mk
0.129659	0.103324	0.229497	638.618	0.167492	exp_moderate_0.999	abc_mk
0.155294	0.0796506	0.233798	635.412	0.170156	exp_moderate_0.999	abc_mk
0.120096	0.0989363	0.21118	628.479	0.154236	exp_moderate_0.999	abc_mk
0.163845	0.072025	0.226397	632.728	0.16345	exp_moderate_0.999	abc_mk
0.148904	0.117297	0.259918	641.063	0.171844	exp_moderate_0.999	abc_mk
0.0911359	0.134031	0.217538	654.393	0.163035	exp_moderate_0.999	abc_mk
0.0579062	0.146784	0.216392	656.591	0.157952	exp_moderate_0.999	abc_mk
0.13476	0.113702	0.235883	642.46	0.169639	exp_moderate_0.999	abc_mk
0.112078	0.0979486	0.215252	645.886	0.158194	exp_moderate_0.999	abc_mk
0.128822	0.121732	0.228786	636.927	0.165551	exp_moderate_0.999	abc_mk
0.140001	0.117097	0.240762	639.251	0.172041	exp_moderate_0.999	abc_mk
0.15646	0.0947032	0.236583	642.837	0.167979	exp_moderate_0.999	abc_mk
0.141938	0.0803763	0.219356	628.109	0.164329	exp_moderate_0.999	abc_mk
0.124701	0.0865918	0.227584	638.003	0.166807	exp_moderate_0.999	abc_mk
0.144821	0.106973	0.234931	634.874	0.168061	exp_moderate_0.999	abc_mk
0.0866182	0.121982	0.204291	630.533	0.157826	exp_moderate_0.999	abc_mk
0.11298	0.0974554	0.203464	630.928	0.155498	exp_moderate_0.999	abc_mk
0.0997822	0.126143	0.215932	635.732	0.161748	exp_moderate_0.999	abc_mk
0.174863	0.0667296	0.236485	632.511	0.159783	exp_moderate_0.999	abc_mk
0.0784406	0.129869	0.201401	635.188	0.158004	exp_moderate_0.999	abc_mk
0.193882	0.0812035	0.262572	635.393	0.179231	exp_moderate_0.999	abc_mk
0.177397	0.0806138	0.249744	636.99	0.17892	exp_moderate_0.999	abc_mk
0.128223	0.110221	0.244188	649.712	0.166741	exp_moderate_0.999	abc_mk
0.116653	0.110109	0.231983	658.909	0.165898	exp_moderate_0.999	abc_mk
0.136256	0.115645	0.246507	634.673	0.172715	exp_moderate_0.999	abc_mk
0.127148	0.0959979	0.226202	648.45	0.172035	exp_moderate_0.999	abc_mk
0.141243	0.106744	0.244507	641.311	0.175133	exp_moderate_0.999	abc_mk
0.157764	0.079104	0.238965	624.879	0.169472	exp_moderate_0.999	abc_mk
0.124284	0.12479	0.239139	645.348	0.169143	exp_moderate_0.999	abc_mk
0.091342	0.122616	0.209195	637.521	0.155257	exp_moderate_0.999	abc_mk
0.0906082	0.134187	0.219034	641.124	0.166478	exp_moderate_0.999	abc_mk
0.141779	0.114454	0.245042	646.96	0.170017	exp_moderate_0.999	abc_mk
0.131023	0.124926	0.241169	637.026	0.171613	exp_moderate_0.999	abc_mk
0.192351	0.0727684	0.255485	643.393	0.176212	exp_moderate_0.999	abc_mk
0.154289	0.0936787	0.243825	642.311	0.169337	exp_moderate_0.999	abc_mk
0.113888	0.107524	0.213154	638.839	0.159825	exp_moderate_0.999	abc_mk
0.12408	0.0924017	0.21546	638.517	0.163374	exp_moderate_0.999	abc_mk
0.197522	0.0720078	0.263669	635.034	0.178742	exp_moderate_0.999	abc_mk
0.136395	0.0996088	0.228471	645.539	0.162994	exp_moderate_0.999	abc_mk
0.123472	0.121594	0.234185	631.159	0.170498	exp_moderate_0.999	abc_mk
0.0431037	0.136677	0.186176	624.518	0.153208	exp_moderate_0.999	abc_mk
0.149766	0.0936557	0.238402	637.526	0.169638	exp_moderate_0.999	abc_mk
0.10234	0.131921	0.221065	636.684	0.164843	exp_moderate_0.999	abc_mk
0.154142	0.082246	0.227199	631.888	0.159989	exp_moderate_0.999	abc_mk
0.142527	0.118831	0.245941	634.794	0.179829	exp_moderate_0.999	abc_mk
0.143061	0.092692	0.223543	643.758	0.16791	exp_moderate_0.999	abc_mk
0.162993	0.0785062	0.238045	631.458	0.165501	exp_moderate_0.999	abc_mk
0.11792	0.135038	0.242351	637.011	0.172618	exp_moderate_0.999	abc_mk
0.119876	0.0963576	0.207066	633.539	0.162834	exp_moderate_0.999	abc_mk
0.12486	0.110886	0.231086	637.657	0.164118	exp_moderate_0.999	abc_mk
0.145605	0.0959211	0.236422	638.51	0.176414	exp_moderate_0.999	abc_mk
0.162054	0.0805756	0.233117	633.311	0.169331	exp_moderate_0.999	abc_mk
0.151468	0.0921541	0.242423	649.199	0.175408	exp_moderate_0.999	abc_mk
0.169437	0.0971903	0.250397	670.925	0.180135	exp_moderate_0.999	abc_mk
0.149305	0.0798134	0.224168	639.491	0.165299	exp_moderate_0.999	abc_mk
0.135053	0.0984679	0.218941	635.888	0.167171	exp_moderate_0.999	abc_mk
0.107392	0.145702	0.247382	630.612	0.174388	exp_moderate_0.999	abc_mk
0.0984543	0.130053	0.216788	635.121	0.165907	exp_moderate_0.999	abc_mk
0.11563	0.111017	0.224516	644.236	0.159755	exp_moderate_0.999	abc_mk
0.151893	0.0894601	0.227621	629.547	0.16754	exp_moderate_0.999	abc_mk
0.128558	0.0955673	0.230921	649.45	0.171717	exp_moderate_0.999	abc_mk
0.164591	0.0830522	0.245471	637.964	0.169405	exp_moderate_0.999	abc_mk
0.161691	0.0778473	0.237579	641.241	0.172883	exp_moderate_0.999	abc_mk
0.109795	0.109686	0.211425	644.125	0.160183	exp_moderate_0.999	abc_mk
0.10339	0.125444	0.226356	635.236	0.167923	exp_moderate_0.999	abc_mk
0.112496	0.103051	0.199535	663.827	0.154027	exp_moderate_0.999	abc_mk
0.144203	0.10276	0.24987	639.671	0.17883	exp_moderate_0.999	abc_mk
0.0805984	0.11559	0.196456	635.177	0.15275	exp_moderate_0.999	abc_mk
0.119463	0.145419	0.256741	653.89	0.181587	exp_moderate_0.999	abc_mk
0.0752362	0.129067	0.19832	643.841	0.158135	exp_moderate_0.999	abc_mk
0.102519	0.132087	0.224607	645.428	0.162537	exp_moderate_0.999	abc_mk
0.156317	0.095372	0.242586	633.638	0.163575	exp_moderate_0.999	abc_mk
0.0902208	0.153017	0.227156	638.127	0.166578	exp_moderate_0.999	abc_mk
0.142852	0.0833198	0.210657	624.477	0.155027	exp_moderate_0.999	abc_mk
0.104461	0.107598	0.20766	632.826	0.157426	exp_moderate_0.999	abc_mk
0.0572476	0.144108	0.20276	639.55	0.153522	exp_moderate_0.999	abc_mk
0.0433776	0.159294	0.209194	648.165	0.159788	exp_moderate_0.999	abc_mk
0.133465	0.0807555	0.20567	633.165	0.159244	exp_moderate_0.999	abc_mk
0.0993591	0.101241	0.204381	632.789	0.159978	exp_moderate_0.999	abc_mk
0.122395	0.101302	0.222946	636.964	0.167958	exp_moderate_0.999	abc_mk
0.102146	0.123845	0.231386	629.277	0.169031	exp_moderate_0.999	abc_mk
0.11194	0.111759	0.210419	648.284	0.163724	exp_moderate_0.999	abc_mk
0.121395	0.113147	0.215734	623.232	0.159674	exp_moderate_0.999	abc_mk
0.101018	0.118017	0.213714	640.251	0.163609	exp_moderate_0.999	abc_mk
0.12162	0.111641	0.22391	631.493	0.15977	exp_moderate_0.999	abc_mk
0.125549	0.0848619	0.209502	629.255	0.158587	exp_moderate_0.999	abc_mk
0.16731	0.107729	0.267276	645.758	0.182107	exp_moderate_0.999	abc_mk
0.123199	0.122614	0.232572	635.286	0.174964	exp_moderate_0.999	abc_mk
0.142584	0.100352	0.233584	650.205	0.161718	exp_moderate_0.999	abc_mk
0.142166	0.0818679	0.219432	630.145	0.163029	exp_moderate_0.999	abc_mk
0.056447	0.142449	0.206458	653.954	0.160036	exp_moderate_0.999	abc_mk
0.116854	0.114936	0.223934	634.212	0.16316	exp_moderate_0.999	abc_mk
0.15291	0.0977997	0.244656	644.561	0.174156	exp_moderate_0.999	abc_mk
0.133372	0.111535	0.234491	635.328	0.164294	exp_moderate_0.999	abc_mk
0.145675	0.101861	0.237418	628.277	0.169568	exp_moderate_0.999	abc_mk
0.169807	0.0707748	0.239205	637.977	0.167791	exp_moderate_0.999	abc_mk
0.141453	0.103252	0.241064	659.658	0.179895	exp_moderate_0.999	abc_mk
0.120431	0.107363	0.22164	643.201	0.163772	exp_moderate_0.999	abc_mk
0.119391	0.126267	0.231625	634.648	0.170131	exp_moderate_0.999	abc_mk
0.105823	0.130146	0.236799	642.409	0.162238	exp_moderate_0.999	abc_mk
0.181186	0.0716692	0.251632	637.182	0.178566	exp_moderate_0.999	abc_mk
0.0203142	0.0219159	0.0601745	376.668	0.136202	exp_strong_0.4	abc_mk
0.0220373	0.0206275	0.0604898	368.88	0.137134	exp_strong_0.4	abc_mk
0.0195534	0.0341434	0.0642171	371.192	0.145611	exp_strong_0.4	abc_mk
0.0232903	0.0149893	0.0596439	373.923	0.135813	exp_strong_0.4	abc_mk
0.0325824	0.0270702	0.0715988	375.629	0.129716	exp_strong_0.4	abc_mk
0.0159638	0.011605	0.0405703	364.994	0.132123	exp_strong_0.4	abc_mk
0.0373279	0.0168752	0.0623557	387.016	0.130982	exp_strong_0.4	abc_mk
0.0199093	0.0368652	0.0691645	604.71	0.145007	exp_strong_0.4	abc_mk
0.0213349	0.0285203	0.0594342	367.006	0.135436	exp_strong_0.4	abc_mk
0.0203533	0.0313065	0.0639755	354.453	0.144823	exp_strong_0.4	abc_mk
0.0299468	0.0194209	0.0684862	590.122	0.131977	exp_strong_0.4	abc_mk
0.0228463	0.0396101	0.0721701	607.127	0.141944	exp_strong_0.4	abc_mk
0.019536	0.0596703	0.0908259	321.668	0.152114	exp_strong_0.4	abc_mk
0.0283946	0.0317092	0.0771028	390.735	0.144495	exp_strong_0.4	abc_mk
0.0261447	0.0284365	0.0749809	371.92	0.138736	exp_strong_0.4	abc_mk
0.0208665	0.0344027	0.0689576	378.877	0.139906	exp_strong_0.4	abc_mk
0.0169593	0.0331886	0.0665026	368.548	0.145095	exp_strong_0.4	abc_mk
0.0175788	0.0133262	0.0485029	373.368	0.135174	exp_strong_0.4	abc_mk
0.0331258	0.0235676	0.0727673	395.878	0.131821	exp_strong_0.4	abc_mk
0.0222938	0.0184419	0.0557326	361.757	0.131465	exp_strong_0.4	abc_mk
0.0202206	0.010844	0.0474749	375.268	0.132327	exp_strong_0.4	abc_mk
0.0201711	0.0285334	0.0610711	370.398	0.145132	exp_strong_0.4	abc_mk
0.024305	0.0149768	0.0644896	381.368	0.137564	exp_strong_0.4	abc_mk
0.0178613	0.013684	0.0513724	379.005	0.121314	exp_strong_0.4	abc_mk
0.0223406	0.0276815	0.0685638	371.116	0.134562	exp_strong_0.4	abc_mk
0.03852	0.0239829	0.0738693	606.911	0.125495	exp_strong_0.4	abc_mk
0.0207122	0.0421985	0.0749786	372.239	0.144786	exp_strong_0.4	abc_mk
0.0240568	0.0177571	0.0575708	383.869	0.136208	exp_strong_0.4	abc_mk
0.0198058	0.0510861	0.0814765	317.96	0.148041	exp_strong_0.4	abc_mk
0.0181344	0.0446054	0.0686503	364.057	0.150089	exp_strong_0.4	abc_mk
0.0167488	0.015062	0.0443913	396.981	0.133951	exp_strong_0.4	abc_mk
0.0180557	0.034298	0.0588137	367.307	0.136962	exp_strong_0.4	abc_mk
0.0458457	0.0251924	0.0851142	384.046	0.135721	exp_strong_0.4	abc_mk
0.0246982	0.0130403	0.0569557	614.266	0.138549	exp_strong_0.4	abc_mk
0.0188429	0.0422326	0.065358	368.295	0.136564	exp_strong_0.4	abc_mk
0.0426638	0.0265298	0.0810161	389.071	0.132229	exp_strong_0.4	abc_mk
0.0217462	0.0148667	0.0504924	617.86	0.126465	exp_strong_0.4	abc_mk
0.0167843	0.0202592	0.0519181	359.691	0.135996	exp_strong_0.4	abc_mk
0.0260495	0.0337488	0.0756778	618.1	0.140608	exp_strong_0.4	abc_mk
0.0172885	0.0267518	0.050169	386.528	0.126393	exp_strong_0.4	abc_mk
0.024668	0.0164694	0.0579219	373.748	0.136529	exp_strong_0.4	abc_mk
0.0172367	0.0241032	0.050104	584.475	0.137669	exp_strong_0.4	abc_mk
0.0177727	0.0464676	0.0721093	355.724	0.145406	exp_strong_0.4	abc_mk
0.0155991	0.034052	0.0623271	350.927	0.139092	exp_strong_0.4	abc_mk
0.0207316	0.0223063	0.0604324	365.194	0.131896	exp_strong_0.4	abc_mk
0.0296776	0.0149277	0.0706851	607.172	0.134729	exp_strong_0.4	abc_mk
0.0219758	0.020619	0.0593899	388.411	0.134843	exp_strong_0.4	abc_mk
0.0246002	0.0391236	0.081337	384.992	0.138166	exp_strong_0.4	abc_mk
0.0468467	0.022307	0.0810663	395.72	0.129129	exp_strong_0.4	abc_mk
0.0183646	0.0251809	0.0532445	361.588	0.142212	exp_strong_0.4	abc_mk
0.0438979	0.0174134	0.0684947	393.512	0.121994	exp_strong_0.4	abc_mk
0.0207951	0.0356042	0.0707975	379.386	0.145562	exp_strong_0.4	abc_mk
0.020499	0.0113285	0.0473993	406.259	0.134137	exp_strong_0.4	abc_mk
0.0190418	0.0436347	0.0731312	363.229	0.150669	exp_strong_0.4	abc_mk
0.0227932	0.0443642	0.0783383	362.94	0.145147	exp_strong_0.4	abc_mk
0.0468827	0.0189802	0.0741037	380.275	0.128944	exp_strong_0.4	abc_mk
0.0210025	0.012741	0.0525398	384.426	0.131678	exp_strong_0.4	abc_mk
0.0191612	0.0208595	0.0540797	371.79	0.133689	exp_strong_0.4	abc_mk
0.0182992	0.0355713	0.0661904	357.521	0.1414	exp_strong_0.4	abc_mk
0.0192455	0.0301641	0.0591914	614.666	0.141366	exp_strong_0.4	abc_mk
0.0267822	0.0245495	0.0671001	399.905	0.135542	exp_strong_0.4	abc_mk
0.0206724	0.0269537	0.0582125	608.311	0.133113	exp_strong_0.4	abc_mk
0.0246805	0.0266401	0.0644735	364.195	0.143181	exp_strong_0.4	abc_mk
0.0216142	0.05082	0.082337	359.002	0.151094	exp_strong_0.4	abc_mk
0.0163855	0.0347196	0.0585622	347.457	0.148232	exp_strong_0.4	abc_mk
0.0196762	0.0247078	0.0560461	371.892	0.137881	exp_strong_0.4	abc_mk
0.0198056	0.0380154	0.064545	373.527	0.132658	exp_strong_0.4	abc_mk
0.0255444	0.0213674	0.0684822	629.385	0.131776	exp_strong_0.4	abc_mk
0.0186662	0.0505378	0.0776924	619.633	0.143379	exp_strong_0.4	abc_mk
0.0213587	0.0187552	0.0585662	603.169	0.135068	exp_strong_0.4	abc_mk
0.0184487	0.0314379	0.0585308	378.619	0.133596	exp_strong_0.4	abc_mk
0.01837	0.0250475	0.054171	375.449	0.134702	exp_strong_0.4	abc_mk
0.025194	0.0179511	0.0639224	372.14	0.131923	exp_strong_0.4	abc_mk
0.0169027	0.0364596	0.0609446	618.666	0.14517	exp_strong_0.4	abc_mk
0.0141751	0.0391843	0.0610442	323.004	0.157196	exp_strong_0.4	abc_mk
0.0165985	0.0268326	0.053962	622.786	0.143643	exp_strong_0.4	abc_mk
0.0171857	0.0207725	0.0511166	614.704	0.140001	exp_strong_0.4	abc_mk
0.0216209	0.0115534	0.0574496	394.791	0.132323	exp_strong_0.4	abc_mk
0.0181187	0.0299229	0.061819	346.778	0.143009	exp_strong_0.4	abc_mk
0.0136567	0.0212289	0.0468701	348.128	0.14366	exp_strong_0.4	abc_mk
0.0225631	0.0360073	0.0696247	389.271	0.134875	exp_strong_0.4	abc_mk
0.0202853	0.0327293	0.0662247	380.597	0.134628	exp_strong_0.4	abc_mk
0.0587287	0.0108686	0.07926	417.786	0.132147	exp_strong_0.4	abc_mk
0.0210139	0.0244294	0.0579914	386.689	0.139943	exp_strong_0.4	abc_mk
0.0259088	0.0181122	0.0593685	382.362	0.137564	exp_strong_0.4	abc_mk
0.0178995	0.0129148	0.0443324	385.557	0.13402	exp_strong_0.4	abc_mk
0.0180852	0.0284313	0.05502	356.334	0.135764	exp_strong_0.4	abc_mk
0.0204591	0.0286431	0.0622332	594.726	0.136116	exp_strong_0.4	abc_mk
0.0170865	0.0288033	0.0629545	350.38	0.147993	exp_strong_0.4	abc_mk
0.0160431	0.0241304	0.0508179	368.14	0.137863	exp_strong_0.4	abc_mk
0.017577	0.0101788	0.0433337	377.307	0.132343	exp_strong_0.4	abc_mk
0.0169399	0.0210418	0.0482913	366.585	0.132448	exp_strong_0.4	abc_mk
0.0214353	0.0116235	0.0576606	388.973	0.13326	exp_strong_0.4	abc_mk
0.0207655	0.0201398	0.0587627	372.066	0.134521	exp_strong_0.4	abc_mk
0.0184136	0.0259962	0.0591313	364.176	0.142028	exp_strong_0.4	abc_mk
0.0175075	0.0454786	0.070479	352.102	0.153332	exp_strong_0.4	abc_mk
0.0136695	0.0339967	0.0549991	322.011	0.140511	exp_strong_0.4	abc_mk
0.0168342	0.04409	0.0699832	344.345	0.148561	exp_strong_0.4	abc_mk
0.0206224	0.0278761	0.065266	371.925	0.134933	exp_strong_0.4	abc_mk
0.016929	0.0457918	0.0727892	384.129	0.143809	exp_strong_0.4	abc_mk
0.0158868	0.0135746	0.0448651	368.126	0.146038	exp_strong_0.4	abc_mk
0.0527833	0.120507	0.183414	622.124	0.143965	exp_strong_0.999	abc_mk
0.0492703	0.122977	0.181288	376.341	0.143822	exp_strong_0.999	abc_mk
0.0552313	0.135521	0.195389	373.943	0.148153	exp_strong_0.999	abc_mk
0.0966928	0.11637	0.212409	365.283	0.158378	exp_strong_0.999	abc_mk
0.0760589	0.113313	0.176459	383.331	0.145376	exp_strong_0.999	abc_mk
0.0541885	0.121359	0.186644	386.524	0.142332	exp_strong_0.999	abc_mk
0.0513148	0.114536	0.172823	377.639	0.134872	exp_strong_0.999	abc_mk
0.0854874	0.120719	0.208657	375.777	0.156723	exp_strong_0.999	abc_mk
0.0609715	0.110663	0.182118	390.677	0.138042	exp_strong_0.999	abc_mk
0.0451983	0.132516	0.180176	377.644	0.139346	exp_strong_0.999	abc_mk
0.0554115	0.13012	0.18906	338.723	0.144587	exp_strong_0.999	abc_mk
0.0754998	0.122323	0.191783	387.947	0.139736	exp_strong_0.999	abc_mk
0.126935	0.078029	0.211793	363.496	0.149511	exp_strong_0.999	abc_mk
0.02118	0.137266	0.174031	387.522	0.145937	exp_strong_0.999	abc_mk
0.0452921	0.11857	0.16802	377.768	0.134222	exp_strong_0.999	abc_mk
0.166124	0.0659692	0.218792	379.798	0.151225	exp_strong_0.999	abc_mk
0.0344567	0.156124	0.193109	404.307	0.148431	exp_strong_0.999	abc_mk
0.0844967	0.101813	0.186492	382.797	0.139383	exp_strong_0.999	abc_mk
0.0332462	0.150247	0.187178	331.244	0.152223	exp_strong_0.999	abc_mk
0.0458078	0.131433	0.189389	384.145	0.141781	exp_strong_0.999	abc_mk
0.091954	0.0960844	0.170201	365.247	0.138417	exp_strong_0.999	abc_mk
0.120465	0.0940043	0.198916	381.452	0.152529	exp_strong_0.999	abc_mk
0.0677431	0.113326	0.184259	355.91	0.135914	exp_strong_0.999	abc_mk
0.059811	0.142261	0.202728	376.343	0.146813	exp_strong_0.999	abc_mk
0.0885077	0.117881	0.197835	378.99	0.144679	exp_strong_0.999	abc_mk
0.0819394	0.118146	0.191446	386.327	0.14181	exp_strong_0.999	abc_mk
0.0911012	0.110774	0.189908	378.494	0.149408	exp_strong_0.999	abc_mk
0.0994762	0.0966762	0.183604	378.163	0.135047	exp_strong_0.999	abc_mk
0.0867994	0.110238	0.18247	373.605	0.140373	exp_strong_0.999	abc_mk
0.0915848	0.106375	0.196484	379.751	0.149426	exp_strong_0.999	abc_mk
0.113385	0.0962792	0.195066	382.835	0.15034	exp_strong_0.999	abc_mk
0.0855094	0.113195	0.186577	386.691	0.139828	exp_strong_0.999	abc_mk
0.0384533	0.125611	0.172006	391.902	0.142578	exp_strong_0.999	abc_mk
0.0207156	0.145566	0.175576	613.437	0.138974	exp_strong_0.999	abc_mk
0.0510086	0.134821	0.189455	378.711	0.146794	exp_strong_0.999	abc_mk
0.0398598	0.116038	0.162764	374.375	0.136725	exp_strong_0.999	abc_mk
0.0901542	0.103981	0.179282	375.593	0.145474	exp_strong_0.999	abc_mk
0.0508101	0.110915	0.170207	371.3	0.145602	exp_strong_0.999	abc_mk
0.0349527	0.135395	0.17526	369.437	0.139258	exp_strong_0.999	abc_mk
0.119897	0.0790893	0.192821	380.978	0.146211	exp_strong_0.999	abc_mk
0.0301191	0.163353	0.19669	622.418	0.145332	exp_strong_0.999	abc_mk
0.025688	0.131408	0.17035	377.831	0.139205	exp_strong_0.999	abc_mk
0.0677954	0.121914	0.192045	385.539	0.143939	exp_strong_0.999	abc_mk
0.0607096	0.14592	0.211206	394.201	0.160638	exp_strong_0.999	abc_mk
0.0460868	0.141655	0.192739	386.893	0.144162	exp_strong_0.999	abc_mk
0.149828	0.0418614	0.195158	367.618	0.144571	exp_strong_0.999	abc_mk
0.0616615	0.122452	0.186725	631.382	0.147963	exp_strong_0.999	abc_mk
0.0913752	0.0989061	0.179728	369.317	0.140247	exp_strong_0.999	abc_mk
0.105612	0.0938783	0.187662	383.08	0.150357	exp_strong_0.999	abc_mk
0.0411855	0.129434	0.175575	623.343	0.141028	exp_strong_0.999	abc_mk
0.0832772	0.112679	0.18938	375.016	0.136705	exp_strong_0.999	abc_mk
0.0819267	0.0960297	0.170728	369.807	0.135714	exp_strong_0.999	abc_mk
0.0708377	0.134655	0.197844	367.676	0.153957	exp_strong_0.999	abc_mk
0.037341	0.125769	0.161956	381.651	0.134815	exp_strong_0.999	abc_mk
0.105699	0.122338	0.207534	382.882	0.151261	exp_strong_0.999	abc_mk
0.0483786	0.112103	0.171305	372.169	0.138684	exp_strong_0.999	abc_mk
0.0342062	0.125008	0.16247	360.947	0.140481	exp_strong_0.999	abc_mk
0.0472466	0.121126	0.182518	381.531	0.140595	exp_strong_0.999	abc_mk
0.0392651	0.128194	0.174242	376.607	0.137121	exp_strong_0.999	abc_mk
0.0456955	0.136251	0.185287	393.141	0.147486	exp_strong_0.999	abc_mk
0.0457639	0.121765	0.168114	383.774	0.137545	exp_strong_0.999	abc_mk
0.053693	0.129261	0.18836	375.221	0.143263	exp_strong_0.999	abc_mk
0.039559	0.132962	0.182705	628.088	0.149778	exp_strong_0.999	abc_mk
0.0350093	0.140306	0.179045	369.484	0.143469	exp_strong_0.999	abc_mk
0.0282232	0.146383	0.177952	380.727	0.151284	exp_strong_0.999	abc_mk
0.0388001	0.152924	0.196966	623.824	0.148966	exp_strong_0.999	abc_mk
0.0351848	0.158077	0.192818	629.997	0.150209	exp_strong_0.999	abc_mk
0.0269002	0.128326	0.169132	368.285	0.143467	exp_strong_0.999	abc_mk
0.0452616	0.141795	0.197327	368.527	0.147806	exp_strong_0.999	abc_mk
0.124173	0.0892201	0.20418	388.87	0.144635	exp_strong_0.999	abc_mk
0.0845865	0.123822	0.196075	377.193	0.144438	exp_strong_0.999	abc_mk
0.0562828	0.132099	0.18038	376.943	0.134091	exp_strong_0.999	abc_mk
0.095289	0.103775	0.194269	383.855	0.143588	exp_strong_0.999	abc_mk
0.0331807	0.151099	0.18984	634.97	0.147537	exp_strong_0.999	abc_mk
0.0862381	0.100558	0.18608	361.6	0.145137	exp_strong_0.999	abc_mk
0.0867581	0.106577	0.187261	380.072	0.147957	exp_strong_0.999	abc_mk
0.11276	0.0929903	0.206819	386.473	0.147237	exp_strong_0.999	abc_mk
0.0394575	0.10417	0.153827	361.479	0.132346	exp_strong_0.999	abc_mk
0.0293576	0.133546	0.170371	353.881	0.137344	exp_strong_0.999	abc_mk
0.0435526	0.122061	0.175306	345.672	0.137183	exp_strong_0.999	abc_mk
0.0515214	0.118095	0.165219	368.434	0.147855	exp_strong_0.999	abc_mk
0.08883	0.0975785	0.185144	375.198	0.14064	exp_strong_0.999	abc_mk
0.0866172	0.104122	0.186409	380.943	0.139329	exp_strong_0.999	abc_mk
0.0486995	0.123152	0.181415	372.689	0.146165	exp_strong_0.999	abc_mk
0.0497237	0.126468	0.171033	379.041	0.135156	exp_strong_0.999	abc_mk
0.0249843	0.108609	0.150349	386.603	0.135574	exp_strong_0.999	abc_mk
0.0760456	0.139981	0.203071	368.527	0.15471	exp_strong_0.999	abc_mk
0.0734812	0.122663	0.186322	371.637	0.146357	exp_strong_0.999	abc_mk
0.0563249	0.142438	0.202355	633.897	0.156976	exp_strong_0.999	abc_mk
0.0341394	0.131072	0.177874	377.45	0.144963	exp_strong_0.999	abc_mk
0.0602975	0.118879	0.176188	354.131	0.144287	exp_strong_0.999	abc_mk
0.0331052	0.123316	0.163831	380.333	0.139513	exp_strong_0.999	abc_mk
0.0883588	0.128066	0.195771	372.741	0.153901	exp_strong_0.999	abc_mk
0.0418422	0.125031	0.173356	375.738	0.145041	exp_strong_0.999	abc_mk
0.0416032	0.14434	0.192976	381.316	0.152871	exp_strong_0.999	abc_mk
0.100982	0.122952	0.202722	381.435	0.146431	exp_strong_0.999	abc_mk
0.0419495	0.117183	0.16734	377.812	0.130653	exp_strong_0.999	abc_mk
0.0498451	0.13928	0.1979	377.747	0.155777	exp_strong_0.999	abc_mk
0.0171425	0.145263	0.174524	356.483	0.152814	exp_strong_0.999	abc_mk
0.104867	0.121317	0.211475	383.616	0.154727	exp_strong_0.999	abc_mk
0.0995959	0.10176	0.183162	381.161	0.140691	exp_strong_0.999	abc_mk
