method	w	b	analysis	aw	as	a
ABC	0.1	0.999	twoepochs_eq	0.0920891	0.136269	0.229954
ABC	0.1	0.999	twoepochs_eq	0.116223	0.133235	0.235795
ABC	0.1	0.999	twoepochs_eq	0.209714	0.102499	0.277792
ABC	0.1	0.999	twoepochs_eq	0.107139	0.142062	0.248648
ABC	0.1	0.999	twoepochs_eq	0.0846823	0.132196	0.214185
ABC	0.1	0.999	twoepochs_eq	0.119609	0.139597	0.242502
ABC	0.1	0.999	twoepochs_eq	0.11696	0.14136	0.235676
ABC	0.1	0.999	twoepochs_eq	0.0679995	0.15817	0.220708
ABC	0.1	0.999	twoepochs_eq	0.0790216	0.144838	0.213518
ABC	0.1	0.999	twoepochs_eq	0.0586466	0.151892	0.202152
ABC	0.1	0.999	twoepochs_eq	0.0819803	0.157951	0.232282
ABC	0.1	0.999	twoepochs_eq	0.143881	0.111028	0.253731
ABC	0.1	0.999	twoepochs_eq	0.0707215	0.139703	0.206174
ABC	0.1	0.999	twoepochs_eq	0.146053	0.129216	0.263636
ABC	0.1	0.999	twoepochs_eq	0.110071	0.144136	0.24787
ABC	0.1	0.999	twoepochs_eq	0.0857019	0.154226	0.226589
ABC	0.1	0.999	twoepochs_eq	0.0796232	0.138091	0.215255
ABC	0.1	0.999	twoepochs_eq	0.0950873	0.145037	0.23492
ABC	0.1	0.999	twoepochs_eq	0.130948	0.122557	0.246205
ABC	0.1	0.999	twoepochs_eq	0.0773958	0.168794	0.230765
ABC	0.1	0.999	twoepochs_eq	0.121373	0.117014	0.235608
ABC	0.1	0.999	twoepochs_eq	0.0690595	0.15207	0.223299
ABC	0.1	0.999	twoepochs_eq	0.089667	0.162924	0.23511
ABC	0.1	0.999	twoepochs_eq	0.094765	0.13648	0.211502
ABC	0.1	0.999	twoepochs_eq	0.0236411	0.176218	0.198345
ABC	0.1	0.999	twoepochs_eq	0.109348	0.139552	0.245545
ABC	0.1	0.999	twoepochs_eq	0.11072	0.141118	0.233436
ABC	0.1	0.999	twoepochs_eq	0.0965595	0.132092	0.223974
ABC	0.1	0.999	twoepochs_eq	0.106563	0.136931	0.23317
ABC	0.1	0.999	twoepochs_eq	0.0567664	0.15618	0.220018
ABC	0.1	0.999	twoepochs_eq	0.0743805	0.14621	0.22111
ABC	0.1	0.999	twoepochs_eq	0.144296	0.130881	0.265608
ABC	0.1	0.999	twoepochs_eq	0.120093	0.140433	0.256386
ABC	0.1	0.999	twoepochs_eq	0.127529	0.125423	0.242003
ABC	0.1	0.999	twoepochs_eq	0.0788037	0.132935	0.200057
ABC	0.1	0.999	twoepochs_eq	0.133726	0.123013	0.240802
ABC	0.1	0.999	twoepochs_eq	0.0657197	0.156058	0.211866
ABC	0.1	0.999	twoepochs_eq	0.0984163	0.135692	0.231366
ABC	0.1	0.999	twoepochs_eq	0.101908	0.124424	0.221087
ABC	0.1	0.999	twoepochs_eq	0.102231	0.130584	0.23606
ABC	0.1	0.999	twoepochs_eq	0.0802658	0.152192	0.214785
ABC	0.1	0.999	twoepochs_eq	0.0917939	0.146743	0.228936
ABC	0.1	0.999	twoepochs_eq	0.0928734	0.151129	0.228031
ABC	0.1	0.999	twoepochs_eq	0.048562	0.149925	0.197069
ABC	0.1	0.999	twoepochs_eq	0.0565229	0.149145	0.198895
ABC	0.1	0.999	twoepochs_eq	0.0990884	0.148337	0.235522
ABC	0.1	0.999	twoepochs_eq	0.0961886	0.158555	0.230218
ABC	0.1	0.999	twoepochs_eq	0.0976778	0.141545	0.223504
ABC	0.1	0.999	twoepochs_eq	0.160851	0.113526	0.254577
ABC	0.1	0.999	twoepochs_eq	0.0795129	0.139595	0.211044
ABC	0.1	0.999	twoepochs_eq	0.0970143	0.137807	0.226421
ABC	0.1	0.999	twoepochs_eq	0.140768	0.118676	0.248467
ABC	0.1	0.999	twoepochs_eq	0.110949	0.154188	0.228033
ABC	0.1	0.999	twoepochs_eq	0.0864326	0.151132	0.231018
ABC	0.1	0.999	twoepochs_eq	0.0409921	0.180425	0.221985
ABC	0.1	0.999	twoepochs_eq	0.107545	0.15018	0.242033
ABC	0.1	0.999	twoepochs_eq	0.0902368	0.143186	0.229984
ABC	0.1	0.999	twoepochs_eq	0.0711443	0.140282	0.206755
ABC	0.1	0.999	twoepochs_eq	0.109437	0.132332	0.235983
ABC	0.1	0.999	twoepochs_eq	0.0514013	0.159549	0.210409
ABC	0.1	0.999	twoepochs_eq	0.113188	0.114215	0.217468
ABC	0.1	0.999	twoepochs_eq	0.0704544	0.143279	0.211567
ABC	0.1	0.999	twoepochs_eq	0.0826101	0.144783	0.221791
ABC	0.1	0.999	twoepochs_eq	0.10931	0.130713	0.225286
ABC	0.1	0.999	twoepochs_eq	0.120587	0.124239	0.23306
ABC	0.1	0.999	twoepochs_eq	0.139867	0.121546	0.248539
ABC	0.1	0.999	twoepochs_eq	0.126708	0.133183	0.241323
ABC	0.1	0.999	twoepochs_eq	0.0818271	0.154587	0.228615
ABC	0.1	0.999	twoepochs_eq	0.136427	0.104803	0.229519
ABC	0.1	0.999	twoepochs_eq	0.0907487	0.14663	0.231856
ABC	0.1	0.999	twoepochs_eq	0.131263	0.125391	0.242733
ABC	0.1	0.999	twoepochs_eq	0.106039	0.141304	0.240841
ABC	0.1	0.999	twoepochs_eq	0.0686976	0.160516	0.227325
ABC	0.1	0.999	twoepochs_eq	0.113438	0.139476	0.231076
ABC	0.1	0.999	twoepochs_eq	0.100417	0.136997	0.231656
ABC	0.1	0.999	twoepochs_eq	0.0781417	0.148087	0.221763
ABC	0.1	0.999	twoepochs_eq	0.0807177	0.165121	0.225001
ABC	0.1	0.999	twoepochs_eq	0.079437	0.152815	0.229915
ABC	0.1	0.999	twoepochs_eq	0.0975125	0.137744	0.227902
ABC	0.1	0.999	twoepochs_eq	0.10521	0.135314	0.233671
ABC	0.1	0.999	twoepochs_eq	0.103511	0.145511	0.236887
ABC	0.1	0.999	twoepochs_eq	0.12059	0.124195	0.217531
ABC	0.1	0.999	twoepochs_eq	0.103483	0.13093	0.222314
ABC	0.1	0.999	twoepochs_eq	0.0710927	0.162859	0.224923
ABC	0.1	0.999	twoepochs_eq	0.104761	0.131275	0.228696
ABC	0.1	0.999	twoepochs_eq	0.107039	0.161908	0.244661
ABC	0.1	0.999	twoepochs_eq	0.0863361	0.137502	0.218459
ABC	0.1	0.999	twoepochs_eq	0.101507	0.144586	0.236618
ABC	0.1	0.999	twoepochs_eq	0.0617655	0.157875	0.216252
ABC	0.1	0.999	twoepochs_eq	0.0980816	0.144423	0.229573
ABC	0.1	0.999	twoepochs_eq	0.124057	0.11953	0.231234
ABC	0.1	0.999	twoepochs_eq	0.103454	0.139445	0.229095
ABC	0.1	0.999	twoepochs_eq	0.116067	0.123217	0.226098
ABC	0.1	0.999	twoepochs_eq	0.120177	0.120016	0.229214
ABC	0.1	0.999	twoepochs_eq	0.0658239	0.16836	0.229363
ABC	0.1	0.999	twoepochs_eq	0.0524032	0.173084	0.217899
ABC	0.1	0.999	twoepochs_eq	0.0827225	0.148746	0.217435
ABC	0.1	0.999	twoepochs_eq	0.139189	0.120777	0.249967
ABC	0.1	0.999	twoepochs_eq	0.105471	0.126033	0.21623
ABC	0.1	0.999	twoepochs_eq	0.0730119	0.155463	0.2192
ABC	0.1	0.999	twoepochs_s1	0.0223369	0.277458	0.290891
ABC	0.1	0.999	twoepochs_s1	0.0643634	0.245103	0.310787
ABC	0.1	0.999	twoepochs_s1	0.0334915	0.256861	0.278889
ABC	0.1	0.999	twoepochs_s1	-0.00724636	0.292838	0.276276
ABC	0.1	0.999	twoepochs_s1	0.0447659	0.255248	0.29308
ABC	0.1	0.999	twoepochs_s1	-0.0163873	0.308019	0.285158
ABC	0.1	0.999	twoepochs_s1	-7.49932e-5	0.309246	0.299729
ABC	0.1	0.999	twoepochs_s1	0.0039443	0.283348	0.277255
ABC	0.1	0.999	twoepochs_s1	0.0298265	0.254925	0.290432
ABC	0.1	0.999	twoepochs_s1	0.00996196	0.277158	0.286861
ABC	0.1	0.999	twoepochs_s1	0.0398592	0.265586	0.298575
ABC	0.1	0.999	twoepochs_s1	0.0270352	0.268552	0.293039
ABC	0.1	0.999	twoepochs_s1	0.0455889	0.254898	0.297995
ABC	0.1	0.999	twoepochs_s1	0.0475458	0.262201	0.307318
ABC	0.1	0.999	twoepochs_s1	0.0258616	0.280339	0.297073
ABC	0.1	0.999	twoepochs_s1	0.015455	0.286668	0.297057
ABC	0.1	0.999	twoepochs_s1	0.00224816	0.287693	0.282285
ABC	0.1	0.999	twoepochs_s1	0.0379708	0.263376	0.294901
ABC	0.1	0.999	twoepochs_s1	-0.0627892	0.345766	0.277074
ABC	0.1	0.999	twoepochs_s1	0.0030941	0.29016	0.293646
ABC	0.1	0.999	twoepochs_s1	0.00611922	0.292592	0.295085
ABC	0.1	0.999	twoepochs_s1	0.00787899	0.280575	0.285508
ABC	0.1	0.999	twoepochs_s1	-0.0187539	0.311814	0.28367
ABC	0.1	0.999	twoepochs_s1	0.0158328	0.288261	0.303211
ABC	0.1	0.999	twoepochs_s1	0.0140116	0.280732	0.290965
ABC	0.1	0.999	twoepochs_s1	-0.0183614	0.294842	0.273424
ABC	0.1	0.999	twoepochs_s1	0.0541576	0.240719	0.295351
ABC	0.1	0.999	twoepochs_s1	-0.0126065	0.292667	0.292369
ABC	0.1	0.999	twoepochs_s1	0.0395131	0.273189	0.307388
ABC	0.1	0.999	twoepochs_s1	0.0306342	0.28422	0.311665
ABC	0.1	0.999	twoepochs_s1	0.0985548	0.21479	0.307447
ABC	0.1	0.999	twoepochs_s1	-0.0432164	0.330208	0.28485
ABC	0.1	0.999	twoepochs_s1	-0.029266	0.315412	0.284394
ABC	0.1	0.999	twoepochs_s1	0.0428899	0.246859	0.290707
ABC	0.1	0.999	twoepochs_s1	-0.00412563	0.297986	0.287155
ABC	0.1	0.999	twoepochs_s1	0.0136339	0.280406	0.299057
ABC	0.1	0.999	twoepochs_s1	-0.00840925	0.296957	0.284474
ABC	0.1	0.999	twoepochs_s1	-0.00289625	0.298234	0.293964
ABC	0.1	0.999	twoepochs_s1	0.0230661	0.272994	0.29503
ABC	0.1	0.999	twoepochs_s1	-0.00821554	0.304485	0.289794
ABC	0.1	0.999	twoepochs_s1	0.0257303	0.286501	0.312437
ABC	0.1	0.999	twoepochs_s1	0.0510923	0.248762	0.2981
ABC	0.1	0.999	twoepochs_s1	0.0301057	0.276759	0.30515
ABC	0.1	0.999	twoepochs_s1	0.00941836	0.28751	0.29194
ABC	0.1	0.999	twoepochs_s1	0.0213007	0.284414	0.297858
ABC	0.1	0.999	twoepochs_s1	-0.046355	0.326468	0.285604
ABC	0.1	0.999	twoepochs_s1	0.0656013	0.24835	0.309285
ABC	0.1	0.999	twoepochs_s1	-0.0166164	0.298821	0.274945
ABC	0.1	0.999	twoepochs_s1	-0.00973414	0.301063	0.291565
ABC	0.1	0.999	twoepochs_s1	0.0245281	0.281634	0.309078
ABC	0.1	0.999	twoepochs_s1	0.0349324	0.270583	0.303212
ABC	0.1	0.999	twoepochs_s1	0.0102286	0.283268	0.291285
ABC	0.1	0.999	twoepochs_s1	0.0573378	0.250311	0.295753
ABC	0.1	0.999	twoepochs_s1	0.0274806	0.251717	0.277634
ABC	0.1	0.999	twoepochs_s1	0.0204357	0.280077	0.2967
ABC	0.1	0.999	twoepochs_s1	0.0369956	0.253524	0.288005
ABC	0.1	0.999	twoepochs_s1	0.00538705	0.292081	0.287514
ABC	0.1	0.999	twoepochs_s1	0.0192617	0.28384	0.289302
ABC	0.1	0.999	twoepochs_s1	0.0284777	0.267267	0.29326
ABC	0.1	0.999	twoepochs_s1	0.0230191	0.280655	0.300323
ABC	0.1	0.999	twoepochs_s1	0.028436	0.263956	0.292586
ABC	0.1	0.999	twoepochs_s1	0.0692959	0.252883	0.316855
ABC	0.1	0.999	twoepochs_s1	0.00781482	0.290502	0.299424
ABC	0.1	0.999	twoepochs_s1	0.021415	0.274888	0.29995
ABC	0.1	0.999	twoepochs_s1	-0.00132575	0.291969	0.291722
ABC	0.1	0.999	twoepochs_s1	0.0110697	0.298512	0.290355
ABC	0.1	0.999	twoepochs_s1	0.0332266	0.255998	0.288803
ABC	0.1	0.999	twoepochs_s1	0.0138289	0.282785	0.288975
ABC	0.1	0.999	twoepochs_s1	0.0135852	0.275688	0.289983
ABC	0.1	0.999	twoepochs_s1	0.0070553	0.280296	0.283568
ABC	0.1	0.999	twoepochs_s1	0.00846058	0.27919	0.281556
ABC	0.1	0.999	twoepochs_s1	0.0214932	0.278847	0.295383
ABC	0.1	0.999	twoepochs_s1	0.00302372	0.273236	0.272584
ABC	0.1	0.999	twoepochs_s1	0.0257115	0.277156	0.29785
ABC	0.1	0.999	twoepochs_s1	-0.00954425	0.302541	0.290218
ABC	0.1	0.999	twoepochs_s1	0.0190628	0.273061	0.289113
ABC	0.1	0.999	twoepochs_s1	-0.0035571	0.286323	0.28153
ABC	0.1	0.999	twoepochs_s1	0.0297769	0.265423	0.296381
ABC	0.1	0.999	twoepochs_s1	-0.0264992	0.298096	0.262311
ABC	0.1	0.999	twoepochs_s1	0.0652185	0.230157	0.29699
ABC	0.1	0.999	twoepochs_s1	0.0191486	0.273769	0.291928
ABC	0.1	0.999	twoepochs_s1	0.0140626	0.281009	0.283349
ABC	0.1	0.999	twoepochs_s1	0.0136813	0.282448	0.296837
ABC	0.1	0.999	twoepochs_s1	0.0275226	0.274254	0.297312
ABC	0.1	0.999	twoepochs_s1	0.0533068	0.250939	0.300869
ABC	0.1	0.999	twoepochs_s1	0.00796083	0.290275	0.293979
ABC	0.1	0.999	twoepochs_s1	0.0263842	0.275134	0.302092
ABC	0.1	0.999	twoepochs_s1	-0.0252151	0.329755	0.301797
ABC	0.1	0.999	twoepochs_s1	0.0628717	0.255027	0.301473
ABC	0.1	0.999	twoepochs_s1	-0.00925227	0.30994	0.301007
ABC	0.1	0.999	twoepochs_s1	-0.0112198	0.280156	0.264697
ABC	0.1	0.999	twoepochs_s1	0.099382	0.222669	0.315532
ABC	0.1	0.999	twoepochs_s1	0.0417684	0.265808	0.297046
ABC	0.1	0.999	twoepochs_s1	-0.0079603	0.279127	0.273933
ABC	0.1	0.999	twoepochs_s1	0.00418974	0.298479	0.30109
ABC	0.1	0.999	twoepochs_s1	0.0281905	0.278927	0.293943
ABC	0.1	0.999	twoepochs_s1	0.0276308	0.278595	0.296515
ABC	0.1	0.999	twoepochs_s1	0.00138256	0.29664	0.291645
ABC	0.1	0.999	twoepochs_s1	-0.0516343	0.338539	0.281509
ABC	0.1	0.999	twoepochs_s1	0.0355441	0.263652	0.293985
ABC	0.1	0.999	twoepochs_s2	0.126055	0.178982	0.303223
ABC	0.1	0.999	twoepochs_s2	0.10103	0.192461	0.290239
ABC	0.1	0.999	twoepochs_s2	0.0713365	0.199914	0.275987
ABC	0.1	0.999	twoepochs_s2	0.11598	0.204869	0.309508
ABC	0.1	0.999	twoepochs_s2	0.0998656	0.20064	0.293384
ABC	0.1	0.999	twoepochs_s2	0.174328	0.157097	0.310954
ABC	0.1	0.999	twoepochs_s2	0.119036	0.176962	0.292678
ABC	0.1	0.999	twoepochs_s2	0.0889011	0.204176	0.29441
ABC	0.1	0.999	twoepochs_s2	0.13613	0.158762	0.291576
ABC	0.1	0.999	twoepochs_s2	0.0599761	0.226342	0.281872
ABC	0.1	0.999	twoepochs_s2	0.127142	0.167009	0.292389
ABC	0.1	0.999	twoepochs_s2	0.148606	0.170882	0.31505
ABC	0.1	0.999	twoepochs_s2	0.0918164	0.196865	0.279425
ABC	0.1	0.999	twoepochs_s2	0.121771	0.182313	0.29091
ABC	0.1	0.999	twoepochs_s2	0.0278721	0.261246	0.272543
ABC	0.1	0.999	twoepochs_s2	0.115411	0.202732	0.29706
ABC	0.1	0.999	twoepochs_s2	0.100165	0.187807	0.280639
ABC	0.1	0.999	twoepochs_s2	0.13855	0.174144	0.303989
ABC	0.1	0.999	twoepochs_s2	0.09811	0.196383	0.289019
ABC	0.1	0.999	twoepochs_s2	0.110577	0.179899	0.281553
ABC	0.1	0.999	twoepochs_s2	0.111011	0.190432	0.292148
ABC	0.1	0.999	twoepochs_s2	0.119951	0.168896	0.284934
ABC	0.1	0.999	twoepochs_s2	0.0922157	0.200156	0.285993
ABC	0.1	0.999	twoepochs_s2	0.0615737	0.229922	0.288372
ABC	0.1	0.999	twoepochs_s2	0.0630679	0.221078	0.278503
ABC	0.1	0.999	twoepochs_s2	0.0437686	0.251078	0.2903
ABC	0.1	0.999	twoepochs_s2	0.0693932	0.227127	0.296289
ABC	0.1	0.999	twoepochs_s2	0.0860068	0.207861	0.287743
ABC	0.1	0.999	twoepochs_s2	0.0622937	0.219277	0.277358
ABC	0.1	0.999	twoepochs_s2	0.148924	0.171987	0.314536
ABC	0.1	0.999	twoepochs_s2	0.108496	0.174315	0.28296
ABC	0.1	0.999	twoepochs_s2	0.11906	0.179997	0.291896
ABC	0.1	0.999	twoepochs_s2	0.0462259	0.232361	0.271585
ABC	0.1	0.999	twoepochs_s2	0.0680959	0.221144	0.284803
ABC	0.1	0.999	twoepochs_s2	0.0784093	0.221858	0.301281
ABC	0.1	0.999	twoepochs_s2	0.0461783	0.237198	0.282403
ABC	0.1	0.999	twoepochs_s2	0.158804	0.155299	0.30734
ABC	0.1	0.999	twoepochs_s2	0.0757657	0.215597	0.284537
ABC	0.1	0.999	twoepochs_s2	0.154353	0.149391	0.296167
ABC	0.1	0.999	twoepochs_s2	0.119297	0.180071	0.290412
ABC	0.1	0.999	twoepochs_s2	0.117754	0.201343	0.307228
ABC	0.1	0.999	twoepochs_s2	0.0935975	0.214495	0.282932
ABC	0.1	0.999	twoepochs_s2	0.065573	0.214376	0.27635
ABC	0.1	0.999	twoepochs_s2	0.0844152	0.213062	0.296027
ABC	0.1	0.999	twoepochs_s2	0.15571	0.166042	0.309043
ABC	0.1	0.999	twoepochs_s2	0.102313	0.199159	0.299222
ABC	0.1	0.999	twoepochs_s2	0.078901	0.236731	0.3052
ABC	0.1	0.999	twoepochs_s2	0.0637766	0.220768	0.278313
ABC	0.1	0.999	twoepochs_s2	0.163151	0.147087	0.31026
ABC	0.1	0.999	twoepochs_s2	0.0431991	0.246551	0.282955
ABC	0.1	0.999	twoepochs_s2	0.129578	0.172386	0.294546
ABC	0.1	0.999	twoepochs_s2	0.123525	0.184396	0.292967
ABC	0.1	0.999	twoepochs_s2	0.058583	0.222996	0.282675
ABC	0.1	0.999	twoepochs_s2	0.1003	0.194961	0.297533
ABC	0.1	0.999	twoepochs_s2	0.129032	0.189109	0.304534
ABC	0.1	0.999	twoepochs_s2	0.0506264	0.234377	0.275921
ABC	0.1	0.999	twoepochs_s2	0.0886636	0.202714	0.279901
ABC	0.1	0.999	twoepochs_s2	0.132912	0.179302	0.304555
ABC	0.1	0.999	twoepochs_s2	0.0941475	0.207826	0.296528
ABC	0.1	0.999	twoepochs_s2	0.0667269	0.235852	0.281911
ABC	0.1	0.999	twoepochs_s2	0.101373	0.202826	0.295965
ABC	0.1	0.999	twoepochs_s2	0.104681	0.20348	0.308398
ABC	0.1	0.999	twoepochs_s2	0.131881	0.186828	0.310149
ABC	0.1	0.999	twoepochs_s2	0.0873537	0.212884	0.30182
ABC	0.1	0.999	twoepochs_s2	0.0887223	0.209106	0.2993
ABC	0.1	0.999	twoepochs_s2	0.13515	0.182004	0.300856
ABC	0.1	0.999	twoepochs_s2	0.0345779	0.262027	0.283467
ABC	0.1	0.999	twoepochs_s2	0.134264	0.195311	0.311491
ABC	0.1	0.999	twoepochs_s2	0.0670182	0.232945	0.28923
ABC	0.1	0.999	twoepochs_s2	0.0609808	0.226343	0.293251
ABC	0.1	0.999	twoepochs_s2	0.0533991	0.231904	0.279776
ABC	0.1	0.999	twoepochs_s2	0.125048	0.18194	0.299953
ABC	0.1	0.999	twoepochs_s2	0.122641	0.181198	0.296661
ABC	0.1	0.999	twoepochs_s2	0.0785855	0.200895	0.2721
ABC	0.1	0.999	twoepochs_s2	0.0830834	0.220791	0.296381
ABC	0.1	0.999	twoepochs_s2	0.114115	0.188977	0.292218
ABC	0.1	0.999	twoepochs_s2	0.0666567	0.225908	0.286691
ABC	0.1	0.999	twoepochs_s2	0.100343	0.193511	0.288305
ABC	0.1	0.999	twoepochs_s2	0.0810311	0.218258	0.295994
ABC	0.1	0.999	twoepochs_s2	0.11621	0.187594	0.283272
ABC	0.1	0.999	twoepochs_s2	0.0568516	0.237768	0.2899
ABC	0.1	0.999	twoepochs_s2	0.0947187	0.213747	0.292344
ABC	0.1	0.999	twoepochs_s2	0.172605	0.137275	0.302788
ABC	0.1	0.999	twoepochs_s2	0.100378	0.211472	0.299204
ABC	0.1	0.999	twoepochs_s2	0.14441	0.163375	0.297254
ABC	0.1	0.999	twoepochs_s2	0.0382817	0.240776	0.277716
ABC	0.1	0.999	twoepochs_s2	0.0900214	0.205468	0.280236
ABC	0.1	0.999	twoepochs_s2	0.0631002	0.21884	0.28231
ABC	0.1	0.999	twoepochs_s2	0.1563	0.152542	0.293538
ABC	0.1	0.999	twoepochs_s2	0.127018	0.174945	0.296749
ABC	0.1	0.999	twoepochs_s2	0.0822129	0.215515	0.285416
ABC	0.1	0.999	twoepochs_s2	0.0899769	0.214839	0.301875
ABC	0.1	0.999	twoepochs_s2	0.104918	0.197798	0.294828
ABC	0.1	0.999	twoepochs_s2	0.159067	0.162406	0.311777
ABC	0.1	0.999	twoepochs_s2	0.0674898	0.204131	0.267147
ABC	0.1	0.999	twoepochs_s2	0.0754979	0.210925	0.288294
ABC	0.1	0.999	twoepochs_s2	0.0797012	0.215337	0.290391
ABC	0.1	0.999	twoepochs_s2	0.0719805	0.210241	0.279883
ABC	0.1	0.999	twoepochs_s2	0.107673	0.18582	0.286754
ABC	0.1	0.999	twoepochs_s2	0.0819193	0.233675	0.304809
ABC	0.1	0.999	twoepochs_s3	0.111269	0.130084	0.228514
ABC	0.1	0.999	twoepochs_s3	0.0952863	0.153683	0.241148
ABC	0.1	0.999	twoepochs_s3	0.0305153	0.196686	0.214754
ABC	0.1	0.999	twoepochs_s3	0.0534815	0.184474	0.225975
ABC	0.1	0.999	twoepochs_s3	0.0714317	0.158687	0.223012
ABC	0.1	0.999	twoepochs_s3	0.0219336	0.209737	0.222829
ABC	0.1	0.999	twoepochs_s3	0.107676	0.128702	0.224318
ABC	0.1	0.999	twoepochs_s3	0.00374172	0.206342	0.212699
ABC	0.1	0.999	twoepochs_s3	0.0757379	0.161706	0.236573
ABC	0.1	0.999	twoepochs_s3	0.0902293	0.154041	0.2316
ABC	0.1	0.999	twoepochs_s3	0.0996636	0.136876	0.230394
ABC	0.1	0.999	twoepochs_s3	0.0763754	0.14582	0.22002
ABC	0.1	0.999	twoepochs_s3	0.135536	0.114916	0.249943
ABC	0.1	0.999	twoepochs_s3	0.107628	0.141796	0.248253
ABC	0.1	0.999	twoepochs_s3	0.086764	0.150005	0.231935
ABC	0.1	0.999	twoepochs_s3	0.138935	0.114304	0.244082
ABC	0.1	0.999	twoepochs_s3	0.141144	0.130177	0.258455
ABC	0.1	0.999	twoepochs_s3	0.0987582	0.158497	0.236894
ABC	0.1	0.999	twoepochs_s3	0.0463517	0.19023	0.230402
ABC	0.1	0.999	twoepochs_s3	0.0601103	0.175465	0.223698
ABC	0.1	0.999	twoepochs_s3	0.127055	0.135459	0.254718
ABC	0.1	0.999	twoepochs_s3	0.158538	0.101429	0.250801
ABC	0.1	0.999	twoepochs_s3	0.121728	0.112073	0.228446
ABC	0.1	0.999	twoepochs_s3	0.0862699	0.163669	0.245697
ABC	0.1	0.999	twoepochs_s3	0.101108	0.163564	0.258172
ABC	0.1	0.999	twoepochs_s3	0.0863931	0.167161	0.243984
ABC	0.1	0.999	twoepochs_s3	0.0777787	0.192179	0.261722
ABC	0.1	0.999	twoepochs_s3	0.100546	0.142858	0.230863
ABC	0.1	0.999	twoepochs_s3	0.0463326	0.169982	0.21766
ABC	0.1	0.999	twoepochs_s3	0.0434208	0.18453	0.22601
ABC	0.1	0.999	twoepochs_s3	0.0522129	0.177155	0.226897
ABC	0.1	0.999	twoepochs_s3	0.0439086	0.182348	0.215689
ABC	0.1	0.999	twoepochs_s3	0.045126	0.190802	0.220379
ABC	0.1	0.999	twoepochs_s3	0.0984635	0.147108	0.23823
ABC	0.1	0.999	twoepochs_s3	0.0833625	0.159732	0.238522
ABC	0.1	0.999	twoepochs_s3	0.00392072	0.198711	0.19776
ABC	0.1	0.999	twoepochs_s3	0.100281	0.149583	0.240851
ABC	0.1	0.999	twoepochs_s3	0.0869684	0.14241	0.229238
ABC	0.1	0.999	twoepochs_s3	0.0578105	0.16398	0.21477
ABC	0.1	0.999	twoepochs_s3	0.0640956	0.16053	0.217741
ABC	0.1	0.999	twoepochs_s3	0.127306	0.132816	0.256242
ABC	0.1	0.999	twoepochs_s3	0.120102	0.140171	0.244421
ABC	0.1	0.999	twoepochs_s3	0.102822	0.149689	0.235906
ABC	0.1	0.999	twoepochs_s3	0.0652457	0.156351	0.217832
ABC	0.1	0.999	twoepochs_s3	0.0833932	0.175235	0.254822
ABC	0.1	0.999	twoepochs_s3	0.145724	0.122079	0.244985
ABC	0.1	0.999	twoepochs_s3	0.0695297	0.167509	0.232211
ABC	0.1	0.999	twoepochs_s3	0.109873	0.16771	0.248941
ABC	0.1	0.999	twoepochs_s3	0.120569	0.11978	0.225487
ABC	0.1	0.999	twoepochs_s3	0.0798344	0.140594	0.218512
ABC	0.1	0.999	twoepochs_s3	0.0860945	0.151496	0.237815
ABC	0.1	0.999	twoepochs_s3	0.116168	0.153256	0.24287
ABC	0.1	0.999	twoepochs_s3	0.140883	0.112995	0.244899
ABC	0.1	0.999	twoepochs_s3	0.0947603	0.151835	0.238227
ABC	0.1	0.999	twoepochs_s3	0.0435022	0.190074	0.227933
ABC	0.1	0.999	twoepochs_s3	0.05401	0.179528	0.225151
ABC	0.1	0.999	twoepochs_s3	0.141095	0.13134	0.260991
ABC	0.1	0.999	twoepochs_s3	0.0977876	0.143037	0.227557
ABC	0.1	0.999	twoepochs_s3	0.109821	0.149868	0.260183
ABC	0.1	0.999	twoepochs_s3	0.0913859	0.139564	0.2299
ABC	0.1	0.999	twoepochs_s3	0.0367677	0.197207	0.230864
ABC	0.1	0.999	twoepochs_s3	0.135318	0.117523	0.240679
ABC	0.1	0.999	twoepochs_s3	0.0958378	0.149704	0.235942
ABC	0.1	0.999	twoepochs_s3	0.12462	0.132252	0.239493
ABC	0.1	0.999	twoepochs_s3	0.0637898	0.180652	0.224971
ABC	0.1	0.999	twoepochs_s3	0.0939493	0.150139	0.233692
ABC	0.1	0.999	twoepochs_s3	0.0371027	0.201643	0.225966
ABC	0.1	0.999	twoepochs_s3	0.0526256	0.175055	0.217583
ABC	0.1	0.999	twoepochs_s3	0.144914	0.117881	0.243716
ABC	0.1	0.999	twoepochs_s3	0.110223	0.132421	0.237717
ABC	0.1	0.999	twoepochs_s3	0.145924	0.131754	0.248425
ABC	0.1	0.999	twoepochs_s3	0.0896796	0.16322	0.247213
ABC	0.1	0.999	twoepochs_s3	0.0957277	0.167081	0.244912
ABC	0.1	0.999	twoepochs_s3	0.0710782	0.185859	0.246631
ABC	0.1	0.999	twoepochs_s3	0.100393	0.125461	0.229362
ABC	0.1	0.999	twoepochs_s3	0.0849152	0.140288	0.223823
ABC	0.1	0.999	twoepochs_s3	0.0880801	0.140201	0.228209
ABC	0.1	0.999	twoepochs_s3	0.108188	0.144134	0.237932
ABC	0.1	0.999	twoepochs_s3	0.110821	0.142984	0.248746
ABC	0.1	0.999	twoepochs_s3	0.115195	0.140442	0.251418
ABC	0.1	0.999	twoepochs_s3	0.0763992	0.164845	0.236313
ABC	0.1	0.999	twoepochs_s3	0.127267	0.131908	0.255027
ABC	0.1	0.999	twoepochs_s3	0.0632057	0.152991	0.206182
ABC	0.1	0.999	twoepochs_s3	0.0885344	0.146379	0.235078
ABC	0.1	0.999	twoepochs_s3	0.0570094	0.179628	0.223718
ABC	0.1	0.999	twoepochs_s3	0.104909	0.155278	0.232316
ABC	0.1	0.999	twoepochs_s3	0.0900182	0.138602	0.225155
ABC	0.1	0.999	twoepochs_s3	0.0561281	0.192507	0.242047
ABC	0.1	0.999	twoepochs_s3	0.116451	0.15864	0.255428
ABC	0.1	0.999	twoepochs_s3	0.126642	0.147363	0.267859
ABC	0.1	0.999	twoepochs_s3	0.0636644	0.167353	0.227557
ABC	0.1	0.999	twoepochs_s3	0.0537051	0.164173	0.206612
ABC	0.1	0.999	twoepochs_s3	0.076647	0.168413	0.24049
ABC	0.1	0.999	twoepochs_s3	0.0971262	0.144404	0.240061
ABC	0.1	0.999	twoepochs_s3	0.0569642	0.16856	0.204372
ABC	0.1	0.999	twoepochs_s3	0.120171	0.136302	0.239025
ABC	0.1	0.999	twoepochs_s3	0.101804	0.141883	0.232328
ABC	0.1	0.999	twoepochs_s3	0.0823185	0.149789	0.236921
ABC	0.1	0.999	twoepochs_s3	0.0444403	0.202341	0.229836
ABC	0.1	0.999	twoepochs_s3	0.0781666	0.165633	0.235408
ABC	0.1	0.999	twoepochs_s4	0.0673868	0.0375198	0.0995474
ABC	0.1	0.999	twoepochs_s4	0.0304934	0.0397802	0.0770241
ABC	0.1	0.999	twoepochs_s4	0.0359024	0.0500053	0.0748331
ABC	0.1	0.999	twoepochs_s4	0.0444568	0.0322674	0.0759036
ABC	0.1	0.999	twoepochs_s4	0.0291846	0.0606025	0.09102
ABC	0.1	0.999	twoepochs_s4	0.0343457	0.066516	0.101274
ABC	0.1	0.999	twoepochs_s4	0.039151	0.0329288	0.0700568
ABC	0.1	0.999	twoepochs_s4	0.0322019	0.0556394	0.09041
ABC	0.1	0.999	twoepochs_s4	0.0614028	0.0349605	0.0916681
ABC	0.1	0.999	twoepochs_s4	0.00948561	0.086207	0.0950085
ABC	0.1	0.999	twoepochs_s4	0.0465931	0.0414871	0.087183
ABC	0.1	0.999	twoepochs_s4	0.0208694	0.0554909	0.0768593
ABC	0.1	0.999	twoepochs_s4	0.0150177	0.0523201	0.0731296
ABC	0.1	0.999	twoepochs_s4	0.0438733	0.0523649	0.0922638
ABC	0.1	0.999	twoepochs_s4	0.0427864	0.0496497	0.105603
ABC	0.1	0.999	twoepochs_s4	0.0604549	0.0536281	0.0841469
ABC	0.1	0.999	twoepochs_s4	0.0569041	0.0670843	0.107527
ABC	0.1	0.999	twoepochs_s4	0.0267022	0.0600534	0.0885633
ABC	0.1	0.999	twoepochs_s4	0.0251789	0.0775587	0.108071
ABC	0.1	0.999	twoepochs_s4	0.0598597	0.0481073	0.103667
ABC	0.1	0.999	twoepochs_s4	0.0387901	0.0874711	0.122556
ABC	0.1	0.999	twoepochs_s4	0.0683223	0.0312413	0.0962895
ABC	0.1	0.999	twoepochs_s4	0.0167283	0.0560151	0.0844998
ABC	0.1	0.999	twoepochs_s4	0.0261813	0.0587213	0.0831909
ABC	0.1	0.999	twoepochs_s4	0.0207366	0.0857914	0.105027
ABC	0.1	0.999	twoepochs_s4	0.0311885	0.0425513	0.0717925
ABC	0.1	0.999	twoepochs_s4	0.0384713	0.0608941	0.106182
ABC	0.1	0.999	twoepochs_s4	0.0341448	0.0551403	0.0827382
ABC	0.1	0.999	twoepochs_s4	0.0245772	0.075072	0.0916188
ABC	0.1	0.999	twoepochs_s4	0.0504952	0.0413818	0.0882226
ABC	0.1	0.999	twoepochs_s4	0.0318702	0.0458813	0.0780106
ABC	0.1	0.999	twoepochs_s4	0.0532071	0.032792	0.0863972
ABC	0.1	0.999	twoepochs_s4	0.021939	0.0744132	0.0973256
ABC	0.1	0.999	twoepochs_s4	0.040955	0.0624091	0.105893
ABC	0.1	0.999	twoepochs_s4	0.0400513	0.0460741	0.0936024
ABC	0.1	0.999	twoepochs_s4	0.0320188	0.0449621	0.0820141
ABC	0.1	0.999	twoepochs_s4	0.0631924	0.0370196	0.0999208
ABC	0.1	0.999	twoepochs_s4	0.0158299	0.040244	0.0570348
ABC	0.1	0.999	twoepochs_s4	0.0509405	0.0638149	0.107905
ABC	0.1	0.999	twoepochs_s4	0.024175	0.0448113	0.0721396
ABC	0.1	0.999	twoepochs_s4	0.0423506	0.0322662	0.0727295
ABC	0.1	0.999	twoepochs_s4	0.0158317	0.0801791	0.0968893
ABC	0.1	0.999	twoepochs_s4	0.0236404	0.0601932	0.0930972
ABC	0.1	0.999	twoepochs_s4	0.0518213	0.0595587	0.104262
ABC	0.1	0.999	twoepochs_s4	0.0600897	0.0290619	0.0939057
ABC	0.1	0.999	twoepochs_s4	0.0441159	0.0341112	0.0802279
ABC	0.1	0.999	twoepochs_s4	0.0598855	0.0342641	0.0970453
ABC	0.1	0.999	twoepochs_s4	0.0407934	0.0422879	0.0856792
ABC	0.1	0.999	twoepochs_s4	0.0658345	0.0431736	0.105499
ABC	0.1	0.999	twoepochs_s4	0.0378242	0.0405454	0.0860155
ABC	0.1	0.999	twoepochs_s4	0.0195238	0.0627499	0.0894312
ABC	0.1	0.999	twoepochs_s4	0.0267378	0.0808645	0.0967267
ABC	0.1	0.999	twoepochs_s4	0.0126136	0.0857399	0.0866994
ABC	0.1	0.999	twoepochs_s4	0.0636933	0.0494632	0.102429
ABC	0.1	0.999	twoepochs_s4	0.0500128	0.0307581	0.073917
ABC	0.1	0.999	twoepochs_s4	0.012505	0.0746786	0.0904492
ABC	0.1	0.999	twoepochs_s4	0.0312504	0.0499941	0.0797203
ABC	0.1	0.999	twoepochs_s4	0.0173985	0.10089	0.11185
ABC	0.1	0.999	twoepochs_s4	0.0182009	0.0715874	0.0917941
ABC	0.1	0.999	twoepochs_s4	0.0329782	0.0577683	0.0920162
ABC	0.1	0.999	twoepochs_s4	0.0743716	0.032098	0.0984562
ABC	0.1	0.999	twoepochs_s4	0.0359778	0.0474999	0.080043
ABC	0.1	0.999	twoepochs_s4	0.0420923	0.0230779	0.0581603
ABC	0.1	0.999	twoepochs_s4	0.0286753	0.0830208	0.107521
ABC	0.1	0.999	twoepochs_s4	0.0329452	0.0349217	0.0686003
ABC	0.1	0.999	twoepochs_s4	0.0499213	0.0782242	0.126604
ABC	0.1	0.999	twoepochs_s4	0.0156296	0.0682933	0.0828259
ABC	0.1	0.999	twoepochs_s4	0.0230755	0.0646488	0.0966525
ABC	0.1	0.999	twoepochs_s4	0.0499509	0.0595741	0.0985485
ABC	0.1	0.999	twoepochs_s4	0.0378839	0.0457836	0.0800297
ABC	0.1	0.999	twoepochs_s4	0.0409428	0.0487344	0.0996451
ABC	0.1	0.999	twoepochs_s4	0.0379857	0.066625	0.107496
ABC	0.1	0.999	twoepochs_s4	0.0310151	0.0302124	0.0566735
ABC	0.1	0.999	twoepochs_s4	0.0363672	0.0448196	0.101784
ABC	0.1	0.999	twoepochs_s4	0.0324261	0.0490049	0.0824133
ABC	0.1	0.999	twoepochs_s4	0.029363	0.0897114	0.115675
ABC	0.1	0.999	twoepochs_s4	0.0413453	0.0633974	0.103615
ABC	0.1	0.999	twoepochs_s4	0.0175351	0.0732022	0.099142
ABC	0.1	0.999	twoepochs_s4	0.0355724	0.0839149	0.114499
ABC	0.1	0.999	twoepochs_s4	0.00915448	0.0782484	0.0904627
ABC	0.1	0.999	twoepochs_s4	0.0188858	0.0506354	0.0697237
ABC	0.1	0.999	twoepochs_s4	0.0162125	0.0695204	0.0870578
ABC	0.1	0.999	twoepochs_s4	0.0347857	0.0484937	0.0865287
ABC	0.1	0.999	twoepochs_s4	0.0202953	0.051351	0.0750168
ABC	0.1	0.999	twoepochs_s4	0.023174	0.0663917	0.0904789
ABC	0.1	0.999	twoepochs_s4	0.000714728	0.0783688	0.0851399
ABC	0.1	0.999	twoepochs_s4	0.00967697	0.0846438	0.0948237
ABC	0.1	0.999	twoepochs_s4	0.0403812	0.0369554	0.0768577
ABC	0.1	0.999	twoepochs_s4	0.0417282	0.0490291	0.0883496
ABC	0.1	0.999	twoepochs_s4	0.0639767	0.0362394	0.0946296
ABC	0.1	0.999	twoepochs_s4	0.0578562	0.0269384	0.082614
ABC	0.1	0.999	twoepochs_s4	0.0398464	0.0664507	0.107302
ABC	0.1	0.999	twoepochs_s4	0.0314697	0.0423673	0.07391
ABC	0.1	0.999	twoepochs_s4	0.0421075	0.0791343	0.124
ABC	0.1	0.999	twoepochs_s4	0.0331121	0.0657601	0.0946072
ABC	0.1	0.999	twoepochs_s4	0.0276978	0.083816	0.114905
ABC	0.1	0.999	twoepochs_s4	0.0572103	0.0553236	0.0994101
ABC	0.1	0.999	twoepochs_s4	0.0476668	0.0297264	0.0744741
ABC	0.1	0.999	twoepochs_s4	0.0363392	0.079149	0.105836
ABC	0.1	0.999	twoepochs_s4	0.0304464	0.0655078	0.0981309
SLiM	0.1	0.999	twoepochs_eq	0.08835	0.12902	0.21737
SLiM	0.1	0.999	twoepochs_eq	0.08902	0.12766	0.21669
SLiM	0.1	0.999	twoepochs_eq	0.09112	0.12849	0.21961
SLiM	0.1	0.999	twoepochs_eq	0.09103	0.12728	0.21831
SLiM	0.1	0.999	twoepochs_eq	0.08877	0.12902	0.21778
SLiM	0.1	0.999	twoepochs_eq	0.08925	0.12867	0.21792
SLiM	0.1	0.999	twoepochs_eq	0.08939	0.12811	0.2175
SLiM	0.1	0.999	twoepochs_eq	0.09071	0.12876	0.21947
SLiM	0.1	0.999	twoepochs_eq	0.09062	0.12827	0.21889
SLiM	0.1	0.999	twoepochs_eq	0.08937	0.12833	0.2177
SLiM	0.1	0.999	twoepochs_eq	0.08905	0.12699	0.21604
SLiM	0.1	0.999	twoepochs_eq	0.08929	0.12681	0.2161
SLiM	0.1	0.999	twoepochs_eq	0.08835	0.12867	0.21701
SLiM	0.1	0.999	twoepochs_eq	0.08979	0.12773	0.21752
SLiM	0.1	0.999	twoepochs_eq	0.08806	0.12733	0.21538
SLiM	0.1	0.999	twoepochs_eq	0.09057	0.12722	0.21779
SLiM	0.1	0.999	twoepochs_eq	0.09078	0.12832	0.2191
SLiM	0.1	0.999	twoepochs_eq	0.09066	0.128	0.21866
SLiM	0.1	0.999	twoepochs_eq	0.08899	0.12831	0.2173
SLiM	0.1	0.999	twoepochs_eq	0.08906	0.12821	0.21727
SLiM	0.1	0.999	twoepochs_eq	0.08918	0.12862	0.2178
SLiM	0.1	0.999	twoepochs_eq	0.09094	0.12827	0.21921
SLiM	0.1	0.999	twoepochs_eq	0.08978	0.12858	0.21836
SLiM	0.1	0.999	twoepochs_eq	0.08918	0.12901	0.21819
SLiM	0.1	0.999	twoepochs_eq	0.08913	0.12895	0.21807
SLiM	0.1	0.999	twoepochs_eq	0.0891	0.12744	0.21654
SLiM	0.1	0.999	twoepochs_eq	0.09103	0.12763	0.21866
SLiM	0.1	0.999	twoepochs_eq	0.09067	0.1286	0.21927
SLiM	0.1	0.999	twoepochs_eq	0.0909	0.12712	0.21802
SLiM	0.1	0.999	twoepochs_eq	0.0899	0.12582	0.21572
SLiM	0.1	0.999	twoepochs_eq	0.08913	0.12868	0.2178
SLiM	0.1	0.999	twoepochs_eq	0.08794	0.12786	0.2158
SLiM	0.1	0.999	twoepochs_eq	0.09034	0.12729	0.21763
SLiM	0.1	0.999	twoepochs_eq	0.08806	0.12804	0.2161
SLiM	0.1	0.999	twoepochs_eq	0.08873	0.12823	0.21696
SLiM	0.1	0.999	twoepochs_eq	0.08891	0.129	0.2179
SLiM	0.1	0.999	twoepochs_eq	0.08908	0.12844	0.21752
SLiM	0.1	0.999	twoepochs_eq	0.08951	0.1272	0.21671
SLiM	0.1	0.999	twoepochs_eq	0.09025	0.12847	0.21872
SLiM	0.1	0.999	twoepochs_eq	0.08934	0.12773	0.21707
SLiM	0.1	0.999	twoepochs_eq	0.08937	0.12869	0.21806
SLiM	0.1	0.999	twoepochs_eq	0.08914	0.12849	0.21763
SLiM	0.1	0.999	twoepochs_eq	0.09057	0.12701	0.21757
SLiM	0.1	0.999	twoepochs_eq	0.09004	0.12702	0.21706
SLiM	0.1	0.999	twoepochs_eq	0.09027	0.12792	0.21819
SLiM	0.1	0.999	twoepochs_eq	0.08977	0.12922	0.21899
SLiM	0.1	0.999	twoepochs_eq	0.08889	0.12823	0.21713
SLiM	0.1	0.999	twoepochs_eq	0.08931	0.12901	0.21833
SLiM	0.1	0.999	twoepochs_eq	0.0896	0.12804	0.21764
SLiM	0.1	0.999	twoepochs_eq	0.08976	0.12848	0.21824
SLiM	0.1	0.999	twoepochs_eq	0.08945	0.12836	0.21781
SLiM	0.1	0.999	twoepochs_eq	0.08943	0.12861	0.21804
SLiM	0.1	0.999	twoepochs_eq	0.09135	0.12671	0.21806
SLiM	0.1	0.999	twoepochs_eq	0.09033	0.12697	0.21729
SLiM	0.1	0.999	twoepochs_eq	0.08979	0.12866	0.21845
SLiM	0.1	0.999	twoepochs_eq	0.08967	0.1277	0.21737
SLiM	0.1	0.999	twoepochs_eq	0.09022	0.12757	0.21779
SLiM	0.1	0.999	twoepochs_eq	0.09014	0.12915	0.2193
SLiM	0.1	0.999	twoepochs_eq	0.08855	0.12903	0.21759
SLiM	0.1	0.999	twoepochs_eq	0.09018	0.12613	0.21631
SLiM	0.1	0.999	twoepochs_eq	0.08892	0.12882	0.21774
SLiM	0.1	0.999	twoepochs_eq	0.09027	0.12825	0.21851
SLiM	0.1	0.999	twoepochs_eq	0.08886	0.12901	0.21788
SLiM	0.1	0.999	twoepochs_eq	0.09033	0.12774	0.21807
SLiM	0.1	0.999	twoepochs_eq	0.08986	0.12766	0.21752
SLiM	0.1	0.999	twoepochs_eq	0.0897	0.12685	0.21655
SLiM	0.1	0.999	twoepochs_eq	0.09013	0.12762	0.21775
SLiM	0.1	0.999	twoepochs_eq	0.08959	0.12839	0.21798
SLiM	0.1	0.999	twoepochs_eq	0.08972	0.12856	0.21828
SLiM	0.1	0.999	twoepochs_eq	0.08983	0.12796	0.21779
SLiM	0.1	0.999	twoepochs_eq	0.08981	0.12787	0.21768
SLiM	0.1	0.999	twoepochs_eq	0.08895	0.12942	0.21837
SLiM	0.1	0.999	twoepochs_eq	0.09049	0.12826	0.21875
SLiM	0.1	0.999	twoepochs_eq	0.08898	0.12762	0.21661
SLiM	0.1	0.999	twoepochs_eq	0.08878	0.12703	0.2158
SLiM	0.1	0.999	twoepochs_eq	0.09012	0.12851	0.21863
SLiM	0.1	0.999	twoepochs_eq	0.08959	0.12924	0.21882
SLiM	0.1	0.999	twoepochs_eq	0.08911	0.12941	0.21852
SLiM	0.1	0.999	twoepochs_eq	0.08909	0.12784	0.21693
SLiM	0.1	0.999	twoepochs_eq	0.0883	0.12826	0.21656
SLiM	0.1	0.999	twoepochs_eq	0.09048	0.12724	0.21771
SLiM	0.1	0.999	twoepochs_eq	0.08955	0.12866	0.21821
SLiM	0.1	0.999	twoepochs_eq	0.08889	0.12957	0.21847
SLiM	0.1	0.999	twoepochs_eq	0.09	0.12935	0.21935
SLiM	0.1	0.999	twoepochs_eq	0.08902	0.12874	0.21776
SLiM	0.1	0.999	twoepochs_eq	0.08848	0.1288	0.21729
SLiM	0.1	0.999	twoepochs_eq	0.08749	0.12783	0.21532
SLiM	0.1	0.999	twoepochs_eq	0.09007	0.12727	0.21734
SLiM	0.1	0.999	twoepochs_eq	0.08766	0.12826	0.21592
SLiM	0.1	0.999	twoepochs_eq	0.0886	0.1265	0.2151
SLiM	0.1	0.999	twoepochs_eq	0.0901	0.12537	0.21547
SLiM	0.1	0.999	twoepochs_eq	0.08864	0.12775	0.21639
SLiM	0.1	0.999	twoepochs_eq	0.08925	0.12859	0.21784
SLiM	0.1	0.999	twoepochs_eq	0.08999	0.12888	0.21887
SLiM	0.1	0.999	twoepochs_eq	0.09088	0.12795	0.21883
SLiM	0.1	0.999	twoepochs_eq	0.08839	0.1297	0.21809
SLiM	0.1	0.999	twoepochs_eq	0.09008	0.12718	0.21725
SLiM	0.1	0.999	twoepochs_eq	0.08997	0.12722	0.2172
SLiM	0.1	0.999	twoepochs_eq	0.08863	0.12808	0.21672
SLiM	0.1	0.999	twoepochs_eq	0.08955	0.12843	0.21798
SLiM	0.1	0.999	twoepochs_s1	0.08729	0.12511	0.2124
SLiM	0.1	0.999	twoepochs_s1	0.08867	0.12445	0.21313
SLiM	0.1	0.999	twoepochs_s1	0.08861	0.12546	0.21407
SLiM	0.1	0.999	twoepochs_s1	0.08976	0.12485	0.21461
SLiM	0.1	0.999	twoepochs_s1	0.0873	0.12737	0.21467
SLiM	0.1	0.999	twoepochs_s1	0.08648	0.1272	0.21368
SLiM	0.1	0.999	twoepochs_s1	0.08921	0.12531	0.21452
SLiM	0.1	0.999	twoepochs_s1	0.08683	0.12514	0.21197
SLiM	0.1	0.999	twoepochs_s1	0.08748	0.1253	0.21278
SLiM	0.1	0.999	twoepochs_s1	0.08871	0.12484	0.21356
SLiM	0.1	0.999	twoepochs_s1	0.08735	0.12485	0.21221
SLiM	0.1	0.999	twoepochs_s1	0.089	0.12586	0.21485
SLiM	0.1	0.999	twoepochs_s1	0.08765	0.1264	0.21405
SLiM	0.1	0.999	twoepochs_s1	0.08789	0.12656	0.21445
SLiM	0.1	0.999	twoepochs_s1	0.08978	0.12435	0.21413
SLiM	0.1	0.999	twoepochs_s1	0.08974	0.12538	0.21511
SLiM	0.1	0.999	twoepochs_s1	0.0882	0.12637	0.21457
SLiM	0.1	0.999	twoepochs_s1	0.0862	0.12679	0.21299
SLiM	0.1	0.999	twoepochs_s1	0.08835	0.12523	0.21358
SLiM	0.1	0.999	twoepochs_s1	0.09076	0.12506	0.21582
SLiM	0.1	0.999	twoepochs_s1	0.08715	0.12508	0.21223
SLiM	0.1	0.999	twoepochs_s1	0.08763	0.12396	0.21159
SLiM	0.1	0.999	twoepochs_s1	0.08735	0.12676	0.21411
SLiM	0.1	0.999	twoepochs_s1	0.08847	0.12674	0.21522
SLiM	0.1	0.999	twoepochs_s1	0.08857	0.12479	0.21335
SLiM	0.1	0.999	twoepochs_s1	0.08793	0.12575	0.21368
SLiM	0.1	0.999	twoepochs_s1	0.08786	0.12589	0.21375
SLiM	0.1	0.999	twoepochs_s1	0.08902	0.12409	0.21312
SLiM	0.1	0.999	twoepochs_s1	0.0884	0.12503	0.21342
SLiM	0.1	0.999	twoepochs_s1	0.0878	0.12502	0.21282
SLiM	0.1	0.999	twoepochs_s1	0.08754	0.125	0.21254
SLiM	0.1	0.999	twoepochs_s1	0.08813	0.12393	0.21206
SLiM	0.1	0.999	twoepochs_s1	0.08848	0.12473	0.21321
SLiM	0.1	0.999	twoepochs_s1	0.08776	0.12697	0.21474
SLiM	0.1	0.999	twoepochs_s1	0.08897	0.12575	0.21472
SLiM	0.1	0.999	twoepochs_s1	0.08806	0.12437	0.21243
SLiM	0.1	0.999	twoepochs_s1	0.08882	0.12617	0.215
SLiM	0.1	0.999	twoepochs_s1	0.08735	0.12676	0.21411
SLiM	0.1	0.999	twoepochs_s1	0.08889	0.12503	0.21392
SLiM	0.1	0.999	twoepochs_s1	0.08678	0.12402	0.2108
SLiM	0.1	0.999	twoepochs_s1	0.08761	0.12468	0.2123
SLiM	0.1	0.999	twoepochs_s1	0.08708	0.12701	0.21408
SLiM	0.1	0.999	twoepochs_s1	0.08781	0.12469	0.2125
SLiM	0.1	0.999	twoepochs_s1	0.08901	0.12666	0.21567
SLiM	0.1	0.999	twoepochs_s1	0.08864	0.12615	0.21479
SLiM	0.1	0.999	twoepochs_s1	0.08734	0.12531	0.21265
SLiM	0.1	0.999	twoepochs_s1	0.08736	0.12507	0.21244
SLiM	0.1	0.999	twoepochs_s1	0.08701	0.12613	0.21315
SLiM	0.1	0.999	twoepochs_s1	0.08885	0.1255	0.21435
SLiM	0.1	0.999	twoepochs_s1	0.08892	0.12586	0.21478
SLiM	0.1	0.999	twoepochs_s1	0.08755	0.12575	0.21329
SLiM	0.1	0.999	twoepochs_s1	0.08723	0.12554	0.21276
SLiM	0.1	0.999	twoepochs_s1	0.08803	0.12321	0.21125
SLiM	0.1	0.999	twoepochs_s1	0.08818	0.12419	0.21237
SLiM	0.1	0.999	twoepochs_s1	0.08681	0.12483	0.21164
SLiM	0.1	0.999	twoepochs_s1	0.08799	0.1247	0.21268
SLiM	0.1	0.999	twoepochs_s1	0.08781	0.12372	0.21153
SLiM	0.1	0.999	twoepochs_s1	0.08865	0.12556	0.21421
SLiM	0.1	0.999	twoepochs_s1	0.08942	0.12622	0.21564
SLiM	0.1	0.999	twoepochs_s1	0.08867	0.1243	0.21297
SLiM	0.1	0.999	twoepochs_s1	0.08735	0.12526	0.21261
SLiM	0.1	0.999	twoepochs_s1	0.08882	0.12497	0.2138
SLiM	0.1	0.999	twoepochs_s1	0.08786	0.1253	0.21315
SLiM	0.1	0.999	twoepochs_s1	0.08898	0.12512	0.2141
SLiM	0.1	0.999	twoepochs_s1	0.08887	0.12452	0.21339
SLiM	0.1	0.999	twoepochs_s1	0.08766	0.12499	0.21265
SLiM	0.1	0.999	twoepochs_s1	0.0886	0.12493	0.21353
SLiM	0.1	0.999	twoepochs_s1	0.08884	0.12642	0.21526
SLiM	0.1	0.999	twoepochs_s1	0.08648	0.12661	0.21309
SLiM	0.1	0.999	twoepochs_s1	0.08833	0.12564	0.21397
SLiM	0.1	0.999	twoepochs_s1	0.089	0.12658	0.21558
SLiM	0.1	0.999	twoepochs_s1	0.08904	0.12556	0.2146
SLiM	0.1	0.999	twoepochs_s1	0.08922	0.12547	0.21469
SLiM	0.1	0.999	twoepochs_s1	0.08715	0.12517	0.21232
SLiM	0.1	0.999	twoepochs_s1	0.08693	0.12634	0.21327
SLiM	0.1	0.999	twoepochs_s1	0.08804	0.12499	0.21303
SLiM	0.1	0.999	twoepochs_s1	0.08862	0.12463	0.21326
SLiM	0.1	0.999	twoepochs_s1	0.08637	0.12529	0.21166
SLiM	0.1	0.999	twoepochs_s1	0.08692	0.12636	0.21328
SLiM	0.1	0.999	twoepochs_s1	0.08913	0.1264	0.21553
SLiM	0.1	0.999	twoepochs_s1	0.08962	0.12661	0.21623
SLiM	0.1	0.999	twoepochs_s1	0.08943	0.12698	0.21641
SLiM	0.1	0.999	twoepochs_s1	0.08788	0.12404	0.21192
SLiM	0.1	0.999	twoepochs_s1	0.08836	0.12657	0.21493
SLiM	0.1	0.999	twoepochs_s1	0.08782	0.12652	0.21433
SLiM	0.1	0.999	twoepochs_s1	0.08827	0.12561	0.21388
SLiM	0.1	0.999	twoepochs_s1	0.08798	0.12488	0.21286
SLiM	0.1	0.999	twoepochs_s1	0.08786	0.1257	0.21356
SLiM	0.1	0.999	twoepochs_s1	0.0876	0.1251	0.2127
SLiM	0.1	0.999	twoepochs_s1	0.08885	0.12439	0.21323
SLiM	0.1	0.999	twoepochs_s1	0.08893	0.12595	0.21488
SLiM	0.1	0.999	twoepochs_s1	0.08891	0.12538	0.21429
SLiM	0.1	0.999	twoepochs_s1	0.08904	0.12546	0.21449
SLiM	0.1	0.999	twoepochs_s1	0.08823	0.12679	0.21502
SLiM	0.1	0.999	twoepochs_s1	0.08763	0.12709	0.21472
SLiM	0.1	0.999	twoepochs_s1	0.08734	0.12693	0.21427
SLiM	0.1	0.999	twoepochs_s1	0.08973	0.12495	0.21468
SLiM	0.1	0.999	twoepochs_s1	0.08736	0.12502	0.21239
SLiM	0.1	0.999	twoepochs_s1	0.08847	0.12686	0.21533
SLiM	0.1	0.999	twoepochs_s1	0.08781	0.12538	0.21319
SLiM	0.1	0.999	twoepochs_s2	0.08352	0.12225	0.20577
SLiM	0.1	0.999	twoepochs_s2	0.08476	0.12378	0.20854
SLiM	0.1	0.999	twoepochs_s2	0.08523	0.12211	0.20733
SLiM	0.1	0.999	twoepochs_s2	0.08472	0.12213	0.20685
SLiM	0.1	0.999	twoepochs_s2	0.08458	0.12288	0.20746
SLiM	0.1	0.999	twoepochs_s2	0.08539	0.12191	0.20731
SLiM	0.1	0.999	twoepochs_s2	0.08425	0.12147	0.20572
SLiM	0.1	0.999	twoepochs_s2	0.08443	0.1221	0.20653
SLiM	0.1	0.999	twoepochs_s2	0.08451	0.12067	0.20518
SLiM	0.1	0.999	twoepochs_s2	0.08464	0.12169	0.20632
SLiM	0.1	0.999	twoepochs_s2	0.085	0.12225	0.20725
SLiM	0.1	0.999	twoepochs_s2	0.08442	0.12066	0.20508
SLiM	0.1	0.999	twoepochs_s2	0.08444	0.12323	0.20767
SLiM	0.1	0.999	twoepochs_s2	0.08446	0.12244	0.2069
SLiM	0.1	0.999	twoepochs_s2	0.08513	0.12318	0.20831
SLiM	0.1	0.999	twoepochs_s2	0.08474	0.12014	0.20488
SLiM	0.1	0.999	twoepochs_s2	0.08568	0.12179	0.20747
SLiM	0.1	0.999	twoepochs_s2	0.08528	0.12352	0.20879
SLiM	0.1	0.999	twoepochs_s2	0.08428	0.12044	0.20472
SLiM	0.1	0.999	twoepochs_s2	0.0853	0.12261	0.20791
SLiM	0.1	0.999	twoepochs_s2	0.08597	0.12151	0.20747
SLiM	0.1	0.999	twoepochs_s2	0.08345	0.12093	0.20438
SLiM	0.1	0.999	twoepochs_s2	0.08514	0.12099	0.20613
SLiM	0.1	0.999	twoepochs_s2	0.08438	0.12104	0.20542
SLiM	0.1	0.999	twoepochs_s2	0.08515	0.12007	0.20522
SLiM	0.1	0.999	twoepochs_s2	0.08467	0.12066	0.20533
SLiM	0.1	0.999	twoepochs_s2	0.08507	0.1226	0.20767
SLiM	0.1	0.999	twoepochs_s2	0.08506	0.12244	0.2075
SLiM	0.1	0.999	twoepochs_s2	0.08504	0.12237	0.20742
SLiM	0.1	0.999	twoepochs_s2	0.08553	0.12093	0.20646
SLiM	0.1	0.999	twoepochs_s2	0.08333	0.12139	0.20472
SLiM	0.1	0.999	twoepochs_s2	0.08373	0.12215	0.20588
SLiM	0.1	0.999	twoepochs_s2	0.08489	0.12141	0.20629
SLiM	0.1	0.999	twoepochs_s2	0.08454	0.12027	0.20481
SLiM	0.1	0.999	twoepochs_s2	0.08363	0.12228	0.20591
SLiM	0.1	0.999	twoepochs_s2	0.08496	0.12278	0.20774
SLiM	0.1	0.999	twoepochs_s2	0.08425	0.12143	0.20568
SLiM	0.1	0.999	twoepochs_s2	0.08509	0.12261	0.2077
SLiM	0.1	0.999	twoepochs_s2	0.08446	0.12229	0.20674
SLiM	0.1	0.999	twoepochs_s2	0.08401	0.1223	0.20631
SLiM	0.1	0.999	twoepochs_s2	0.08483	0.12067	0.2055
SLiM	0.1	0.999	twoepochs_s2	0.08375	0.12308	0.20683
SLiM	0.1	0.999	twoepochs_s2	0.08435	0.12227	0.20662
SLiM	0.1	0.999	twoepochs_s2	0.08503	0.12257	0.2076
SLiM	0.1	0.999	twoepochs_s2	0.08398	0.122	0.20598
SLiM	0.1	0.999	twoepochs_s2	0.08473	0.12002	0.20475
SLiM	0.1	0.999	twoepochs_s2	0.08524	0.12298	0.20822
SLiM	0.1	0.999	twoepochs_s2	0.0835	0.12208	0.20558
SLiM	0.1	0.999	twoepochs_s2	0.08521	0.12253	0.20774
SLiM	0.1	0.999	twoepochs_s2	0.0846	0.12079	0.20538
SLiM	0.1	0.999	twoepochs_s2	0.08426	0.12127	0.20552
SLiM	0.1	0.999	twoepochs_s2	0.08413	0.12184	0.20597
SLiM	0.1	0.999	twoepochs_s2	0.08635	0.12292	0.20926
SLiM	0.1	0.999	twoepochs_s2	0.08664	0.12012	0.20676
SLiM	0.1	0.999	twoepochs_s2	0.08358	0.12251	0.20609
SLiM	0.1	0.999	twoepochs_s2	0.08475	0.12257	0.20732
SLiM	0.1	0.999	twoepochs_s2	0.08408	0.12352	0.2076
SLiM	0.1	0.999	twoepochs_s2	0.08513	0.1223	0.20743
SLiM	0.1	0.999	twoepochs_s2	0.08427	0.12216	0.20642
SLiM	0.1	0.999	twoepochs_s2	0.08649	0.12173	0.20822
SLiM	0.1	0.999	twoepochs_s2	0.08486	0.12146	0.20632
SLiM	0.1	0.999	twoepochs_s2	0.0847	0.12272	0.20742
SLiM	0.1	0.999	twoepochs_s2	0.08511	0.12246	0.20758
SLiM	0.1	0.999	twoepochs_s2	0.08368	0.12096	0.20464
SLiM	0.1	0.999	twoepochs_s2	0.08347	0.12333	0.2068
SLiM	0.1	0.999	twoepochs_s2	0.08482	0.12247	0.20729
SLiM	0.1	0.999	twoepochs_s2	0.08509	0.1205	0.2056
SLiM	0.1	0.999	twoepochs_s2	0.0826	0.12293	0.20554
SLiM	0.1	0.999	twoepochs_s2	0.08638	0.12194	0.20832
SLiM	0.1	0.999	twoepochs_s2	0.08545	0.12142	0.20687
SLiM	0.1	0.999	twoepochs_s2	0.08317	0.1225	0.20567
SLiM	0.1	0.999	twoepochs_s2	0.08557	0.12005	0.20562
SLiM	0.1	0.999	twoepochs_s2	0.0838	0.12302	0.20683
SLiM	0.1	0.999	twoepochs_s2	0.085	0.12305	0.20805
SLiM	0.1	0.999	twoepochs_s2	0.08525	0.12149	0.20674
SLiM	0.1	0.999	twoepochs_s2	0.08392	0.12339	0.20731
SLiM	0.1	0.999	twoepochs_s2	0.08405	0.12156	0.20561
SLiM	0.1	0.999	twoepochs_s2	0.08563	0.11997	0.2056
SLiM	0.1	0.999	twoepochs_s2	0.08518	0.12178	0.20696
SLiM	0.1	0.999	twoepochs_s2	0.085	0.123	0.208
SLiM	0.1	0.999	twoepochs_s2	0.08393	0.12291	0.20685
SLiM	0.1	0.999	twoepochs_s2	0.08461	0.12313	0.20773
SLiM	0.1	0.999	twoepochs_s2	0.08518	0.12394	0.20912
SLiM	0.1	0.999	twoepochs_s2	0.08519	0.12096	0.20615
SLiM	0.1	0.999	twoepochs_s2	0.0866	0.12212	0.20872
SLiM	0.1	0.999	twoepochs_s2	0.08584	0.12179	0.20763
SLiM	0.1	0.999	twoepochs_s2	0.08556	0.12122	0.20678
SLiM	0.1	0.999	twoepochs_s2	0.08386	0.1221	0.20596
SLiM	0.1	0.999	twoepochs_s2	0.08509	0.12294	0.20802
SLiM	0.1	0.999	twoepochs_s2	0.08451	0.12199	0.20649
SLiM	0.1	0.999	twoepochs_s2	0.08547	0.12329	0.20876
SLiM	0.1	0.999	twoepochs_s2	0.08528	0.12208	0.20736
SLiM	0.1	0.999	twoepochs_s2	0.08417	0.12081	0.20499
SLiM	0.1	0.999	twoepochs_s2	0.08477	0.12147	0.20624
SLiM	0.1	0.999	twoepochs_s2	0.08454	0.12192	0.20646
SLiM	0.1	0.999	twoepochs_s2	0.08391	0.12162	0.20553
SLiM	0.1	0.999	twoepochs_s2	0.08319	0.12093	0.20412
SLiM	0.1	0.999	twoepochs_s2	0.08588	0.12219	0.20807
SLiM	0.1	0.999	twoepochs_s2	0.0861	0.1228	0.2089
SLiM	0.1	0.999	twoepochs_s2	0.08447	0.12252	0.20699
SLiM	0.1	0.999	twoepochs_s3	0.08231	0.11328	0.19559
SLiM	0.1	0.999	twoepochs_s3	0.08095	0.11349	0.19444
SLiM	0.1	0.999	twoepochs_s3	0.08104	0.11514	0.19618
SLiM	0.1	0.999	twoepochs_s3	0.0812	0.11234	0.19354
SLiM	0.1	0.999	twoepochs_s3	0.08192	0.1137	0.19562
SLiM	0.1	0.999	twoepochs_s3	0.08132	0.11466	0.19598
SLiM	0.1	0.999	twoepochs_s3	0.08277	0.1131	0.19586
SLiM	0.1	0.999	twoepochs_s3	0.08271	0.11278	0.1955
SLiM	0.1	0.999	twoepochs_s3	0.08261	0.11345	0.19606
SLiM	0.1	0.999	twoepochs_s3	0.08134	0.11517	0.1965
SLiM	0.1	0.999	twoepochs_s3	0.0822	0.11326	0.19546
SLiM	0.1	0.999	twoepochs_s3	0.08236	0.11386	0.19622
SLiM	0.1	0.999	twoepochs_s3	0.08269	0.11448	0.19718
SLiM	0.1	0.999	twoepochs_s3	0.08281	0.11306	0.19587
SLiM	0.1	0.999	twoepochs_s3	0.08273	0.11292	0.19565
SLiM	0.1	0.999	twoepochs_s3	0.08163	0.1132	0.19483
SLiM	0.1	0.999	twoepochs_s3	0.08325	0.11288	0.19613
SLiM	0.1	0.999	twoepochs_s3	0.08209	0.1136	0.19569
SLiM	0.1	0.999	twoepochs_s3	0.08312	0.11547	0.19859
SLiM	0.1	0.999	twoepochs_s3	0.08195	0.1129	0.19485
SLiM	0.1	0.999	twoepochs_s3	0.08199	0.11353	0.19552
SLiM	0.1	0.999	twoepochs_s3	0.08231	0.11555	0.19786
SLiM	0.1	0.999	twoepochs_s3	0.08104	0.1135	0.19454
SLiM	0.1	0.999	twoepochs_s3	0.082	0.11399	0.19599
SLiM	0.1	0.999	twoepochs_s3	0.08193	0.11392	0.19584
SLiM	0.1	0.999	twoepochs_s3	0.08223	0.11266	0.19489
SLiM	0.1	0.999	twoepochs_s3	0.08195	0.11428	0.19622
SLiM	0.1	0.999	twoepochs_s3	0.08358	0.11335	0.19693
SLiM	0.1	0.999	twoepochs_s3	0.08126	0.1134	0.19466
SLiM	0.1	0.999	twoepochs_s3	0.08107	0.11514	0.19621
SLiM	0.1	0.999	twoepochs_s3	0.08138	0.11337	0.19476
SLiM	0.1	0.999	twoepochs_s3	0.08268	0.11326	0.19595
SLiM	0.1	0.999	twoepochs_s3	0.08249	0.11463	0.19711
SLiM	0.1	0.999	twoepochs_s3	0.08169	0.11373	0.19542
SLiM	0.1	0.999	twoepochs_s3	0.08196	0.1144	0.19636
SLiM	0.1	0.999	twoepochs_s3	0.08181	0.11463	0.19644
SLiM	0.1	0.999	twoepochs_s3	0.08098	0.11404	0.19502
SLiM	0.1	0.999	twoepochs_s3	0.08138	0.11382	0.1952
SLiM	0.1	0.999	twoepochs_s3	0.08122	0.11473	0.19595
SLiM	0.1	0.999	twoepochs_s3	0.08236	0.11452	0.19687
SLiM	0.1	0.999	twoepochs_s3	0.08098	0.11484	0.19582
SLiM	0.1	0.999	twoepochs_s3	0.08307	0.11407	0.19714
SLiM	0.1	0.999	twoepochs_s3	0.08361	0.11213	0.19574
SLiM	0.1	0.999	twoepochs_s3	0.08249	0.11372	0.19622
SLiM	0.1	0.999	twoepochs_s3	0.08245	0.11388	0.19633
SLiM	0.1	0.999	twoepochs_s3	0.08207	0.11594	0.19801
SLiM	0.1	0.999	twoepochs_s3	0.08084	0.11401	0.19484
SLiM	0.1	0.999	twoepochs_s3	0.08025	0.11351	0.19376
SLiM	0.1	0.999	twoepochs_s3	0.08238	0.11469	0.19707
SLiM	0.1	0.999	twoepochs_s3	0.08149	0.11464	0.19613
SLiM	0.1	0.999	twoepochs_s3	0.08227	0.11443	0.1967
SLiM	0.1	0.999	twoepochs_s3	0.08269	0.1152	0.19789
SLiM	0.1	0.999	twoepochs_s3	0.08321	0.11424	0.19745
SLiM	0.1	0.999	twoepochs_s3	0.08226	0.11347	0.19573
SLiM	0.1	0.999	twoepochs_s3	0.08097	0.11406	0.19502
SLiM	0.1	0.999	twoepochs_s3	0.08019	0.11379	0.19397
SLiM	0.1	0.999	twoepochs_s3	0.08272	0.11361	0.19633
SLiM	0.1	0.999	twoepochs_s3	0.08056	0.11471	0.19526
SLiM	0.1	0.999	twoepochs_s3	0.08289	0.11317	0.19606
SLiM	0.1	0.999	twoepochs_s3	0.08103	0.11309	0.19412
SLiM	0.1	0.999	twoepochs_s3	0.08199	0.11345	0.19545
SLiM	0.1	0.999	twoepochs_s3	0.08281	0.11329	0.1961
SLiM	0.1	0.999	twoepochs_s3	0.08106	0.11363	0.19469
SLiM	0.1	0.999	twoepochs_s3	0.08099	0.11488	0.19587
SLiM	0.1	0.999	twoepochs_s3	0.08252	0.1149	0.19742
SLiM	0.1	0.999	twoepochs_s3	0.08174	0.11483	0.19658
SLiM	0.1	0.999	twoepochs_s3	0.0818	0.11352	0.19532
SLiM	0.1	0.999	twoepochs_s3	0.0814	0.11445	0.19585
SLiM	0.1	0.999	twoepochs_s3	0.08095	0.11425	0.19521
SLiM	0.1	0.999	twoepochs_s3	0.08105	0.11443	0.19548
SLiM	0.1	0.999	twoepochs_s3	0.08313	0.1149	0.19803
SLiM	0.1	0.999	twoepochs_s3	0.08233	0.11438	0.19671
SLiM	0.1	0.999	twoepochs_s3	0.08074	0.11351	0.19425
SLiM	0.1	0.999	twoepochs_s3	0.08261	0.11315	0.19576
SLiM	0.1	0.999	twoepochs_s3	0.08213	0.11327	0.1954
SLiM	0.1	0.999	twoepochs_s3	0.08318	0.11438	0.19756
SLiM	0.1	0.999	twoepochs_s3	0.08241	0.11229	0.19471
SLiM	0.1	0.999	twoepochs_s3	0.08144	0.11366	0.1951
SLiM	0.1	0.999	twoepochs_s3	0.0832	0.11456	0.19777
SLiM	0.1	0.999	twoepochs_s3	0.08183	0.11515	0.19697
SLiM	0.1	0.999	twoepochs_s3	0.08251	0.11373	0.19624
SLiM	0.1	0.999	twoepochs_s3	0.08154	0.11236	0.19389
SLiM	0.1	0.999	twoepochs_s3	0.08111	0.11528	0.19639
SLiM	0.1	0.999	twoepochs_s3	0.08188	0.11439	0.19627
SLiM	0.1	0.999	twoepochs_s3	0.08193	0.11341	0.19534
SLiM	0.1	0.999	twoepochs_s3	0.08165	0.11421	0.19586
SLiM	0.1	0.999	twoepochs_s3	0.08083	0.11464	0.19547
SLiM	0.1	0.999	twoepochs_s3	0.08157	0.11327	0.19484
SLiM	0.1	0.999	twoepochs_s3	0.08364	0.11316	0.1968
SLiM	0.1	0.999	twoepochs_s3	0.08164	0.11433	0.19598
SLiM	0.1	0.999	twoepochs_s3	0.0825	0.11425	0.19675
SLiM	0.1	0.999	twoepochs_s3	0.08229	0.11434	0.19664
SLiM	0.1	0.999	twoepochs_s3	0.08045	0.11508	0.19553
SLiM	0.1	0.999	twoepochs_s3	0.08369	0.11278	0.19647
SLiM	0.1	0.999	twoepochs_s3	0.08244	0.1126	0.19504
SLiM	0.1	0.999	twoepochs_s3	0.08222	0.11261	0.19484
SLiM	0.1	0.999	twoepochs_s3	0.08228	0.11541	0.19769
SLiM	0.1	0.999	twoepochs_s3	0.08215	0.11314	0.19529
SLiM	0.1	0.999	twoepochs_s3	0.08104	0.11471	0.19574
SLiM	0.1	0.999	twoepochs_s3	0.08292	0.11259	0.19551
SLiM	0.1	0.999	twoepochs_s4	0.07802	0.10599	0.18401
SLiM	0.1	0.999	twoepochs_s4	0.07661	0.10396	0.18057
SLiM	0.1	0.999	twoepochs_s4	0.07752	0.10574	0.18326
SLiM	0.1	0.999	twoepochs_s4	0.07814	0.1041	0.18224
SLiM	0.1	0.999	twoepochs_s4	0.07683	0.10552	0.18235
SLiM	0.1	0.999	twoepochs_s4	0.07791	0.10236	0.18027
SLiM	0.1	0.999	twoepochs_s4	0.07807	0.10436	0.18243
SLiM	0.1	0.999	twoepochs_s4	0.07737	0.10482	0.18219
SLiM	0.1	0.999	twoepochs_s4	0.07622	0.10438	0.1806
SLiM	0.1	0.999	twoepochs_s4	0.0777	0.10501	0.18271
SLiM	0.1	0.999	twoepochs_s4	0.07643	0.10489	0.18133
SLiM	0.1	0.999	twoepochs_s4	0.07792	0.10438	0.1823
SLiM	0.1	0.999	twoepochs_s4	0.07778	0.10557	0.18335
SLiM	0.1	0.999	twoepochs_s4	0.07671	0.10629	0.183
SLiM	0.1	0.999	twoepochs_s4	0.07702	0.10389	0.18091
SLiM	0.1	0.999	twoepochs_s4	0.07792	0.10474	0.18266
SLiM	0.1	0.999	twoepochs_s4	0.07677	0.10514	0.18191
SLiM	0.1	0.999	twoepochs_s4	0.0773	0.10686	0.18416
SLiM	0.1	0.999	twoepochs_s4	0.07695	0.10459	0.18153
SLiM	0.1	0.999	twoepochs_s4	0.07796	0.10485	0.1828
SLiM	0.1	0.999	twoepochs_s4	0.07737	0.10538	0.18275
SLiM	0.1	0.999	twoepochs_s4	0.07784	0.10568	0.18351
SLiM	0.1	0.999	twoepochs_s4	0.07835	0.10405	0.1824
SLiM	0.1	0.999	twoepochs_s4	0.07707	0.10461	0.18168
SLiM	0.1	0.999	twoepochs_s4	0.07735	0.10346	0.18081
SLiM	0.1	0.999	twoepochs_s4	0.07849	0.10448	0.18297
SLiM	0.1	0.999	twoepochs_s4	0.0777	0.10579	0.18349
SLiM	0.1	0.999	twoepochs_s4	0.07708	0.10399	0.18107
SLiM	0.1	0.999	twoepochs_s4	0.07733	0.10595	0.18328
SLiM	0.1	0.999	twoepochs_s4	0.07691	0.1049	0.18181
SLiM	0.1	0.999	twoepochs_s4	0.07782	0.10606	0.18388
SLiM	0.1	0.999	twoepochs_s4	0.07597	0.10329	0.17926
SLiM	0.1	0.999	twoepochs_s4	0.07689	0.10271	0.17961
SLiM	0.1	0.999	twoepochs_s4	0.07772	0.10517	0.18289
SLiM	0.1	0.999	twoepochs_s4	0.07907	0.10456	0.18364
SLiM	0.1	0.999	twoepochs_s4	0.07699	0.10592	0.18291
SLiM	0.1	0.999	twoepochs_s4	0.07724	0.10621	0.18345
SLiM	0.1	0.999	twoepochs_s4	0.07746	0.10443	0.18189
SLiM	0.1	0.999	twoepochs_s4	0.07798	0.10445	0.18243
SLiM	0.1	0.999	twoepochs_s4	0.0787	0.10434	0.18305
SLiM	0.1	0.999	twoepochs_s4	0.07663	0.10553	0.18215
SLiM	0.1	0.999	twoepochs_s4	0.07755	0.10491	0.18246
SLiM	0.1	0.999	twoepochs_s4	0.07822	0.1047	0.18292
SLiM	0.1	0.999	twoepochs_s4	0.07881	0.10425	0.18305
SLiM	0.1	0.999	twoepochs_s4	0.07662	0.10341	0.18003
SLiM	0.1	0.999	twoepochs_s4	0.07738	0.10505	0.18243
SLiM	0.1	0.999	twoepochs_s4	0.07786	0.10448	0.18234
SLiM	0.1	0.999	twoepochs_s4	0.07675	0.10417	0.18092
SLiM	0.1	0.999	twoepochs_s4	0.07797	0.10518	0.18314
SLiM	0.1	0.999	twoepochs_s4	0.0769	0.10552	0.18241
SLiM	0.1	0.999	twoepochs_s4	0.0774	0.10578	0.18318
SLiM	0.1	0.999	twoepochs_s4	0.07841	0.10428	0.18268
SLiM	0.1	0.999	twoepochs_s4	0.07778	0.10474	0.18252
SLiM	0.1	0.999	twoepochs_s4	0.07764	0.10389	0.18153
SLiM	0.1	0.999	twoepochs_s4	0.07763	0.105	0.18264
SLiM	0.1	0.999	twoepochs_s4	0.07754	0.10422	0.18176
SLiM	0.1	0.999	twoepochs_s4	0.0784	0.10647	0.18487
SLiM	0.1	0.999	twoepochs_s4	0.07582	0.10504	0.18087
SLiM	0.1	0.999	twoepochs_s4	0.07544	0.10365	0.17909
SLiM	0.1	0.999	twoepochs_s4	0.07818	0.10565	0.18383
SLiM	0.1	0.999	twoepochs_s4	0.07824	0.10493	0.18318
SLiM	0.1	0.999	twoepochs_s4	0.07782	0.10355	0.18137
SLiM	0.1	0.999	twoepochs_s4	0.07862	0.10319	0.18181
SLiM	0.1	0.999	twoepochs_s4	0.08006	0.1048	0.18485
SLiM	0.1	0.999	twoepochs_s4	0.07694	0.10457	0.18151
SLiM	0.1	0.999	twoepochs_s4	0.07705	0.10529	0.18235
SLiM	0.1	0.999	twoepochs_s4	0.07819	0.1049	0.18309
SLiM	0.1	0.999	twoepochs_s4	0.07769	0.10409	0.18178
SLiM	0.1	0.999	twoepochs_s4	0.07748	0.10501	0.18249
SLiM	0.1	0.999	twoepochs_s4	0.07863	0.10427	0.18289
SLiM	0.1	0.999	twoepochs_s4	0.07828	0.10414	0.18241
SLiM	0.1	0.999	twoepochs_s4	0.07629	0.10607	0.18236
SLiM	0.1	0.999	twoepochs_s4	0.07736	0.10338	0.18075
SLiM	0.1	0.999	twoepochs_s4	0.07643	0.10511	0.18154
SLiM	0.1	0.999	twoepochs_s4	0.07628	0.10375	0.18003
SLiM	0.1	0.999	twoepochs_s4	0.07724	0.10471	0.18195
SLiM	0.1	0.999	twoepochs_s4	0.07735	0.10346	0.18081
SLiM	0.1	0.999	twoepochs_s4	0.0773	0.10455	0.18185
SLiM	0.1	0.999	twoepochs_s4	0.07682	0.10514	0.18196
SLiM	0.1	0.999	twoepochs_s4	0.07723	0.10511	0.18235
SLiM	0.1	0.999	twoepochs_s4	0.07673	0.10474	0.18147
SLiM	0.1	0.999	twoepochs_s4	0.07694	0.10565	0.1826
SLiM	0.1	0.999	twoepochs_s4	0.07672	0.10498	0.1817
SLiM	0.1	0.999	twoepochs_s4	0.07727	0.10487	0.18214
SLiM	0.1	0.999	twoepochs_s4	0.07704	0.10454	0.18158
SLiM	0.1	0.999	twoepochs_s4	0.07733	0.10488	0.18221
SLiM	0.1	0.999	twoepochs_s4	0.07827	0.1048	0.18307
SLiM	0.1	0.999	twoepochs_s4	0.07817	0.10476	0.18292
SLiM	0.1	0.999	twoepochs_s4	0.07753	0.10306	0.18059
SLiM	0.1	0.999	twoepochs_s4	0.07588	0.10497	0.18084
SLiM	0.1	0.999	twoepochs_s4	0.07738	0.10609	0.18347
SLiM	0.1	0.999	twoepochs_s4	0.0766	0.10431	0.18091
SLiM	0.1	0.999	twoepochs_s4	0.07641	0.10481	0.18122
SLiM	0.1	0.999	twoepochs_s4	0.07774	0.10509	0.18282
SLiM	0.1	0.999	twoepochs_s4	0.07672	0.10519	0.18191
SLiM	0.1	0.999	twoepochs_s4	0.07789	0.10447	0.18236
SLiM	0.1	0.999	twoepochs_s4	0.07747	0.10518	0.18265
SLiM	0.1	0.999	twoepochs_s4	0.07678	0.10446	0.18124
SLiM	0.1	0.999	twoepochs_s4	0.07781	0.1043	0.18211
SLiM	0.1	0.999	twoepochs_s4	0.0769	0.10559	0.18249
